h3_id,year,crop_id,area_ha,mean_confidence
8426125ffffffff,2022,42,9.1079790443182,37.188559337385783
8426125ffffffff,2022,51,0.52733217179775238,27.99392476341929
8426125ffffffff,2022,53,3.0975481274373391,41.466664028910877
844441dffffffff,2022,53,0.53807168453931808,81.287153563522182
8444f49ffffffff,2022,53,12.622675344347954,36.875674004038963
8448dbbffffffff,2022,42,1.227398544549942,38.177143129817189
842741dffffffff,2022,42,0.38293858617544174,26.332881356235589
842741dffffffff,2022,53,0.0637037456035614,24
8448803ffffffff,2022,42,0.079034864902496338,23
8427ae1ffffffff,2022,51,290.77454319777439,61.448571767660084
8427ae1ffffffff,2022,52,4501.4945777370212,70.155064235228636
8427ae1ffffffff,2022,53,3724.5746030815671,68.088850792090213
84281b7ffffffff,2022,42,1.2878153398633003,53.028982690993963
84281b7ffffffff,2022,53,0.25734011083841324,30.001116312708266
8428a13ffffffff,2022,53,0.066267795860767365,42
84279d3ffffffff,2022,51,2.73068333577876,26.533672996583213
84279d3ffffffff,2022,52,5.7976844981312752,33.490872792043476
84279d3ffffffff,2022,53,6.1313590401235754,37.05798161358976
8427487ffffffff,2022,42,15.390212289988995,28.771010859051096
8427487ffffffff,2022,53,7.6395780146121979,22.592787717165066
8428955ffffffff,2022,51,0.89602848142385483,28.143218299221722
842a90bffffffff,2022,42,5.1640051752328873,46.502574703963582
8426c8dffffffff,2022,42,0.074706122279167175,34
8426c8dffffffff,2022,53,1.4170702770352364,41.368219680257866
8428829ffffffff,2022,42,0.32064332067966461,53.195331779998789
8426a3bffffffff,2022,42,704.73896235972643,71.139563299619113
8426243ffffffff,2022,42,1367.5535636884033,70.121109143823816
8426243ffffffff,2022,53,19.210311036556959,29.920274973214447
8426193ffffffff,2022,42,0.068916745483875275,15
8426193ffffffff,2022,53,3.8520257771015167,38.947123658779709
842aaabffffffff,2022,42,0.77150242775678635,40.54545237257657
8426ca9ffffffff,2022,42,0.30005883425474167,46.749904322264811
8426ca9ffffffff,2022,53,28.446110345423222,58.387531398175014
8444e3bffffffff,2022,53,1.3004602491855621,37.705982371748412
84270e3ffffffff,2022,42,1.5481819845736027,32.496307373106866
84270e3ffffffff,2022,53,0.059450630098581314,19
842615bffffffff,2022,51,4.0934463515877724,30.97444629406877
842615bffffffff,2022,52,105.96934211365148,75.0105102618546
842615bffffffff,2022,53,8.6379417301977384,28.9191735428656
8448c59ffffffff,2022,42,0.83915968984365463,37.911891489191248
8426f4bffffffff,2022,53,0.69236742705106735,31.094039994390066
8444c49ffffffff,2022,42,49.089314080774784,62.573640859896713
8444c49ffffffff,2022,53,83.289745569229126,55.514588147907439
8426a53ffffffff,2022,51,0.32731082290410995,34.994560277198872
8429b63ffffffff,2022,42,0.074192464351654053,36
8426b3bffffffff,2022,42,0.80432161688804626,33.335591420140872
84489edffffffff,2022,42,1.2475866228342056,38.687586490158552
84489edffffffff,2022,51,0.07808355987071991,29
8426dd5ffffffff,2022,53,2.0946303531527519,28.85004697379647
84275d9ffffffff,2022,42,112.9257036074996,60.7064064977186
84275d9ffffffff,2022,53,51.738103299777876,36.602096146139523
8426a13ffffffff,2022,42,848.86144138583359,73.254949870635656
8426a13ffffffff,2022,51,0.26716761291027069,25
8426a13ffffffff,2022,53,0.19979405403137207,22.320654190886124
842810dffffffff,2022,53,1.0928765907883644,38.750589632107889
8444ee1ffffffff,2022,53,0.075895898044109344,45
84288dbffffffff,2022,42,0.50359728187322617,25.623117506927592
84288dbffffffff,2022,52,0.12619315832853317,34.999452334924236
84288dbffffffff,2022,53,0.94230873137712479,27.468039886953687
842758bffffffff,2022,42,23.520984253024352,41.390853377562067
842758bffffffff,2022,53,28.190428085625172,33.811010833043376
8444e67ffffffff,2022,53,1.1642966493964195,47.799306262752872
8426e85ffffffff,2022,53,0.21813874691724777,28.997911748810637
842ab13ffffffff,2022,42,0.067784763872623444,40
8426695ffffffff,2022,53,0.49957961589097977,36.285726749306562
8426c15ffffffff,2022,42,0.36647428572177887,24.798708330390504
8426c15ffffffff,2022,53,16.45373647660017,76.6865441971836
8426159ffffffff,2022,51,546.89974130742689,83.286459531550079
8426159ffffffff,2022,52,249.11886379788905,71.46059869230902
8426159ffffffff,2022,53,57.282687544822693,75.150760876383657
8444ebbffffffff,2022,53,0.074370548129081726,33
84288d5ffffffff,2022,42,544.60131587815636,35.58766965776087
84288d5ffffffff,2022,53,1537.427871789228,55.131342081390621
8426353ffffffff,2022,42,57.789941642360361,39.030884750184256
8426353ffffffff,2022,53,2.0622682757675648,26.45728456878668
8444e07ffffffff,2022,42,0.84756337106227875,20.636132121837903
8444e07ffffffff,2022,53,4.7767512202262878,35.97070136571373
84278d7ffffffff,2022,51,10.98959996253252,32.892321476641165
84278d7ffffffff,2022,53,0.31357351690530777,24.995812496101838
8444ec3ffffffff,2022,53,12.635341748595238,56.394209849713427
8426219ffffffff,2022,42,276.28557224691497,61.41752733600191
8426219ffffffff,2022,53,144.24322278359358,46.298360697088604
8429ab9ffffffff,2022,42,39.795151509344578,31.666853442777864
8429ab9ffffffff,2022,51,3.8858850747346878,37.408370703752844
8429ab9ffffffff,2022,53,0.14393235743045807,32.499911948655452
84268a9ffffffff,2022,42,0.28275927901268005,17
84268a9ffffffff,2022,53,22.205251269042492,38.101942583281335
8427ad7ffffffff,2022,42,43.067243602755028,31.989953971015403
8427ad7ffffffff,2022,51,1.9714883528649807,33.06087625146472
8427ad7ffffffff,2022,52,0.47964374721050262,22.12363142630468
8427ad7ffffffff,2022,53,391.97409664556096,47.637785509976808
8427aa9ffffffff,2022,51,239.98051169416772,68.4931021496432
8427aa9ffffffff,2022,52,3458.3169467969706,79.7903844781463
8427aa9ffffffff,2022,53,2128.6925704258474,73.5433782545439
8427443ffffffff,2022,42,43.661443598568439,45.382665761988129
8426621ffffffff,2022,42,0.8222389817237854,40.668172644983308
842674dffffffff,2022,53,0.066654831171035767,20
842a121ffffffff,2022,42,32.47349938849608,38.026395539432855
8428865ffffffff,2022,42,0.6457965224981308,23.599537604648745
844890bffffffff,2022,51,0.07915564626455307,30
842898bffffffff,2022,42,0.12291128188371658,29
842898bffffffff,2022,53,0.18441886827349663,27.665862215569906
8427481ffffffff,2022,42,35.438422614861935,29.224446174500404
8427481ffffffff,2022,53,9.0411649718880653,24.729473852145343
8428851ffffffff,2022,42,152.34222306948084,50.243582106346004
8428851ffffffff,2022,51,0.064809001982212067,21
8428851ffffffff,2022,53,220.75927192177261,58.773993067259042
842a961ffffffff,2022,42,0.067947030067443848,23
8426105ffffffff,2022,53,1539.4435380712735,88.177914216948281
8429a0bffffffff,2022,42,0.59560921043157578,53.124666262995547
842a895ffffffff,2022,53,0.79574033617973328,27.004216859798923
84278cdffffffff,2022,42,0.43008227273821831,41.435484455080989
84278cdffffffff,2022,51,158.94161352515221,61.278201256821227
84278cdffffffff,2022,52,1920.1279300505187,72.385231118523777
84278cdffffffff,2022,53,1796.6454831059073,64.820106728965271
8427553ffffffff,2022,42,21.283632814884186,36.598119228037085
8427553ffffffff,2022,53,9.45002726745956,30.13155032751563
842a801ffffffff,2022,42,0.0691145732998848,36
84261e5ffffffff,2022,42,0.20153163373470306,30.329556401802083
84261e5ffffffff,2022,53,0.1346353143453598,29
8444f19ffffffff,2022,42,1.8511312529444695,24.707861291585264
8444f19ffffffff,2022,53,8.8016750978488538,31.565188145687191
8444c03ffffffff,2022,42,0.074945069849491119,25
842aa9bffffffff,2022,42,29.831560723483562,69.719110414211045
8444c21ffffffff,2022,42,0.45075899362564087,22.665587325111957
8444c21ffffffff,2022,53,3.4549422487616539,39.998839479892993
842635dffffffff,2022,42,132.96792539340609,42.694152429325044
842635dffffffff,2022,53,0.12394460290670395,29
8444c33ffffffff,2022,42,0.074100837111473083,24
84269c7ffffffff,2022,42,1.1920446828007698,40.708253506927768
8444c0dffffffff,2022,42,0.68053348362445831,27.887417303445563
8444c0dffffffff,2022,53,4.0197444347189926,34.417373079810751
8427ad3ffffffff,2022,42,98.05373283095804,53.068990678716368
8427ad3ffffffff,2022,53,222.26571174943271,52.221758853578272
842aa49ffffffff,2022,42,159.93312610343975,63.43227644373502
84279d1ffffffff,2022,42,0.12526309490203857,28
84279d1ffffffff,2022,51,4.1383727118372917,32.411514931317441
84279d1ffffffff,2022,52,7.4644180461764336,33.118058817504306
84279d1ffffffff,2022,53,6.146231934428215,36.899660270224565
8427081ffffffff,2022,42,0.11925754696130753,24
8426191ffffffff,2022,53,0.61724093556404114,24.888889709702045
8426d39ffffffff,2022,42,0.73550574481487274,19.701099020431045
8426149ffffffff,2022,51,0.12794201076030731,23
8426149ffffffff,2022,53,2.8784377351403236,31.843475484832268
842aa15ffffffff,2022,42,38.267739203484624,50.30288642523665
84288cbffffffff,2022,51,0.06326795369386673,36
84288cbffffffff,2022,53,2.5291619971394539,38.049247887613625
842ad09ffffffff,2022,42,0.36951443815932555,25.8181810469138
8426d19ffffffff,2022,53,4.4597628712654114,35.333005524882552
8428101ffffffff,2022,53,5.4936368465423584,49.697287714180241
842b8c9ffffffff,2022,42,0.44692123681306839,40.974650958386043
84275c5ffffffff,2022,42,8538.9234665177028,65.85216155434712
84275c5ffffffff,2022,53,1575.2821744809257,67.239781888012075
8426d87ffffffff,2022,53,30.69664105247049,35.8656390720903
8426de5ffffffff,2022,42,0.66950353980064392,30.556006547306364
8426de5ffffffff,2022,53,0.59606839716434479,28.004801160697259
8428839ffffffff,2022,51,0.12751069664955139,24
8428839ffffffff,2022,52,0.0634106993675232,18
8428839ffffffff,2022,53,0.063461661338806152,29
84288adffffffff,2022,42,0.0616893544793129,24
84288adffffffff,2022,51,19789.005620946991,84.288964293423291
84288adffffffff,2022,52,1489.940534373738,61.710664553304582
84288adffffffff,2022,53,3147.3040829059983,66.874586542094349
84276b3ffffffff,2022,42,16526.020106187956,86.646762194089447
84276b3ffffffff,2022,53,12.407833799807465,73.337586046033834
842aac7ffffffff,2022,42,11.693344958126545,39.946780351811135
8426133ffffffff,2022,42,3.077543593943119,26.808532428809428
8426133ffffffff,2022,53,0.53490110486745834,25.122128427993005
84489a7ffffffff,2022,42,2.3723974600434303,40.449622066821853
84489a7ffffffff,2022,53,0.076622575521469116,26
8426759ffffffff,2022,42,75.26816313713789,49.791056405253329
8426c51ffffffff,2022,42,15.018069490790367,64.985610162663178
8426c51ffffffff,2022,53,47.627425327897072,61.20258299709581
8426037ffffffff,2022,42,0.133779838681221,36
8444e1dffffffff,2022,42,2.463693268597126,39.313013409179526
8444e1dffffffff,2022,53,9.1617760062217712,61.897702001628467
8444d33ffffffff,2022,42,8.19956586509943,63.437763245050704
8444d33ffffffff,2022,53,180.59727746993303,66.610320460463768
8448b37ffffffff,2022,42,0.47931676357984543,40.833532555170493
8448b37ffffffff,2022,51,0.56002990901470184,31.721387912626707
8448db5ffffffff,2022,42,1.1510829329490662,61.793893813354174
8444c43ffffffff,2022,42,6.2250606790184975,26.269925646599457
8444c43ffffffff,2022,53,28.869978681206703,46.140436797787068
84488e3ffffffff,2022,53,0.0775054395198822,22
8426c03ffffffff,2022,42,4.6043194308876991,37.2398029627735
8426c03ffffffff,2022,53,3.5898278515128528,42.042783090222642
84276e1ffffffff,2022,42,0.87592872232198715,29.71499671207873
844883bffffffff,2022,53,0.39174951612949371,31.398259595475292
842674bffffffff,2022,42,0.066940031945705414,35
8429b55ffffffff,2022,52,0.59536224603652954,32.000067702715945
8427907ffffffff,2022,51,1.5287964679300785,34.641039800712882
8427907ffffffff,2022,52,3.1182583160698414,28.901173663481494
8427907ffffffff,2022,53,12.536187440156937,33.672857196205534
842aa65ffffffff,2022,42,213.25833325833082,69.227227746579288
842aa65ffffffff,2022,53,13.38475240021944,34.69389108059535
8428369ffffffff,2022,42,203.01188619130969,56.482054185715917
8428369ffffffff,2022,51,0.78493167459964752,22.723815816018845
8428d25ffffffff,2022,42,1.8424770114322504,26.06814653828825
8428d25ffffffff,2022,53,2.0181860439479351,23.617561543409114
8428805ffffffff,2022,42,0.064157187938690186,22
8428805ffffffff,2022,51,0.32160009443759918,23.400709852931236
8428805ffffffff,2022,53,0.12825553119182587,23.499987452194897
8427193ffffffff,2022,42,4306.5575825671649,78.703687866867881
8427193ffffffff,2022,53,2.3469064580167043,27.923587852985044
8426f09ffffffff,2022,53,111.75364082739047,83.842224809500436
8427997ffffffff,2022,42,0.44891563057899475,47.2777052698749
84278c3ffffffff,2022,42,0.87040926143527031,41.005396306344636
84278c3ffffffff,2022,51,336.11721095442772,77.355234285717358
84278c3ffffffff,2022,52,27.856712874025106,31.46448730831538
84278c3ffffffff,2022,53,774.04697632417083,66.705611055978039
84268dbffffffff,2022,42,0.21073239296674728,23.334188562921195
84268dbffffffff,2022,53,24.78787887096405,33.109251790320627
8426c45ffffffff,2022,53,0.50287578999996185,45.858774164771042
8428333ffffffff,2022,42,0.000815641792381511,24
8428333ffffffff,2022,53,0.069309428334236145,21
8427843ffffffff,2022,51,501.1329947412014,73.879158794693524
8427843ffffffff,2022,52,9132.5032443979489,80.744917411395718
8427843ffffffff,2022,53,3910.6286315510365,82.92620167022794
8428961ffffffff,2022,42,0.57765188813209534,47.330091216012811
8429b5dffffffff,2022,52,1.2702909409999847,33.119778553300073
8428845ffffffff,2022,42,0.84993615746498108,39.689820567776884
8428845ffffffff,2022,51,0.13028128445148468,26
84279a1ffffffff,2022,42,12.355261199176311,39.890565954501923
84279a1ffffffff,2022,51,1.3352271839976311,43.001583668124148
84279a1ffffffff,2022,52,0.19083255529403687,20.666557269573492
84279a1ffffffff,2022,53,1.9081116393208504,46.266683149395909
8428137ffffffff,2022,53,0.0663275271654129,26
84260cdffffffff,2022,42,0.46440287679433823,48.995396070266622
8426a1bffffffff,2022,42,6.5600830391049385,31.577048499193747
8426a1bffffffff,2022,51,0.1322430819272995,26.496947496603539
8426a1bffffffff,2022,53,0.79205682102371666,25.89921349825665
8426d33ffffffff,2022,42,3.2670472785830498,26.02118025053306
8426d33ffffffff,2022,53,32.707587279379368,43.738147052390765
8427513ffffffff,2022,42,570.4473628722277,72.199061918791671
8427513ffffffff,2022,53,103.66692473423832,64.04699020291639
8427983ffffffff,2022,42,1.4645679220557213,38.044328196584907
8427983ffffffff,2022,51,2.7272063791751862,25.935654434553232
8427983ffffffff,2022,52,4.6913637146353722,26.230163731451523
8427983ffffffff,2022,53,9.2054260894656181,31.808753566456375
84271a5ffffffff,2022,42,2061.3114788251764,72.274735094085742
84271a5ffffffff,2022,52,0.060224708169698715,35
84271a5ffffffff,2022,53,354.51738824907181,61.531480857519092
8426acbffffffff,2022,42,0.86866359412670135,27.612482476421189
8426acbffffffff,2022,53,0.66844528913497925,25.600131560045874
84266e5ffffffff,2022,42,19.002565145492554,41.673769730159776
8444c07ffffffff,2022,42,1.2021766677498817,27.126547704247312
8444c07ffffffff,2022,53,1.9459152773899191,44.5954249896992
8428f47ffffffff,2022,42,8.7027182299424624,45.155856786846179
8428f47ffffffff,2022,53,0.70113401114940643,42.286247080297251
842a16bffffffff,2022,42,0.13454220443964005,33.995018869529424
842a16bffffffff,2022,53,0.1344245970249176,65.499824965564
842746bffffffff,2022,42,0.12506784498691559,24
842746bffffffff,2022,53,0.37459919974207878,50.165627128453288
8427865ffffffff,2022,51,15.595948632032263,28.339511840553662
8427865ffffffff,2022,52,641.12820073174794,54.701753577574522
8427865ffffffff,2022,53,833.06369386030474,39.319206208274352
842718dffffffff,2022,42,1837.4270121944594,69.4980894360362
842718dffffffff,2022,53,1944.7984040041763,72.060719284083291
8428a8bffffffff,2022,53,0.1299879401922226,45
84275b9ffffffff,2022,42,2.451730988919735,30.350618216699743
84275b9ffffffff,2022,53,1.9215817227959633,28.242403707803362
84276a7ffffffff,2022,42,12.408674297350293,42.777529585667928
84276a7ffffffff,2022,53,0.38560813665390015,33.008710503288462
842aae9ffffffff,2022,42,40.147568745998775,46.519212985434685
842753bffffffff,2022,42,1.0264934375882149,44.316904846883709
842753bffffffff,2022,53,0.96145632863044739,36.798972662791229
8426c3dffffffff,2022,42,79.340476796031,53.003962394407765
8426c3dffffffff,2022,53,428.70711827546944,59.552298059180039
8427939ffffffff,2022,51,34.7063346542418,70.685003673650272
8427939ffffffff,2022,52,1.635703329581256,32.32150415482625
8427939ffffffff,2022,53,22.539825348132382,38.290091571848777
84275ebffffffff,2022,42,1871.6155535654402,61.926339031741811
84275ebffffffff,2022,53,150.05256890505552,36.933817029982393
8426189ffffffff,2022,42,0.067385561764240265,23
8426189ffffffff,2022,53,1.7567847147583961,29.843243110900112
8427899ffffffff,2022,51,382.23298433423042,86.154076315050432
8427899ffffffff,2022,53,79.5602981671691,51.169145688967518
842681bffffffff,2022,42,11.562178269028664,35.498194713234327
8444c9dffffffff,2022,42,23.781814232468605,74.852517295248788
8429b6dffffffff,2022,42,0.07468152791261673,34
8444411ffffffff,2022,53,0.68935561180114746,29.776429475227463
8428809ffffffff,2022,42,3.3038063645362854,33.822664541779666
8428809ffffffff,2022,51,0.32416772097349167,17.799823967677533
8428809ffffffff,2022,53,13.80366063863039,33.629546633941
8427847ffffffff,2022,51,10.388038468872216,32.971006342958461
8427847ffffffff,2022,52,1476.4591981972987,79.76766311463075
8427847ffffffff,2022,53,546.15629610419273,64.071397097454309
84278d3ffffffff,2022,42,0.062592819333076477,21
84278d3ffffffff,2022,51,3.6452647210920559,36.010828347815334
84278d3ffffffff,2022,53,0.752158559858799,22.823619083067882
84269b3ffffffff,2022,42,1594.3174497527821,88.12538921948763
8448ea1ffffffff,2022,42,7.0845074653625488,59.955462128302813
8427909ffffffff,2022,51,2742.443744097402,67.104247305313123
8427909ffffffff,2022,52,1229.2579252272117,48.992043544627982
8427909ffffffff,2022,53,5409.0802063104138,56.850448255503473
8444c2dffffffff,2022,53,0.98157721757888794,46.613955578631774
842743dffffffff,2022,42,207.30316658735859,61.677497404433815
842743dffffffff,2022,53,3.7678898676937704,39.287187437679592
842b99bffffffff,2022,42,69.464553892612457,60.285821112990568
842b99bffffffff,2022,52,0.065508082509040833,39
842b99bffffffff,2022,53,0.91773264855146408,34.361516157803834
8426d8dffffffff,2022,53,0.37305270135402679,57.3997390987541
84260c5ffffffff,2022,42,1.2705309838056564,52.481298841968169
842620bffffffff,2022,42,364.05417925050739,54.897853637138155
842620bffffffff,2022,53,25.2935860902071,32.689820813750345
8427685ffffffff,2022,42,568.91207057868746,60.309588893367433
8427685ffffffff,2022,53,0.1268954873085022,17
8426d15ffffffff,2022,53,0.14702174067497253,23.99999675668948
8426603ffffffff,2022,53,1.508656345307827,32.087314743177892
8427187ffffffff,2022,42,8035.8070238893088,74.719522264345954
8427187ffffffff,2022,53,18.950928991068814,40.276466136920632
842a90dffffffff,2022,42,0.27383126318454742,33.493230350384906
84278a5ffffffff,2022,42,0.12683353573083878,35.498894662606432
84278a5ffffffff,2022,51,3.7385518550872803,44.863017500165647
84278a5ffffffff,2022,52,12.623791635036469,34.474437804045543
84278a5ffffffff,2022,53,9.0607299506664276,37.45825391251342
842ba93ffffffff,2022,42,0.19342915713787079,30.001493435194458
8427931ffffffff,2022,51,187.16952142651175,69.035862264051488
8427931ffffffff,2022,52,3.2218024730682373,29.269588275469374
8427931ffffffff,2022,53,60.895163351940162,66.155535243076713
8428a3bffffffff,2022,53,0.066124685108661652,21
8448e89ffffffff,2022,42,1.2971270009875298,36.118083477379585
8426dd1ffffffff,2022,53,1.8684645444154739,35.639387141770904
8444c8bffffffff,2022,42,0.29278016090393066,48.499926252576323
8426c27ffffffff,2022,53,4.4057775363326073,34.953251207160271
84268b5ffffffff,2022,42,0.2153545469045639,24.333332180106293
84489d5ffffffff,2022,53,2.4788213074207306,45.380927805961377
842aa61ffffffff,2022,42,547.71112428219885,72.3106392064919
842aa61ffffffff,2022,53,185.78736421465874,64.226978196148153
8444d3dffffffff,2022,53,0.30048563331365585,27.497382489614125
842813dffffffff,2022,53,0.2011425569653511,37
8426b09ffffffff,2022,42,1.7691868469119072,38.810464613650346
842a151ffffffff,2022,42,0.81499738991260529,41.4168974845644
84275a7ffffffff,2022,53,0.46503502875566483,22.856945849333851
842814bffffffff,2022,42,2.2830309793353081,41.3935726596395
842814bffffffff,2022,53,0.7602272555232048,43.376231647710526
8429a97ffffffff,2022,42,3.0828219652175903,40.553962335442144
8429a97ffffffff,2022,51,4.4447827935218811,26.222595901486262
8429a97ffffffff,2022,53,0.14330052584409714,17.501713289296561
8426cbdffffffff,2022,42,0.30249390006065369,45.253007533686414
8426cbdffffffff,2022,53,0.15129706263542175,32.498634936524546
84298ddffffffff,2022,42,0.77464424880111915,35.002500321627615
8427901ffffffff,2022,51,271.76999861839062,53.550767153323292
8427901ffffffff,2022,52,451.75056198622076,59.75334025369289
8427901ffffffff,2022,53,738.99447207734261,59.874926922105907
8426b49ffffffff,2022,42,2.8347820267081261,38.455913873160235
8428a91ffffffff,2022,42,0.12876640260219574,20.4999989006369
8428a91ffffffff,2022,53,0.58101565390825272,20.11891256358582
842746dffffffff,2022,53,19.870861385017633,42.272837766009495
8427447ffffffff,2022,42,0.062543243169784546,35
8427447ffffffff,2022,53,1.0569222867488861,42.700181441673934
8429a81ffffffff,2022,42,0.72433103621006012,32.912880605956509
8429a81ffffffff,2022,51,37.0513547637299,38.75412593211616
8429a81ffffffff,2022,53,0.072448417544364929,22
8427733ffffffff,2022,53,10.372928898781538,42.236528033742005
84445dbffffffff,2022,53,0.52764471620321274,72.278051462684417
8426cb9ffffffff,2022,42,0.98336347192525864,35.153179269999484
8426dadffffffff,2022,53,10.532451905310154,30.349857071462516
8426b27ffffffff,2022,42,0.66884323954582214,32.81157341900947
8444eebffffffff,2022,53,0.37909652292728424,22.401819019629816
8428d43ffffffff,2022,42,0.74121311822650471,32.8902262587042
8426c6dffffffff,2022,53,1.0771500766277313,48.599785563846261
842af6bffffffff,2022,42,18.023237966001034,83.889557220115009
8444f39ffffffff,2022,42,0.0768839418888092,22
84276bdffffffff,2022,42,104.09714059315476,50.307120255772418
84276bdffffffff,2022,53,0.064432024955749512,25
8428811ffffffff,2022,42,1.4674964249134064,40.0892208666967
8428811ffffffff,2022,51,0.12762205302715302,17
8428811ffffffff,2022,53,6.5087672770023346,31.43261429481386
842884dffffffff,2022,42,496.61622295265687,61.634361464146792
842884dffffffff,2022,51,0.26283451169729233,30.499968038711625
842884dffffffff,2022,52,0.065677925944328308,52
842884dffffffff,2022,53,18.419863909482956,68.49462058322375
84268adffffffff,2022,53,14.251133752570432,27.73549860756561
8427ae7ffffffff,2022,42,0.41802369803190231,24.720417074828696
8427ae7ffffffff,2022,51,823.01264001962318,76.349237293173033
8427ae7ffffffff,2022,52,12017.65009939662,81.120121034705946
8427ae7ffffffff,2022,53,9172.153157677838,81.580840184802526
84270bbffffffff,2022,42,1.0411191582679749,28.8253848303274
8427489ffffffff,2022,42,605.22230870367275,64.185005833939783
8427489ffffffff,2022,53,62.909772388637066,58.528704044677333
84489a3ffffffff,2022,42,0.76587893068790436,36.695301987372282
84489a3ffffffff,2022,53,0.38240975886583328,23.795942105088731
84269c9ffffffff,2022,42,0.41730199009180069,32.826167017724281
8426aedffffffff,2022,42,18.956157542765141,34.203960137607368
8426aedffffffff,2022,51,0.20095811039209366,50.34329640350019
8427905ffffffff,2022,51,2724.1198099957669,74.572032765208391
8427905ffffffff,2022,52,140.58786550414035,29.627489879797739
8427905ffffffff,2022,53,2216.8040941745189,57.3006694742579
8428913ffffffff,2022,52,0.062808401882648468,74
8412d87ffffffff,2022,42,0.53674976900219917,27.8759563719631
8412d87ffffffff,2022,51,1.2530550435185432,26.52884473191072
8412d87ffffffff,2022,52,0.11963047832250595,36
8412d87ffffffff,2022,53,4.1820438206195831,28.343318343190671
842ad47ffffffff,2022,42,0.22043436765670776,25.336773495751398
84279b1ffffffff,2022,42,173.12639281153679,44.547429393110264
8428d39ffffffff,2022,42,0.11921047419309616,21
84278bbffffffff,2022,42,7.6830595880746841,39.071754236757783
8412d99ffffffff,2022,51,2.3760277405381203,33.997897932282633
8412d99ffffffff,2022,52,0.65337703749537468,35.35941071932541
8412d99ffffffff,2022,53,0.1187879666686058,36
842aa8bffffffff,2022,42,261.63556972891092,72.37725847360764
842aa8bffffffff,2022,53,0.28035445511341095,23.250983070349424
84489dbffffffff,2022,53,0.23239193111658096,28.332384281075925
8426199ffffffff,2022,53,24.229483641684055,38.918234479992641
8428ac5ffffffff,2022,53,0.13220751285552979,30
8428149ffffffff,2022,53,0.83120528608560562,37.416295415076135
8428a9dffffffff,2022,53,0.12956531345844269,32
844451bffffffff,2022,42,0.076596088707447052,14
844451bffffffff,2022,53,0.99530787765979767,32.230754639403813
8426c3bffffffff,2022,53,12.741705790162086,43.324369443863041
8428f3bffffffff,2022,42,0.12390092760324478,19
84288d7ffffffff,2022,42,542.45319183181027,67.993586780560122
84288d7ffffffff,2022,53,732.80954463107923,48.927662699951284
842621bffffffff,2022,42,6.416442607781466,29.09813114022548
842621bffffffff,2022,53,97.592072417455555,36.406939203762583
8426a89ffffffff,2022,42,398.16729968742413,47.406990125027491
8426a89ffffffff,2022,51,106.25260065443376,50.766511535815795
8426a89ffffffff,2022,53,2074.7938489279327,62.892839029271485
8444433ffffffff,2022,53,0.53075411170721054,82.9994382102203
8427411ffffffff,2022,42,335.86807907200313,65.6621460320348
8427411ffffffff,2022,53,24.756951563060284,77.480003298798636
8444d07ffffffff,2022,42,0.075221545994281769,21
8444d07ffffffff,2022,53,0.52732223272323608,27.714959954217242
84264bdffffffff,2022,53,9.5709666758775711,40.79058802140726
8428181ffffffff,2022,42,0.461071141064167,39.712836117801906
8429acbffffffff,2022,42,95.740971267223358,72.680681811153235
8429acbffffffff,2022,51,4.1227609068155289,27.214246221672429
8426355ffffffff,2022,42,41.275519636390257,33.892610634892932
8426355ffffffff,2022,52,0.12476113811135292,26
8426355ffffffff,2022,53,0.31237004324793816,26.200109098027763
84279b7ffffffff,2022,42,26.36395800014337,42.269591464243128
8444c61ffffffff,2022,53,2.5087771490216255,37.581351202123436
8412cbdffffffff,2022,52,0.23726284503936768,40.499079412451863
8428b17ffffffff,2022,42,11.083955523576222,43.89072569325262
8428b17ffffffff,2022,53,0.3287871927022934,24.60010936101758
842ab53ffffffff,2022,42,106.4179780036211,90.8835369715888
8426369ffffffff,2022,42,138.49473033373553,57.655649997851221
8426369ffffffff,2022,51,10.754646368164059,57.3337346318675
8426369ffffffff,2022,52,0.30806459486484528,19.60115304999815
8426369ffffffff,2022,53,257.86966995650937,75.327229664523
8426325ffffffff,2022,53,0.18968984484672546,18.667724886428534
84489cdffffffff,2022,42,3.9166224971413612,54.679517962340952
84489cdffffffff,2022,53,1.3316478207707405,31.700975593203061
842a155ffffffff,2022,42,1.9688137993216515,42.65532299249594
8444e19ffffffff,2022,42,0.23083432018756866,46.000711637683978
8444e19ffffffff,2022,53,0.76991833746433258,30.101128660110945
8426229ffffffff,2022,42,131.74997159093618,73.0091599876292
8426229ffffffff,2022,53,0.37544155120849609,31.665844031558706
8448ebdffffffff,2022,51,0.075243458151817322,24
84489b7ffffffff,2022,53,1.289659783244133,49.177648657698818
84298d7ffffffff,2022,42,6.3899523913860321,36.219848833426035
8444e95ffffffff,2022,53,0.07463642954826355,27
8428d69ffffffff,2022,42,1.1592323780059814,29.634303855112723
8428b2dffffffff,2022,53,45.685006793953626,72.518390927276627
8426c2dffffffff,2022,53,1.8192821741104126,36.7203156549482
84289a1ffffffff,2022,53,0.24288582056760788,29.002294845305229
8426c85ffffffff,2022,53,0.22491224855184555,39
84261abffffffff,2022,42,0.13620636612176895,21.498553960222434
84261abffffffff,2022,51,0.068466491997241974,27
84261abffffffff,2022,53,0.75109272450208664,31.459815810459759
8426d9bffffffff,2022,53,7.7917155995965,35.997288011113056
84279e9ffffffff,2022,51,4.1146327326549033,32.81826622166907
84279e9ffffffff,2022,52,223.51036024093628,75.375172170936381
84279e9ffffffff,2022,53,23.73812961794582,38.81721222319571
8426a5bffffffff,2022,51,0.065262243151664734,42
8426881ffffffff,2022,42,130.20477597865403,61.017155459528738
8426881ffffffff,2022,53,0.56487585604190826,23.500795646279695
842799bffffffff,2022,42,0.06392311304807663,36
842799bffffffff,2022,52,0.38144964724779129,30.667495427737848
842799bffffffff,2022,53,0.38157112896442413,35.999623147050166
8427ad1ffffffff,2022,42,31.688339844346046,30.065614019591543
8427ad1ffffffff,2022,51,0.77370621263980865,31.621255015523605
8427ad1ffffffff,2022,53,703.2117880937077,58.581529616810293
8427aadffffffff,2022,42,2.2880529165267944,42.39702228346782
8427aadffffffff,2022,51,24.744465439912734,32.85633685617583
8427aadffffffff,2022,52,3828.7902600855368,75.671790409691425
8427aadffffffff,2022,53,2368.7357425133387,70.573432828613747
8426235ffffffff,2022,42,109.59298248916281,57.598614430666565
8426235ffffffff,2022,53,1.7909956052899361,30.106272850557239
8428883ffffffff,2022,42,1423.1244180660765,54.3303679587585
8428883ffffffff,2022,53,1192.9198626336367,54.229278892587459
8428b19ffffffff,2022,42,1845.9247855417575,70.528646586269346
8428b19ffffffff,2022,53,379.13564700008021,61.850055215107616
8426ac5ffffffff,2022,42,10001.753155052633,77.935017356149046
8426ac5ffffffff,2022,51,5.6300329566001892,23.107646246312541
8426ac5ffffffff,2022,53,4.2879561856389046,25.813927714176724
8426805ffffffff,2022,42,0.54620374739170074,29.628990681327323
8428b09ffffffff,2022,42,8.6850701048970222,40.781538863128148
8428b09ffffffff,2022,53,1.0689014866948128,34.4945045928071
842aad9ffffffff,2022,42,30.577956788884659,32.9817293719451
842aad9ffffffff,2022,53,0.069459378719329834,18
84275e7ffffffff,2022,42,0.97654913365840912,25.397251874312307
84275e7ffffffff,2022,53,0.3904731273651123,40.49436435934259
844899dffffffff,2022,53,7.3826118111610413,40.366032558474458
8426f1bffffffff,2022,53,0.2837885245680809,24.251530509064047
842aa8dffffffff,2022,42,25.817011944949627,68.22555970103042
8412de7ffffffff,2022,42,4.6758831366896629,29.935592917897008
8412de7ffffffff,2022,53,2.0725032761693,31.972797717998439
8448c07ffffffff,2022,42,4.5046923160552979,55.431016369559011
8429a93ffffffff,2022,42,74.2850381309203,32.368507156378875
8429a93ffffffff,2022,51,1.7232895046472549,22.419904050049251
8429a93ffffffff,2022,53,1.9389370307326317,60.2627997263892
842755bffffffff,2022,42,15.803181283175945,32.230658723855818
842755bffffffff,2022,53,3.7559882350119889,29.90423466527384
84262a1ffffffff,2022,42,9.4689062386751175,58.213937298090826
8429a13ffffffff,2022,42,0.36828068643808365,32.993448425450744
8426103ffffffff,2022,42,290.36000080406666,66.615288228384628
8426103ffffffff,2022,53,0.98595719039440155,21.804222620802769
84261bbffffffff,2022,53,0.61964972317218781,31.6659830421752
842ab51ffffffff,2022,42,0.13312144577503204,28
84289c1ffffffff,2022,42,0.12501251697540283,20
84489e1ffffffff,2022,42,2.7187608331441879,42.686542047215227
84276e7ffffffff,2022,42,46.351041562855244,54.138563403220815
84276e7ffffffff,2022,53,0.12601427733898163,25
8444d35ffffffff,2022,42,0.14964020252227783,24
8444d35ffffffff,2022,53,1.2713187709450722,32.766601880450018
84279d5ffffffff,2022,42,0.18840575218200684,19.666616351737655
84279d5ffffffff,2022,51,29.736826777458191,44.117653106216636
84279d5ffffffff,2022,52,10.270582601428032,34.163445032896334
84279d5ffffffff,2022,53,14.848545052111149,39.6315352645186
8426865ffffffff,2022,42,0.20330092310905457,44.687535136309457
8426857ffffffff,2022,53,0.13648246228694916,36
842a12dffffffff,2022,42,4.4009135141968727,29.661014889276551
842b895ffffffff,2022,42,6.7947530597448349,34.749576118927244
8448cdbffffffff,2022,42,0.073929764330387115,33
8427ac7ffffffff,2022,42,7.7113441452383995,28.454406469618821
8427ac7ffffffff,2022,51,21.351602731878849,26.618564917732716
8427ac7ffffffff,2022,52,17.529851738363504,33.198481463201936
8427ac7ffffffff,2022,53,796.03952425671559,50.61448251671807
84444cdffffffff,2022,53,53.800593763589859,90.6005230021355
84281a3ffffffff,2022,42,3.6308948844671249,38.857486569349732
84281a3ffffffff,2022,53,1.1663230359554291,46.10716601763211
8426b39ffffffff,2022,42,4.0682081654667854,38.099698359046158
8412d83ffffffff,2022,51,4.3473544120788574,35.819957011855131
8412d83ffffffff,2022,52,0.23967826616238144,32.435612540255711
8412d83ffffffff,2022,53,2.5628618597984314,31.694801096219432
8448b17ffffffff,2022,42,16.54072317481041,58.743881803420258
8448b17ffffffff,2022,53,38.230333179147806,43.0844613840433
8427565ffffffff,2022,53,0.7440052330493927,24.91289934480616
84274a3ffffffff,2022,42,0.13348716497421265,41.499011238007043
8444455ffffffff,2022,53,0.077303983271121979,23
842af05ffffffff,2022,42,0.43336734920740128,29.66927647469042
84444c7ffffffff,2022,53,1.8150290921330452,95.041433024411759
8428b0bffffffff,2022,42,674.22721230384775,64.552021980301333
8428b0bffffffff,2022,53,27.190355718135834,33.619040484869792
8448ea7ffffffff,2022,42,0.22569060325622559,49.334469134759118
8448ea7ffffffff,2022,51,0.75222280621528625,30.999462528519249
8426ca1ffffffff,2022,42,0.30113650858402252,36.250125600421477
8426ca1ffffffff,2022,53,2.036593571305275,38.357214531617878
8448ed7ffffffff,2022,42,10.121398486196995,37.413872666319619
8448ed7ffffffff,2022,51,0.076114200055599213,25
8427459ffffffff,2022,42,0.06254895031452179,27
8427459ffffffff,2022,53,0.0626702606678009,27
8428a33ffffffff,2022,42,0.39563615620136261,38.499990339235211
8428a33ffffffff,2022,53,0.52703239023685455,22.866164355926998
842619bffffffff,2022,53,22.19669035077095,63.404228702619541
8426835ffffffff,2022,42,7.1388386487960815,36.573243891337647
8426815ffffffff,2022,42,0.1378788948059082,26.000325411633288
8426905ffffffff,2022,53,1.3750151246786118,25.751562125730974
8426f61ffffffff,2022,42,107.75298617035151,59.302337052043278
8426f61ffffffff,2022,53,130.62757886201143,69.43331567373454
84271d1ffffffff,2022,42,7.2422751481042189,32.129049180433881
84271d1ffffffff,2022,53,1.6069575324654579,26.367433362798447
8427933ffffffff,2022,51,0.80888238549232483,36.078455691190371
8427933ffffffff,2022,52,1.0993461950444707,27.679166947433679
8427933ffffffff,2022,53,3.6367937270917143,29.342626763873906
8427811ffffffff,2022,42,0.85291236639022827,39.282625321508547
8427811ffffffff,2022,51,314.32023639680415,64.179646768153177
8427811ffffffff,2022,52,3023.9610303639638,73.775248705980374
8427811ffffffff,2022,53,3885.8177114288164,75.9556896270422
842aa21ffffffff,2022,42,0.808525800704956,42.08519653645034
8426d3dffffffff,2022,42,0.073598287999629974,22
842a345ffffffff,2022,42,0.1301104947924614,25.500010049741928
8426f41ffffffff,2022,53,70.889626117225959,76.185139711104355
8426b65ffffffff,2022,53,1.9617978632450104,36.377287307567791
84445a3ffffffff,2022,42,2.5401378245330326,58.303587254574296
84445a3ffffffff,2022,53,2.2315159291028976,45.766412870841364
8444cdbffffffff,2022,42,1.1016005873680115,30.866464565041344
84268c3ffffffff,2022,42,0.13995281606912613,29.503999356052809
8426d11ffffffff,2022,53,1.0290742516517639,28.789951916307448
84271bbffffffff,2022,42,7041.5680190414623,76.05682809088043
84271bbffffffff,2022,53,65.928405478596687,64.832020491614159
84441b5ffffffff,2022,53,0.31371183693408966,35.248272549387032
8444521ffffffff,2022,53,0.53877350687980652,27.000403551474232
8426051ffffffff,2022,42,16.256939217448235,32.723759218028938
8426051ffffffff,2022,53,2.7948045283555984,30.630346672650155
8444d03ffffffff,2022,53,1.9597005397081375,28.499112625716108
842ad4dffffffff,2022,42,0.14588139951229095,25
8448999ffffffff,2022,53,1.845403753221035,33.211187274734606
8444ca3ffffffff,2022,42,0.072472207248210907,39
8448dd3ffffffff,2022,42,0.14664463698863983,26
8427853ffffffff,2022,42,3.5491106919944286,29.052701142379487
8427853ffffffff,2022,51,684.25391154512761,72.010797816345772
8427853ffffffff,2022,52,2336.602782081141,72.221407506737151
8427853ffffffff,2022,53,3177.659688664914,79.952356663991011
84288b1ffffffff,2022,42,64.068947731966475,61.105255102393855
84288b1ffffffff,2022,51,0.2441285103559494,15.500005661291665
84288b1ffffffff,2022,53,803.27796530757166,73.972155570381162
8444c25ffffffff,2022,53,1.5043655708432198,33.349217437616268
8426f49ffffffff,2022,53,67.4899369651196,61.461346613892673
84275b3ffffffff,2022,42,42.244126796722412,54.362709250208439
84275b3ffffffff,2022,53,0.536139503121376,32.75000410648078
8448d89ffffffff,2022,42,0.22031302005052567,24.00347755504049
8448867ffffffff,2022,42,0.87442035973072052,47.910998334615883
8429a6bffffffff,2022,42,0.074983574450016022,33
8426d59ffffffff,2022,53,0.072020068764686584,24
8444f01ffffffff,2022,53,0.23221097141504288,53.333378252885467
842a929ffffffff,2022,42,0.13708609342575073,62
8427ab9ffffffff,2022,42,425.89450590540372,79.945905826482189
8427ab9ffffffff,2022,51,2.0720665790140629,32.738476203181428
8427ab9ffffffff,2022,52,44.631076037883759,38.76578527345378
8427ab9ffffffff,2022,53,2201.1400103413885,78.724769549793947
8426a05ffffffff,2022,42,0.13175129890441895,69
842ad03ffffffff,2022,42,0.0741695836186409,26
842ad03ffffffff,2022,53,0.0741698145866394,18
84279d9ffffffff,2022,42,0.37314895540475845,18
84279d9ffffffff,2022,51,423.8398182061519,79.043316850479513
84279d9ffffffff,2022,52,83.297119523555622,32.6408434099626
84279d9ffffffff,2022,53,478.00162003642208,71.496141396342
8444c69ffffffff,2022,42,0.22857359051704407,24.333347208356255
8444c69ffffffff,2022,53,0.762428529560566,46.186970923154838
8444e15ffffffff,2022,53,4.1384512186050415,40.29623419795773
842af31ffffffff,2022,42,21.989614889025688,63.065998564442118
842670dffffffff,2022,53,0.33820416778326035,26.002475227730621
842610dffffffff,2022,51,0.12987649440765381,24
842610dffffffff,2022,53,12.285724800766683,35.312782638911592
84274d1ffffffff,2022,42,413.8802125857157,65.053798459562344
84274d1ffffffff,2022,53,0.065756246447563171,25
84278d9ffffffff,2022,42,1.7982676215469837,29.34840332473572
84278d9ffffffff,2022,51,2.0732685226435752,35.719342325477747
84278d9ffffffff,2022,52,0.74468771368265152,22.168076905987661
84278d9ffffffff,2022,53,537.61255281046033,63.073083026564809
8426251ffffffff,2022,42,77.864566575838069,41.944584993330388
8426251ffffffff,2022,53,33.131683096289635,49.309813371357833
84275cdffffffff,2022,42,1977.7955175397442,73.6619572990782
84275cdffffffff,2022,53,975.24076091629627,82.599678599888392
842889dffffffff,2022,42,8.18542017787695,33.975191505568255
842889dffffffff,2022,53,5.831239045060733,35.078201922312076
84445b7ffffffff,2022,42,0.0739116370677948,40
84445b7ffffffff,2022,53,0.66480148583650589,44.557396671196067
84266b7ffffffff,2022,42,8.213046632707119,56.587814937725831
8429a8dffffffff,2022,42,0.8014291375875473,44.991332511970931
8429a8dffffffff,2022,51,2.2584797888994217,31.1961575436776
8429a8dffffffff,2022,53,0.14530396461486816,21
842622dffffffff,2022,42,33.430721785873175,35.874575298760043
842622dffffffff,2022,53,1.6257859207689762,27.346280910562047
842782dffffffff,2022,51,5.7984776589800333,23.488607613466609
842782dffffffff,2022,52,7.557770136743784,31.854221840961543
842782dffffffff,2022,53,11.126158241182566,30.930820452303269
8427a93ffffffff,2022,42,3020.6241260793422,80.186791512243715
8427a93ffffffff,2022,51,0.18355344980955124,21.335810657251443
8427a93ffffffff,2022,52,2.8766246289014816,30.274781617830904
8427a93ffffffff,2022,53,1851.228782223048,73.592415272355368
84288c5ffffffff,2022,42,71.875352166593075,39.1758026126507
84288c5ffffffff,2022,51,199.55512951986464,58.129890028583738
84288c5ffffffff,2022,52,2.1466296687722206,28.528706946076539
84288c5ffffffff,2022,53,281.04819691181183,53.474076821708849
842893dffffffff,2022,51,73.2046759352088,35.5560550857537
842893dffffffff,2022,52,27.526667974889278,33.659932081050037
842893dffffffff,2022,53,1327.5853169916015,71.143584426826862
84269cdffffffff,2022,53,1.3930159285664558,29.147578182773682
842a165ffffffff,2022,42,0.6018369123339653,32.55199044264765
842709dffffffff,2022,42,0.12077824398875237,28.498676250447893
8444425ffffffff,2022,53,0.30737923085689545,26.747940516983068
8426033ffffffff,2022,42,0.13344861567020416,32.497634827875565
842636dffffffff,2022,42,102.09402647031581,41.034576172935751
842636dffffffff,2022,51,107.36666417121887,73.364521016268668
842636dffffffff,2022,52,0.36855282634496689,18.333633975583751
842636dffffffff,2022,53,212.42834338129444,61.991669250654439
84288e3ffffffff,2022,42,0.062319520860910416,17
84288e3ffffffff,2022,51,963.65009137146615,79.457917428106626
84288e3ffffffff,2022,52,168.73934129020748,70.319853792583231
84288e3ffffffff,2022,53,1604.0330909190657,84.283520702511666
8426007ffffffff,2022,42,0.854093924164772,26.692521519647315
842815dffffffff,2022,42,0.34364103525877,28.600009054106284
842815dffffffff,2022,53,0.75790127366781235,57.545192335397424
842ad29ffffffff,2022,42,46.926296263933182,68.635961687839213
842ad29ffffffff,2022,53,18.455096885561943,58.703915131854515
8426c53ffffffff,2022,53,1.2364737614989281,31.056668257784519
8448933ffffffff,2022,42,1.169428788125515,25.4670849014936
8448933ffffffff,2022,51,0.077918104827404022,16
84274cbffffffff,2022,42,2099.5703767776495,81.0666185936197
84274cbffffffff,2022,53,0.39030569046735764,35.343541854348217
8426dbbffffffff,2022,53,2.5841638967394829,30.498865272715889
8426f65ffffffff,2022,42,95.650605924427509,74.787139552261948
8426f65ffffffff,2022,53,1.2533231994685003,26.981115515206675
84279e3ffffffff,2022,42,0.6922353133559227,31.823009680600261
84279e3ffffffff,2022,51,314.8486874550581,83.510013340299707
84279e3ffffffff,2022,52,3.4581900537014008,30.223100491398466
84279e3ffffffff,2022,53,505.51913037744225,86.9771558930393
8428847ffffffff,2022,42,0.586041621863842,38.564498661438073
8428847ffffffff,2022,53,1.4325746148824692,31.09075136999029
8428b31ffffffff,2022,42,0.912313662469387,30.714762627836528
8428b31ffffffff,2022,53,38.119383029639721,79.36044281540488
8426aa9ffffffff,2022,42,0.20387640595436096,21.330976206983905
8426aa9ffffffff,2022,53,0.1362251341342926,33
8412c95ffffffff,2022,51,1043.9375281082212,65.711637701145008
8412c95ffffffff,2022,52,1248.3505082448178,69.241803385861061
8412c95ffffffff,2022,53,2835.2895892861566,69.62021443346751
8448eadffffffff,2022,42,21.973521716892719,47.892493903949529
8448eadffffffff,2022,51,0.60663970559835434,26.875269060303172
8426d99ffffffff,2022,42,0.15047889202833176,47
8426d99ffffffff,2022,53,0.45232661813497543,31.499079389409872
8444f13ffffffff,2022,42,0.30613801628351212,25.250193207944026
8444f13ffffffff,2022,53,1.3013583272695541,43.055318364847139
8444c59ffffffff,2022,42,1.9735819101333618,25.84698335926111
8444c59ffffffff,2022,53,1.2909050434827805,43.94239604587591
842a945ffffffff,2022,42,3.9152208939194679,43.036108500388686
84262e7ffffffff,2022,42,1.8856360167264938,26.51613287782401
84262e7ffffffff,2022,53,140.30209922790527,59.775343436898893
8412cb5ffffffff,2022,52,0.3589286133646965,64.337066643628233
8412cb5ffffffff,2022,53,1.7348890602588654,33.8275032798823
8426c81ffffffff,2022,42,2.09993913769722,39.464566853620163
8426915ffffffff,2022,42,0.34695082157850266,38.198478680727881
842898dffffffff,2022,51,0.061599139124155045,28
842898dffffffff,2022,52,0.1233774870634079,42
842898dffffffff,2022,53,1.6046332232654095,37.53956550507489
842ab6dffffffff,2022,42,7877.1316563526789,86.6850949483119
842ab6dffffffff,2022,53,0.32602071762084961,26.999783169888037
8448b33ffffffff,2022,42,5.5047800475183655,44.081612883928464
8448b33ffffffff,2022,53,4.15476232022047,37.365310051484052
8426131ffffffff,2022,42,2.261005125939846,25.13942488324372
8426131ffffffff,2022,53,0.33285225927829742,28.395506814442562
842892bffffffff,2022,51,3.6575627475976944,36.597723471223212
842892bffffffff,2022,52,1.3232087790966034,30.620230148213992
842892bffffffff,2022,53,21.715006277432632,57.243376915831291
8428ab3ffffffff,2022,52,0.063544832170009613,30
8428ab3ffffffff,2022,53,0.50918427109718323,49.119720905974106
8428d29ffffffff,2022,42,0.41908776387572289,24.855856336665141
842a339ffffffff,2022,42,0.20021753013134003,44.666659323414038
842a915ffffffff,2022,42,0.41660643368959427,31.671623235215687
8426311ffffffff,2022,53,0.951152503490448,27.06194268644505
842745bffffffff,2022,42,10.345408529043198,35.991341642299851
842745bffffffff,2022,53,1.9540796428918839,26.192994837080096
842ab11ffffffff,2022,42,0.202470064163208,34.998354300588424
842698bffffffff,2022,42,0.0708697959780693,29
842698bffffffff,2022,53,0.14194676280021667,26
8429acdffffffff,2022,42,8.7832291945815086,47.44461114055558
8444595ffffffff,2022,53,3.1992863342165947,50.095873795041946
8426d0dffffffff,2022,42,81.099277265369892,64.493215000376722
8444d19ffffffff,2022,53,22.473227836191654,58.564729209377809
8426223ffffffff,2022,42,4.1266614720225334,35.570587459057059
8426257ffffffff,2022,42,2347.5085350438658,75.439203665895874
8426257ffffffff,2022,53,813.60722691938281,66.295395256932238
84489a1ffffffff,2022,42,0.23056415468454361,36.667016525701371
84489a1ffffffff,2022,53,0.537205807864666,25.57190218658446
8426b59ffffffff,2022,42,49.140347076660262,80.954539177165117
8428b29ffffffff,2022,42,0.86305396258831024,27.230604964338639
8428b29ffffffff,2022,53,179.71089360117912,70.879068503631331
84278b9ffffffff,2022,42,0.95537067204713821,26.333313771774442
84278b9ffffffff,2022,51,1.4653927981853485,27.650766727184756
8444cd3ffffffff,2022,42,0.4383300319314003,31.666009361863843
8428905ffffffff,2022,51,0.95386364310979843,41.344793980001363
8428905ffffffff,2022,52,1.3374562039971352,31.285938074662255
8428905ffffffff,2022,53,2.9123262708093609,32.103517050781278
84281b1ffffffff,2022,42,0.1297006756067276,55
8428d15ffffffff,2022,42,50.867368503718396,40.433536762957289
8428d15ffffffff,2022,53,0.178962804377079,31.001307244997406
84268e1ffffffff,2022,53,0.18120339328751844,42.9683453208755
842aa5bffffffff,2022,42,1.4142758324742317,29.903436059663591
8426763ffffffff,2022,53,0.47296947985887527,38.001008334965192
84288d1ffffffff,2022,42,58.852254047989845,34.853010861533122
84288d1ffffffff,2022,53,64.169984763130259,35.376667142327925
842888bffffffff,2022,42,885.772022407429,39.043565087851775
842888bffffffff,2022,53,909.1534890587277,49.881202673125323
8444e03ffffffff,2022,42,16.082147404551506,59.601620442600215
8444e03ffffffff,2022,53,39.605177253484726,50.218413795560238
8426867ffffffff,2022,42,0.068226315081119537,64
8426a37ffffffff,2022,42,0.067255467176437378,82
84489ddffffffff,2022,42,0.23347748070955276,45.336232904573556
84489ddffffffff,2022,53,1.4790104478597641,33.422786052946144
8426115ffffffff,2022,42,289.94674605876207,74.393705820158
8426115ffffffff,2022,53,0.52781166881322861,28.251513759208684
842813bffffffff,2022,42,0.40070618689060211,21.665838568585393
842813bffffffff,2022,52,0.60110856592655182,30.332606679675685
842813bffffffff,2022,53,0.20032023638486862,25.997155898937784
84281e5ffffffff,2022,53,0.26529742777347565,26.500022832192819
8428ab1ffffffff,2022,53,0.44667240977287292,35.29135164182108
842719dffffffff,2022,42,14356.706766759618,77.1541670882519
842719dffffffff,2022,53,1.8106816336512566,26.602667741862149
8448d87ffffffff,2022,42,0.14546644687652588,32.001496196305546
8429925ffffffff,2022,42,0.14176155626773834,34
84262adffffffff,2022,42,6.6131184995174408,61.887109818463486
84262adffffffff,2022,53,4.1086604371666908,37.12196437893293
842a84dffffffff,2022,42,1.2901170030236244,38.585085066334734
842748dffffffff,2022,42,527.43569319239441,66.3671649267715
842748dffffffff,2022,53,6.2998633980751038,24.73100513354715
842636bffffffff,2022,42,2171.276868176431,81.980184246676473
842636bffffffff,2022,51,0.12378789111971855,14.001506001117876
842636bffffffff,2022,53,33.911524598753338,58.054608049007022
8444ae9ffffffff,2022,42,0.0802021473646164,76
8426957ffffffff,2022,42,0.61718755960464478,70.109144441711379
8426187ffffffff,2022,42,0.13620501756668091,35
8426187ffffffff,2022,53,0.20534443110227585,22.333133436351396
8427991ffffffff,2022,52,0.57271920144557953,27.111214315458742
8427991ffffffff,2022,53,0.1272832378745079,30.999983785682549
842836bffffffff,2022,42,207.15352369844913,46.449108056297085
842836bffffffff,2022,51,1.1374132856726646,30.310142935171005
842836bffffffff,2022,53,29.597093939781189,42.854168001861247
8448c43ffffffff,2022,42,0.45754334330558777,32.833019190161
8426ab3ffffffff,2022,42,0.27840682864189148,31.249286351438478
8426ab3ffffffff,2022,53,5.4833669939461878,25.067325572967309
84261e1ffffffff,2022,51,0.606682687997818,14.88888187652212
84261e1ffffffff,2022,53,0.20225291699171066,31.66666303199003
8426a29ffffffff,2022,42,0.28982571342996521,75.46559019427437
8426a5dffffffff,2022,42,0.2586931511759758,57.24273493718119
84276b9ffffffff,2022,42,7.4379856362938881,46.618107272947377
8427817ffffffff,2022,42,464.309156447649,64.345591649865881
8427817ffffffff,2022,51,246.1374926810025,66.356641053439944
8427817ffffffff,2022,52,501.455864955368,66.7893676459749
8427817ffffffff,2022,53,573.862654885635,53.875038756226623
842a859ffffffff,2022,42,1.4461058750748634,37.709081147137447
8426ac1ffffffff,2022,42,1499.583535544954,69.73845914695994
8426ac1ffffffff,2022,51,6.5549985244870186,33.502874399974232
8426ac1ffffffff,2022,53,4.4140400812029839,27.498878209147041
842aa09ffffffff,2022,42,135.75611286861641,74.736777169146208
8428d51ffffffff,2022,42,0.060840003192424774,38
8426ad1ffffffff,2022,42,64.47459089756012,63.0391238687764
8426ad1ffffffff,2022,51,8.93657449632883,43.106694111820595
8426ad1ffffffff,2022,53,21.9928540289402,29.244730639211074
8428939ffffffff,2022,51,2.3320705890655518,29.458802475675039
8428939ffffffff,2022,52,1.3845990225672722,32.771419249163792
8428939ffffffff,2022,53,1.2604962363839149,30.448982146280887
8426f6bffffffff,2022,53,0.27860989421606064,43.999950955206195
8427195ffffffff,2022,42,22892.1115745298,82.133043061948825
8427195ffffffff,2022,53,14.146982591599226,50.090935277565407
84445e3ffffffff,2022,53,0.15032093226909637,50
842b1e7ffffffff,2022,53,0.38019317388534546,21.499945403234541
84260c7ffffffff,2022,42,0.067109502851963043,63
842834dffffffff,2022,42,47.702970905864937,31.98391961564263
842834dffffffff,2022,51,2.8736464455723763,25.675381593728879
842834dffffffff,2022,53,3.2362903505563736,44.395890111383046
8426157ffffffff,2022,51,2.0940746739506721,27.531454551771496
8426157ffffffff,2022,52,8.5064335763454437,32.574221139485395
8426157ffffffff,2022,53,11.1307147356225,30.482414459933477
8428b03ffffffff,2022,42,4807.89878009584,74.759081955299038
8428b03ffffffff,2022,53,179.13890211284161,64.62718803990596
84445d3ffffffff,2022,53,0.074887551367282867,19
84261b1ffffffff,2022,53,0.963825136423111,32.783921381495489
842aa33ffffffff,2022,42,1.1664653792977333,39.645610660524078
8444d15ffffffff,2022,42,0.2252090722322464,25.333649165234451
8444d15ffffffff,2022,53,3.1498267203569412,34.23717762006499
84275c9ffffffff,2022,42,58.550634581055128,40.59814805429658
84275c9ffffffff,2022,53,18.101237274706364,34.614642371174028
842b8a9ffffffff,2022,42,4.67313701659441,36.897434110423326
8427511ffffffff,2022,42,11.728521662190849,31.6856986948114
8427511ffffffff,2022,53,2.0382008329033852,28.934708697569626
8427a8dffffffff,2022,42,1.6133531667292118,30.818730348329858
8427a8dffffffff,2022,51,4.353988841176033,28.275549026973756
8427a8dffffffff,2022,52,354.88395715967988,51.974836207276716
8427a8dffffffff,2022,53,2014.3010557648015,66.290365653352779
84271dbffffffff,2022,42,3.147297166287899,32.55518330645171
84271dbffffffff,2022,53,0.83275156468153,28.146479141370492
8426ee7ffffffff,2022,53,30.052973493933678,55.954348340252807
8448ee1ffffffff,2022,42,4.1255180016160011,44.00219000241988
8426c83ffffffff,2022,42,0.15026680380105972,39.499920792202921
84268d5ffffffff,2022,42,1.2481878463544098,28.718684393659117
8428869ffffffff,2022,42,0.065345458686351776,21
8428869ffffffff,2022,53,0.13025768101215363,23
8428f5dffffffff,2022,42,11.210325927944744,46.820318168555545
8428f5dffffffff,2022,53,3.767503410577774,26.288642435397858
84261a1ffffffff,2022,42,0.20462577044963837,28.997202561016611
84261a1ffffffff,2022,53,0.887406550347805,26.771938143577035
842a943ffffffff,2022,42,0.34014616906642914,30.397706329961029
8428141ffffffff,2022,53,0.34463505446910858,36.011251588816307
8426dc9ffffffff,2022,42,0.22114232182502747,45.668608365828625
8426dc9ffffffff,2022,53,96.907454937696457,54.756175875411017
8426ac3ffffffff,2022,42,281.65034882242185,62.135464340709142
8426ac3ffffffff,2022,51,2.0863845124840736,26.22649194654073
8426ac3ffffffff,2022,53,409.94207675059636,56.110086031515294
842aa85ffffffff,2022,42,5.1569752246141434,38.959829609474227
842786dffffffff,2022,51,61.652236659152834,43.600390530665528
842786dffffffff,2022,52,2462.3308818298224,65.385654625944611
842786dffffffff,2022,53,4570.4800364600533,49.334334808153031
8448c35ffffffff,2022,42,1.5641780719161034,22.858473689776766
8429ac7ffffffff,2022,42,5.3492965027689934,37.402202387103067
8429ac7ffffffff,2022,51,6.4425576478242874,41.796511970636935
8429ac7ffffffff,2022,53,0.21943487226963043,19
842b885ffffffff,2022,42,8.0116063132882118,36.930577906652
8427969ffffffff,2022,51,2140.3739857663854,56.245956230414869
8427969ffffffff,2022,52,1304.395359682102,44.109473463782855
8427969ffffffff,2022,53,3781.5173971153354,57.5891637224888
842aa63ffffffff,2022,42,35.720661540212589,65.573452618744952
842aa63ffffffff,2022,53,4.3321057334542274,29.262273140152118
8427185ffffffff,2022,42,1726.0182269194547,52.614682488470706
8427185ffffffff,2022,53,170.62562466217022,55.197733500867429
8427523ffffffff,2022,42,168.72105089063737,63.226578514836781
8427523ffffffff,2022,53,24.176628752812451,38.809469247438919
8427889ffffffff,2022,42,0.31252313405275345,19.399234685332825
8427889ffffffff,2022,51,5.2511870294371068,39.576240665335916
8427889ffffffff,2022,52,6.1261982880532742,32.126817543584764
8427889ffffffff,2022,53,233.52291182701785,65.037090192684133
842671dffffffff,2022,42,0.47903847694396973,37.580607438261268
8428aedffffffff,2022,51,0.13130396604537964,30
8428aedffffffff,2022,53,0.13178079575300217,24.002240475224085
8426d93ffffffff,2022,53,36.014741137623787,36.483437473642077
8426a91ffffffff,2022,42,1801.048309880174,60.104167837267717
8426a91ffffffff,2022,53,116.9193127900362,43.854083017378628
8428991ffffffff,2022,42,0.1825530119240284,33.333666695909358
8428991ffffffff,2022,51,3.4692042209208012,42.8655403224563
8428991ffffffff,2022,52,1.0344875901937485,29.413340598522797
8428991ffffffff,2022,53,3.8929009176790714,32.218812417216341
84489bbffffffff,2022,51,0.076129108667373657,30
84489bbffffffff,2022,53,30.34876179151675,45.3127925433334
8427517ffffffff,2022,42,0.70428463816642761,21.08772951155666
8427517ffffffff,2022,53,0.44944550842046738,40.719389697772286
842aae5ffffffff,2022,42,0.897930271923542,36.994728362972616
8412da3ffffffff,2022,42,3.3175860345363617,29.999675004782397
8412da3ffffffff,2022,51,0.18061677366495132,30.99685863027733
8412da3ffffffff,2022,53,5.9021659828722477,32.359355478447107
84288a5ffffffff,2022,42,0.36878601834177971,27.50628247864395
84288a5ffffffff,2022,51,3910.8255936056075,78.12239270092401
84288a5ffffffff,2022,52,2258.2733364576338,74.01088499618244
84288a5ffffffff,2022,53,679.44640889080131,58.465097532669155
84275c7ffffffff,2022,42,385.19859522265551,56.149508603202115
84275c7ffffffff,2022,53,201.34386008232832,52.711382544313508
842aabbffffffff,2022,42,0.070804089307785034,27
84444a5ffffffff,2022,53,1.0441693812608719,28.214062135268865
8427587ffffffff,2022,42,1.5189836397767067,27.434787163926945
8427587ffffffff,2022,53,53.261085942387581,68.994753758817723
84261a3ffffffff,2022,51,0.20609962195158005,26.332984988227448
84261a3ffffffff,2022,53,19.384191736578941,56.342287709907566
8444f55ffffffff,2022,53,79.4186768986723,40.680040318803904
8426481ffffffff,2022,53,0.0727715864777565,27
8426cb1ffffffff,2022,42,1.1372250989079475,39.662218899686614
8448c5bffffffff,2022,42,293.04876366812812,69.61636443062666
8448c5bffffffff,2022,51,0.076132833957672119,32
842aa1dffffffff,2022,42,99.970255605876446,65.80340578568449
8427599ffffffff,2022,42,269.76492868080442,53.392377222054655
8427599ffffffff,2022,53,25.318995433695179,38.902898326753657
84489cbffffffff,2022,42,0.1559964194893837,47
84489cbffffffff,2022,53,4.6836185157299042,49.93672628509583
842682dffffffff,2022,42,0.13723465800285339,65
8428899ffffffff,2022,42,98.559616352617738,39.39450341113541
8428899ffffffff,2022,53,33.437829937785864,29.221416094352239
8426f0dffffffff,2022,42,14.104196332395077,49.020075706152952
8426f0dffffffff,2022,53,0.14011411368846893,22.995267629695906
842af69ffffffff,2022,42,0.0713285505771637,30
84276e3ffffffff,2022,42,270.80299748044973,61.37873831138451
84289a3ffffffff,2022,51,0.241756372153759,29.250742765553653
84289a3ffffffff,2022,52,0.060414891690015793,36
84289a3ffffffff,2022,53,0.12066396325826645,22
84262a7ffffffff,2022,42,3.3137591779232025,50.275749852459242
8412cbbffffffff,2022,51,1798.7893004358255,67.495833164078
8412cbbffffffff,2022,52,889.77309202040533,83.10521192178301
8412cbbffffffff,2022,53,4156.7540743341324,66.499522129161548
8426769ffffffff,2022,53,2.8349832971014228,31.558996964714044
8426757ffffffff,2022,42,1.36053167283535,46.150472968055468
8428889ffffffff,2022,42,304.83539372542316,57.539839541736256
8428889ffffffff,2022,51,1.5617179647088051,29.840652319857831
8428889ffffffff,2022,52,0.062368664890527725,16
8428889ffffffff,2022,53,455.79976094528735,53.32329454740379
8426321ffffffff,2022,53,3.2168897166848183,29.781908992153667
84265d9ffffffff,2022,53,46.12308706343174,51.347910524872788
842884bffffffff,2022,42,329.91094962288361,55.426963725181032
842884bffffffff,2022,51,0.26175890117883682,22.005364036366704
842884bffffffff,2022,53,67.706469116579086,46.402233819103543
8448931ffffffff,2022,42,0.70453625172376633,25.113930975218128
8448931ffffffff,2022,51,0.15636393427848816,23
842a33bffffffff,2022,42,1.342990942299366,33.902224317324574
8448d25ffffffff,2022,42,0.82449889928102493,23.00038310222692
8448d25ffffffff,2022,53,0.5240914523601532,25.431273222492209
84274c9ffffffff,2022,42,59.51350342146322,47.525316122660648
84274c9ffffffff,2022,53,0.19410508126020432,31
8427aa7ffffffff,2022,51,2.8601443767547607,35.104885446853885
8427aa7ffffffff,2022,52,47.56205777078867,37.202314524296327
8427aa7ffffffff,2022,53,241.03836075589061,63.864662309383206
8427801ffffffff,2022,42,0.42121897265315056,29.571602855209115
8427801ffffffff,2022,51,192.40125302225351,69.698873874130328
8427801ffffffff,2022,52,1728.8635301032639,70.768247242133953
8427801ffffffff,2022,53,2721.4247258801529,85.317512439338913
8426c17ffffffff,2022,53,0.14767693728208542,56.999985621211344
8426d4dffffffff,2022,42,0.57293902337551117,31.626955826254985
8448db3ffffffff,2022,53,0.35853271186351776,25.799605273706863
842aa93ffffffff,2022,42,0.071158207952976227,26
842a953ffffffff,2022,42,0.13794991374015808,24
842622bffffffff,2022,42,370.45767513510646,68.549923490598545
842622bffffffff,2022,53,0.18908404558897018,28.334547829217655
84279e7ffffffff,2022,51,0.7551577165722847,35.327919980861829
84279e7ffffffff,2022,52,1.9514561221003532,30.814638371630771
84279e7ffffffff,2022,53,8.7423674998330139,36.041126727552104
8426285ffffffff,2022,42,0.45707940310239792,50.704796455261189
8426285ffffffff,2022,53,58.37667715549469,58.436601934795213
84278bdffffffff,2022,42,0.12755078077316284,24
84278bdffffffff,2022,53,2.6066151708364487,34.074298105855974
8427423ffffffff,2022,42,397.7464531804124,57.520659307503585
8427423ffffffff,2022,53,26.371961421417254,30.592481544723348
842aa39ffffffff,2022,42,3.397307462990284,40.840910115029473
842aacbffffffff,2022,42,15.67949475532069,38.054179343871624
842aacbffffffff,2022,53,0.276203490793705,20.999500369624513
8428107ffffffff,2022,53,0.60684077441692352,36.328636840399959
842628bffffffff,2022,53,1.2199000450910304,41.661641757490429
84445bdffffffff,2022,42,9.2358507812023163,78.137137756978319
84445bdffffffff,2022,53,22.273276470601559,53.699745181096922
84289e9ffffffff,2022,51,0.062505654990673065,33
84289e9ffffffff,2022,53,0.12454971671104431,49
8429ad3ffffffff,2022,42,3.7926113605499268,40.310779047944145
8427859ffffffff,2022,42,2.0841127224266529,21.82900744853136
8427859ffffffff,2022,51,2521.08484216946,81.77715005196255
8427859ffffffff,2022,52,13381.942279564908,80.286824415906153
8427859ffffffff,2022,53,9843.5224043037069,78.805157935867427
84278c1ffffffff,2022,51,43.384709540754557,58.793779058584249
84278c1ffffffff,2022,52,757.8292094809168,68.039809337487767
84278c1ffffffff,2022,53,2022.6651908005701,72.177522942733574
84261cdffffffff,2022,42,12.479794077575207,27.728209907514877
842b8a3ffffffff,2022,42,47.997438941136295,48.660377433214649
842b8a3ffffffff,2022,53,0.065466329455375671,26
84445e9ffffffff,2022,42,0.075871586799621582,69
842648dffffffff,2022,53,5.6104629617403532,49.760770501830692
8426b4dffffffff,2022,42,0.25779387354850769,39.985786451459035
842a8d7ffffffff,2022,42,0.14406965672969818,37
842a8d7ffffffff,2022,53,0.35912884771823883,24.400081300445311
8426ac7ffffffff,2022,42,1272.8689576156291,60.565628019045043
8426ac7ffffffff,2022,51,5.2097679873599727,24.484274997644548
8426ac7ffffffff,2022,53,343.7128268681613,55.13812227437824
84445bbffffffff,2022,53,0.073956102132797241,37
84278a3ffffffff,2022,51,1.3352975621819496,60.1906289737165
84278a3ffffffff,2022,52,0.25431326031684875,37.9996926759133
84278a3ffffffff,2022,53,8.4531943798065186,38.428054472837559
8427181ffffffff,2022,42,18855.579135932032,81.025866525296962
8427181ffffffff,2022,53,2.9935229681432247,34.55983858773876
8426109ffffffff,2022,51,0.12982219457626343,20
8426109ffffffff,2022,52,0.12989960610866547,20
8426109ffffffff,2022,53,13.445627249777317,21.083179247839336
84268cdffffffff,2022,42,0.62206578254699707,27.995066680196064
84268cdffffffff,2022,53,0.069108188152313232,20
8448c0dffffffff,2022,42,223.95489910578027,58.485114625169338
8427557ffffffff,2022,42,2.2046331167221069,35.313278409394755
8427557ffffffff,2022,53,0.25194437801837921,24.496123216278782
8448837ffffffff,2022,53,2.342536062002182,36.33660971162648
8427803ffffffff,2022,51,302.14247576898208,62.542938491265673
8427803ffffffff,2022,52,523.4867910742322,54.402355215101785
8427803ffffffff,2022,53,979.5937370772748,71.0844575188238
8428c65ffffffff,2022,42,0.18429598584771156,51.00000331503481
8426d41ffffffff,2022,42,0.43033729493618011,15.166672478181455
8426dc5ffffffff,2022,53,0.96332544088363647,35.769021758802282
8426703ffffffff,2022,42,0.42386572223668006,31.789520716705319
842a93dffffffff,2022,42,0.20784951746463776,44.671153729654243
84489a9ffffffff,2022,42,1.3116502836346626,37.593621581852695
84489a9ffffffff,2022,53,1.7741991057991982,27.826159990199933
84274ddffffffff,2022,42,1045.1542738618803,71.1498899604618
84274ddffffffff,2022,53,0.52447780221700668,27.874047441310488
8428963ffffffff,2022,42,0.12805882841348648,49.999967942312452
8428963ffffffff,2022,51,0.25513219833374023,30
8428963ffffffff,2022,52,0.063719086349010468,28
8428963ffffffff,2022,53,0.19127221405506134,23.333832707713061
84446d5ffffffff,2022,42,0.15482695400714874,18
84289e5ffffffff,2022,51,2.1691229678690434,28.928762122910598
84289e5ffffffff,2022,52,0.061994738876819611,22
84289e5ffffffff,2022,53,0.4334321953356266,28.717525189330004
8444e3dffffffff,2022,42,2.1815187899505393,29.709408231327828
8444e3dffffffff,2022,53,6.5259662345051765,40.412867919802125
8427abdffffffff,2022,42,1.5981524123426745,26.193332235038863
8427abdffffffff,2022,51,254.73612197488546,82.44344430101691
8427abdffffffff,2022,52,2.0704927518963814,33.959915685689012
8427abdffffffff,2022,53,67.195266155504129,34.686394916521621
8448c09ffffffff,2022,42,5.9232761636376381,51.783746080132367
84271d7ffffffff,2022,42,2064.8710970123902,66.656459046606813
84271d7ffffffff,2022,53,3.7761288024485111,26.099736583112595
84278adffffffff,2022,42,1.5148625150322914,36.8297245929419
84278adffffffff,2022,51,7.1184076815843582,30.6340268293418
84278adffffffff,2022,52,12.228455685079098,32.135187841850851
84278adffffffff,2022,53,17.444930791854858,34.967946423186419
8444d1bffffffff,2022,53,1.1979531943798065,30.133505527663644
84279e1ffffffff,2022,51,17.172431003302336,30.245390977433576
84279e1ffffffff,2022,52,9.0700820609927177,31.375588163287389
84279e1ffffffff,2022,53,366.28139581091557,77.90402830710228
84445b9ffffffff,2022,53,0.96720147132873535,35.384188919875754
842af21ffffffff,2022,42,1.738127775490284,40.624033203381984
842ad49ffffffff,2022,42,0.29200272262096405,26.500044779613116
8426749ffffffff,2022,53,0.865223117172718,30.999318925594014
84270adffffffff,2022,42,1.3775657825171947,34.089024150597368
842830bffffffff,2022,42,0.14123681932687759,20.499170178437616
842830bffffffff,2022,53,1.4124219194054604,32.600480642556292
842626dffffffff,2022,42,708.7473285507192,63.263023911544487
842626dffffffff,2022,53,5.486304510384798,28.762345472920416
8426991ffffffff,2022,53,0.14314936101436615,39.503568383415093
8426153ffffffff,2022,51,6.8621616289019585,27.997129279217724
8426153ffffffff,2022,52,1.5036237612366676,31.299266982178274
8426153ffffffff,2022,53,2.2880795374512672,24.513206246976136
842a169ffffffff,2022,42,0.26746854186058044,38.998241289037971
842a169ffffffff,2022,53,18.579454347491264,65.464076676024348
84281b5ffffffff,2022,42,75.081408254802227,47.135519202032668
84281b5ffffffff,2022,53,46.287490494549274,60.121769377510091
84269b1ffffffff,2022,42,259.44770398473037,79.310685608240547
8444415ffffffff,2022,53,0.30586500465869904,85.740384569945618
84275bdffffffff,2022,42,2.5246609225869179,38.94559359123641
84275bdffffffff,2022,53,1.5234024822711945,30.95737838587841
8426d83ffffffff,2022,53,18.663723034250971,36.335541280910839
8448d67ffffffff,2022,42,0.075473584234714508,28
8448d67ffffffff,2022,53,0.22648660093545914,32.33381789644541
84489b3ffffffff,2022,51,1.3684910461306572,30.113936983921761
84489b3ffffffff,2022,53,36.359514154932079,52.996784541719833
8426cebffffffff,2022,53,1.1150630414485931,30.340001399694515
8428d4bffffffff,2022,42,0.12243790179491043,42
842b899ffffffff,2022,42,1.0532568767666817,32.806230554650988
842a93bffffffff,2022,42,0.20939305424690247,25.333334163575202
8444da9ffffffff,2022,53,0.58779428154230118,39.62177507487317
8427545ffffffff,2022,42,0.98860470950603485,33.191595571840942
8426b35ffffffff,2022,42,1.8792956620454788,35.679406295548581
842a947ffffffff,2022,42,0.20383591949939728,65.999994590325727
842aa6dffffffff,2022,42,62.272998382034253,57.646320658181004
842aa6dffffffff,2022,53,23.014360927045345,45.982815036910281
8426969ffffffff,2022,53,5.7586553171277046,31.932811295101065
842aa99ffffffff,2022,42,26.602882489562035,47.716468706874615
842aa99ffffffff,2022,53,0.35244990140199661,27.605729370188474
84289a5ffffffff,2022,51,6.261944116126088,32.118298930647761
84289a5ffffffff,2022,52,0.912177812308073,27.931280640282957
84289a5ffffffff,2022,53,4.0093183182179928,36.777615917107347
8428a29ffffffff,2022,42,0.60118504613637924,37.223389416623249
8426e4dffffffff,2022,53,0.82543574273586273,31.331714080148132
8426729ffffffff,2022,53,0.40807342529296875,46.344349444724884
842880dffffffff,2022,42,0.064590610563755035,21
842880dffffffff,2022,53,0.45192499458789825,28.142327465620827
842614dffffffff,2022,53,5.8260768502950668,37.0610872078853
84260d9ffffffff,2022,53,0.53747192770242691,32.869076300577859
842798bffffffff,2022,51,2.46406202763319,26.690031710039943
842798bffffffff,2022,52,17.649795636534691,24.964299125878053
842798bffffffff,2022,53,40.562299745047795,33.727228426199289
8426ea9ffffffff,2022,53,0.50952047109603882,24.571430225886093
8427955ffffffff,2022,51,106.9506481140852,35.351402090887255
8427955ffffffff,2022,52,270.84017877388817,38.645806256405855
8427955ffffffff,2022,53,1313.7973891409736,55.653899419620821
8444c97ffffffff,2022,42,0.86698494106531143,35.749386697856409
84262cdffffffff,2022,42,3.643659234046936,30.610242765562138
84262cdffffffff,2022,53,441.83947333325352,44.288525157663784
84260a5ffffffff,2022,53,1.706876240670681,31.92138678619283
8444c23ffffffff,2022,42,0.14990010857582092,25.499694322631875
8444c23ffffffff,2022,53,1.3498179465532303,34.944789685292392
8444e55ffffffff,2022,53,0.15477826446294785,31.499777774964429
8426c25ffffffff,2022,53,0.73123865574598312,40.906100116510039
84264a7ffffffff,2022,53,63.363432697951794,48.5823035725524
8426747ffffffff,2022,53,0.42973150385945452,36.373229751006704
84275cbffffffff,2022,42,349.96317168076837,61.648707158870934
84275cbffffffff,2022,53,397.94290363788605,67.56785991482532
8444c65ffffffff,2022,53,0.15214481204748154,41.000458851927014
8427525ffffffff,2022,42,10.507625684142113,28.64635769214614
8427525ffffffff,2022,53,9.8567427848776177,32.315201088117462
8412dadffffffff,2022,42,0.88798529694185535,20.56962557329096
8412dadffffffff,2022,52,0.059778302907943726,29
8412dadffffffff,2022,53,2.6765530556440353,24.067966123954662
8426ea5ffffffff,2022,53,0.94843985140323639,32.5268849628573
8444a11ffffffff,2022,42,0.24174996465444565,60.667612276721783
8426d13ffffffff,2022,53,1.18156698346138,40.187536152026759
8426c6bffffffff,2022,42,0.0720490887761116,25
8426c6bffffffff,2022,53,5.6855606958270073,36.229350598877645
8426de7ffffffff,2022,53,2.915676437318325,36.073289487967621
842a89bffffffff,2022,42,0.5080413818359375,30.714281438302486
842818dffffffff,2022,42,1.3261009082198143,31.73983512917523
842818dffffffff,2022,53,0.066260747611522675,68
84275d7ffffffff,2022,42,34.78017794022373,34.682201234894016
84275d7ffffffff,2022,53,54.832749124747863,38.918671462359512
8448ce1ffffffff,2022,42,0.0740371122956276,26
84275d3ffffffff,2022,42,1.6481881663203239,29.960687069611684
8426d01ffffffff,2022,42,1.673858642578125,27.520848792145539
842a85dffffffff,2022,42,0.48163606971502304,24.998166112578968
84281e9ffffffff,2022,42,0.1999935582280159,46
8428f0bffffffff,2022,42,128.26017199459613,42.453298459999729
8428f0bffffffff,2022,53,19.3383571729064,42.970697790309067
84268d1ffffffff,2022,42,0.21053429692983627,33.331353818915268
84268d1ffffffff,2022,53,118.2790287360549,30.554545786478336
8426657ffffffff,2022,42,1.4389547854661942,50.381230425366134
8426657ffffffff,2022,53,0.99633291948075386,34.077791817169668
8426485ffffffff,2022,53,1.0200216546654701,39.008898835673548
842a949ffffffff,2022,42,10.393029160797596,38.224679271631992
842895bffffffff,2022,42,3.0827717557549477,34.704575617042025
842895bffffffff,2022,53,0.25667411088943481,21.499354198533908
842af07ffffffff,2022,42,0.072450876235961914,31
8426b41ffffffff,2022,42,0.25897906720638275,33.494373896671142
842623bffffffff,2022,42,4752.61955548674,83.676076751415735
842623bffffffff,2022,53,1240.9898485811025,62.770098581953619
8428b53ffffffff,2022,42,0.33359101414680481,26.601116370929912
842836dffffffff,2022,42,18.494970016181469,27.589944773181731
842836dffffffff,2022,51,0.143064484000206,19.999552125088339
842836dffffffff,2022,53,0.071317434310913086,21
84262c9ffffffff,2022,42,157.60640185896088,50.667315041249182
84262c9ffffffff,2022,53,2702.4140599500611,63.721743966269457
8426107ffffffff,2022,42,5.2776161506772041,29.125688361850237
8426107ffffffff,2022,53,75.985403264036364,56.152853541517153
842606dffffffff,2022,42,0.12839633226394653,24
842606dffffffff,2022,52,0.44939780235290527,21.572527927048014
842606dffffffff,2022,53,1.1552107855677605,27.054346898825074
8427845ffffffff,2022,51,134.52625573414798,63.925978858590959
8427845ffffffff,2022,52,10.959375329315662,32.333734740039532
8427845ffffffff,2022,53,69.894902699367677,43.30586791356253
842a891ffffffff,2022,42,0.0724165067076683,21
8426c05ffffffff,2022,42,0.0728454440832138,17
8426c05ffffffff,2022,53,3.1317759454250336,38.874755491896593
8427403ffffffff,2022,42,0.063445672392845154,90
8426b0dffffffff,2022,42,0.06556980311870575,31
8448c05ffffffff,2022,42,15.89703291970141,33.058410448179735
842694bffffffff,2022,42,1.8916306868195534,32.038656455871212
84278c5ffffffff,2022,51,2.3433807790279388,40.978688459031666
84278c5ffffffff,2022,52,421.87551654732107,72.043953397337674
84278c5ffffffff,2022,53,684.9829793660665,62.323612932056413
842a129ffffffff,2022,42,0.47464265674352646,31.011192353233024
8426213ffffffff,2022,42,156.68603259906465,82.271654861830385
8426213ffffffff,2022,53,405.51857959183991,58.916623909566006
842aa35ffffffff,2022,42,2.6573485285043716,37.898817565975293
8428f4bffffffff,2022,42,414.49029474801875,48.080614852082583
8428f4bffffffff,2022,53,143.57061016997869,51.627571733014769
8427569ffffffff,2022,42,0.6794978566467762,32.909685964602986
8428aa9ffffffff,2022,51,0.32437598705291748,26.200369924364118
8428aa9ffffffff,2022,52,0.12941432744264603,28
8428aa9ffffffff,2022,53,1.1005427241325378,27.115184320682097
842a8ddffffffff,2022,53,0.28492320328950882,31.247292062639925
8428f1dffffffff,2022,42,0.12563303112983704,42.974637087256809
84270b3ffffffff,2022,42,0.92362556606531143,29.595327705353665
84270b3ffffffff,2022,53,0.36992406845092773,33.331362589296418
8427821ffffffff,2022,51,0.24359545111656189,20.496791663806889
8427821ffffffff,2022,52,8.768049456179142,28.996341843768516
8427821ffffffff,2022,53,4.3849675506353378,31.01504368735058
842791dffffffff,2022,51,20.339287159781829,27.621752520331345
842791dffffffff,2022,52,228.34895771880653,55.061995476532907
842791dffffffff,2022,53,156.49497994538032,40.4412462089159
8429a85ffffffff,2022,42,1.814384825527668,34.599675334457345
8429a85ffffffff,2022,51,0.21729592233896255,29.333233761809762
8429a85ffffffff,2022,53,19.136491142213345,59.528977198356237
8426d91ffffffff,2022,53,10.770541947174307,33.318360144959208
842634dffffffff,2022,42,115.07725374331955,47.412555708464488
842634dffffffff,2022,52,0.18391891568899155,34.656223963374948
842634dffffffff,2022,53,56.38310927742836,33.607373646746659
8426045ffffffff,2022,42,0.25667418539524078,25.50286381285278
8426045ffffffff,2022,53,0.57719649374485016,25.00030658318558
842831dffffffff,2022,42,0.35215587913990021,21.79717473792018
842831dffffffff,2022,53,0.49319041520357132,30.004002936963555
842a851ffffffff,2022,42,0.069058403372764587,24
842ab5bffffffff,2022,42,170.05852829130257,65.2021376050672
842ab5bffffffff,2022,53,1.661030113697052,35.000040190241947
8426827ffffffff,2022,42,0.13855685293674469,44
84269c1ffffffff,2022,42,0.56001468747854233,27.749125720580302
8427501ffffffff,2022,42,22.956729792058468,45.061399125970112
8428d17ffffffff,2022,42,51.704307604581118,76.0697443079221
8428d17ffffffff,2022,53,0.17750090360641479,27
8426d97ffffffff,2022,53,25.886444960826751,39.055957800108146
8426995ffffffff,2022,42,4.1518379971385,31.000028445029194
8426995ffffffff,2022,53,0.64359910041093826,37.661232774834978
8426201ffffffff,2022,42,426.11756513849195,52.702986490045149
8426201ffffffff,2022,53,81.063372793223934,48.878822662764669
842b891ffffffff,2022,42,0.33129203319549561,34.00373810892026
842b891ffffffff,2022,53,0.19846468418836594,65.668238837466561
8448ca7ffffffff,2022,42,5.8847793936729431,31.81135706151354
8427457ffffffff,2022,42,0.063487723469734192,28
8444e89ffffffff,2022,53,5.1373324394226074,31.073631166448095
8428945ffffffff,2022,51,16.592232689261436,47.226552936094826
8428945ffffffff,2022,53,18.6570565700531,58.248542641781789
8426ad3ffffffff,2022,42,20.393529635463278,58.193665474838426
8426ad3ffffffff,2022,53,155.64696606818367,52.71146219349901
844469dffffffff,2022,42,0.15370051562786102,30.500443737059083
8427809ffffffff,2022,42,0.36084254086017609,21.33333620336828
8427809ffffffff,2022,51,183.51558606817443,57.63852014926384
8427809ffffffff,2022,52,3108.8154749739988,70.606749779729967
8427809ffffffff,2022,53,6637.82017320225,86.987677491426879
842ab19ffffffff,2022,42,0.80529623478651047,40.415898368017309
84445a1ffffffff,2022,42,0.43991152609095852,66.6875550633921
8426069ffffffff,2022,42,0.19256311655044556,21.333136238176998
842830dffffffff,2022,42,91.858503088355064,46.522088626546193
842830dffffffff,2022,51,2.052697628736496,30.102840115821945
842830dffffffff,2022,53,0.92116964608430862,56.373424808858445
8429ae9ffffffff,2022,42,0.73362963646650314,35.704362952192795
8444c67ffffffff,2022,42,0.075735516846179962,22
8444c67ffffffff,2022,53,0.68202072381973267,38.892712954938069
8427547ffffffff,2022,42,18.281812764704227,34.674537958701194
8427547ffffffff,2022,53,0.31065770983695984,23.002694613736857
842989bffffffff,2022,53,0.48662061244249344,28.142876438916637
8427913ffffffff,2022,42,1.3563544787466526,31.3181567308539
8427913ffffffff,2022,51,11.196194376796484,29.055937873175854
8427913ffffffff,2022,52,156.61702401936054,58.131103632517579
8427913ffffffff,2022,53,147.63518369570374,34.025515715152871
84262c5ffffffff,2022,42,1.2871400713920593,24.247300827423413
84262c5ffffffff,2022,53,181.46166384795717,47.007775063933742
8426041ffffffff,2022,42,0.064100369811058044,38
84281ebffffffff,2022,42,1.8608746975660324,41.604914205371863
84281ebffffffff,2022,52,0.13264913111925125,28
8448ce3ffffffff,2022,42,1.9183372929692268,39.461231158661448
8426cedffffffff,2022,53,2.73557498306036,45.514196317006189
84279c1ffffffff,2022,51,4.4684585966169834,32.30418362246985
84279c1ffffffff,2022,52,11.30812793597579,26.660292353198898
84279c1ffffffff,2022,53,551.77411013967264,75.415312589476315
84279bbffffffff,2022,42,0.064253725111484528,67
8428915ffffffff,2022,51,0.945082351565361,28.998766244062939
8428915ffffffff,2022,52,0.12628786265850067,39
8428915ffffffff,2022,53,0.56685876101255417,32.109896514303323
842aa03ffffffff,2022,42,58.660920925438404,72.46870177250895
8426e41ffffffff,2022,42,0.069460690021514893,20
84262d3ffffffff,2022,53,58.258193753659725,53.749908370971518
8427a9dffffffff,2022,42,550.15499050542712,65.71937911829427
8427a9dffffffff,2022,51,0.12094022333621979,34
8427a9dffffffff,2022,52,0.30196991935372353,29.005039216102091
8427a9dffffffff,2022,53,1269.1227397967205,78.204094679328136
8444f1dffffffff,2022,53,0.077257998287677765,49
8427893ffffffff,2022,53,4.1443600107933962,42.046852221258355
8448e83ffffffff,2022,42,0.45278120040893555,34.833418505167181
8448e83ffffffff,2022,51,766.2624838873744,80.929380690446877
84274dbffffffff,2022,42,43.367056400460356,46.22857473763608
8444d39ffffffff,2022,53,1.9529862925410271,25.846345197328716
8428d3bffffffff,2022,42,25.469505606094998,44.852909514154973
8428855ffffffff,2022,42,1581.4046613576365,64.888534004647738
8428855ffffffff,2022,51,0.71369908004999161,23.182776402672779
8428855ffffffff,2022,52,0.12921956181526184,19
8428855ffffffff,2022,53,561.53980229894319,46.862631556126004
8428183ffffffff,2022,42,0.78876807540655136,27.996609640812412
8428183ffffffff,2022,53,0.59133425354957581,39.89498948814591
8444e11ffffffff,2022,53,1.1500370353460312,40.533350400444149
842b139ffffffff,2022,53,1.5419776178896427,25.119354885352468
8427941ffffffff,2022,51,1215.04314016095,65.24476696707373
8427941ffffffff,2022,52,7290.2713322844429,59.058527890601823
8427941ffffffff,2022,53,5709.5508816125785,64.40027757960479
842aa4dffffffff,2022,42,369.56894937592978,61.25601114869275
842aa4dffffffff,2022,53,9.7597155198454857,47.356746575961267
8426301ffffffff,2022,42,5.192442461848259,33.204930330165325
8426301ffffffff,2022,51,0.06283443421125412,24
8426301ffffffff,2022,52,0.96091787359293768,33.797997869467579
8426301ffffffff,2022,53,66.198784324731321,27.25935254598388
8426583ffffffff,2022,53,0.073022179305553436,24
84488dbffffffff,2022,53,0.077748008072376251,39
842798dffffffff,2022,42,0.1257929652929306,27.499255137190154
842798dffffffff,2022,51,1090.4827879246836,55.766763728017956
842798dffffffff,2022,52,1110.6636962699831,59.112598613346151
842798dffffffff,2022,53,38.142767711422024,31.515883434047225
8428f15ffffffff,2022,42,0.93824482709169388,46.999325501354178
8428f15ffffffff,2022,53,0.06235208734869957,32
84485b1ffffffff,2022,52,12.026443637352365,30.695881885912616
84485b1ffffffff,2022,53,0.15107602626085281,34.504928594012128
84261b9ffffffff,2022,53,3.985045813024044,28.070250174626235
842742bffffffff,2022,42,325.08777076005936,60.239220673686944
842742bffffffff,2022,53,16.704556904733181,29.83839351453577
84445b5ffffffff,2022,42,1.1857900172472,42.437516503665044
84445b5ffffffff,2022,53,4.4344782781951571,37.809972639493381
8428325ffffffff,2022,53,0.13942892849445343,34
842899bffffffff,2022,51,90.100056825125336,45.262547644986064
842899bffffffff,2022,52,14.114860371763216,33.636533562577483
842899bffffffff,2022,53,38.343191490585312,34.755209134152345
8428b07ffffffff,2022,42,291.97319309959812,80.701798242656139
8428b07ffffffff,2022,53,2.3800870850682259,29.667444950464702
8429ac9ffffffff,2022,42,9.242808885872364,34.764534434372266
8426f13ffffffff,2022,53,0.14283169806003571,25
8427981ffffffff,2022,42,0.758037693798542,28.001091131432055
8427981ffffffff,2022,51,70.977774423360827,36.37393651139179
8427981ffffffff,2022,52,543.08162718453241,36.932651635576278
8427981ffffffff,2022,53,237.88655403285634,59.044370261533437
84266e1ffffffff,2022,42,0.1397697776556015,41.99991588298716
8448913ffffffff,2022,42,6.9668360501527786,48.978563135696291
8448913ffffffff,2022,53,3.3689506128430367,30.768941659942083
84289c7ffffffff,2022,51,0.12439417093992233,28
8426801ffffffff,2022,42,0.34163989126682281,30.394776980830297
8426801ffffffff,2022,53,0.89017732441425323,38.000414630099044
8429ab1ffffffff,2022,42,0.21507053822278976,39.995104426171451
8428f6dffffffff,2022,42,0.25562484562397003,34.000002273430368
8428f6dffffffff,2022,52,0.063885480165481567,26
8428f6dffffffff,2022,53,0.63900476694107056,19.499847211768685
84274b5ffffffff,2022,42,5.4910385236144066,26.145177894525336
84274b5ffffffff,2022,53,0.066971465945243835,32
8428a31ffffffff,2022,42,0.32936221361160278,22.604953399347533
8428a31ffffffff,2022,53,1.7135877683758736,29.614675617183984
8427635ffffffff,2022,42,0.06177457794547081,49
8426b5dffffffff,2022,42,7.8083444014191628,37.127109653515625
8426135ffffffff,2022,42,6.0513505935668945,33.0876674895919
8426135ffffffff,2022,51,0.066493116319179535,35
8426135ffffffff,2022,53,1.9948433488607407,28.099571028735422
842aa81ffffffff,2022,42,3.2843423187732697,28.893909935825427
8426949ffffffff,2022,42,0.13418129086494446,52
8429a63ffffffff,2022,42,2.7648905217647552,78.0806597920927
8426025ffffffff,2022,42,23.501578435301781,35.123103577410511
8426025ffffffff,2022,51,1.3786679580807686,33.337426955173413
8426025ffffffff,2022,52,0.45990113914012909,24.858808979931371
8426025ffffffff,2022,53,1.1158850267529488,22.17481176148317
842608dffffffff,2022,42,1.8860655799508095,54.999540880848514
84289b5ffffffff,2022,51,0.36044948175549507,45.670532413219242
84289b5ffffffff,2022,52,35.370606506265261,54.779346601182247
84289b5ffffffff,2022,53,429.56769943593758,59.82073023280158
8448e8bffffffff,2022,42,0.45552500337362289,34.333173376812461
8427711ffffffff,2022,53,0.18288581818342209,76
8428d09ffffffff,2022,42,0.3628733716905117,30.002564664066519
84489d9ffffffff,2022,53,0.31138961762189865,39.749434506243922
842750dffffffff,2022,42,5.3146261461079121,42.520173770303977
8426ca3ffffffff,2022,53,4.7662240192294121,47.716868595188664
84262d9ffffffff,2022,42,7.1928535103797913,33.3926200911586
84262d9ffffffff,2022,53,152.38524015458191,50.1474084157041
8444417ffffffff,2022,53,0.45765624940395355,68.669041035703984
842788bffffffff,2022,51,269.80173608552593,81.504046429726472
84261d3ffffffff,2022,53,3.1181380078196526,29.260869455407381
842a8bbffffffff,2022,53,0.65222279727458954,30.886812467216362
8427409ffffffff,2022,42,116.44720692932606,63.337733255295888
8427409ffffffff,2022,53,0.062679260969161987,42
842a8b9ffffffff,2022,53,0.7233702689409256,30.901344449389043
842b997ffffffff,2022,42,2466.1426872456186,66.9540927014146
842b997ffffffff,2022,52,0.065529800951480865,27
842b997ffffffff,2022,53,1249.6124659399484,64.348404063149843
8426a15ffffffff,2022,42,2.1229057833552361,37.436284290428155
842a8d3ffffffff,2022,42,3.9589978232979774,39.763606405404857
842a8d3ffffffff,2022,53,9.0697553381323814,44.293572843677168
84276b5ffffffff,2022,42,2486.2171650558125,77.551962695358441
84276b5ffffffff,2022,53,0.0648590624332428,28
8426335ffffffff,2022,51,0.19211931526660919,16.998222511304469
8426335ffffffff,2022,52,0.44766280800104141,26.859738881805782
8426335ffffffff,2022,53,11.380542539060116,33.12471224494557
84278d5ffffffff,2022,42,8.4965787678956985,39.488540187275227
84278d5ffffffff,2022,51,220.65542877634951,46.879179118282188
84278d5ffffffff,2022,52,259.41655634343624,59.768514850731513
84278d5ffffffff,2022,53,1321.1422831088889,71.329403302018065
8448ca1ffffffff,2022,42,0.43777400255203247,38.8454406614684
8427a9bffffffff,2022,42,665.11265659725245,59.832659694039066
8427a9bffffffff,2022,52,27.63332043307669,47.636187230042324
8427a9bffffffff,2022,53,175.83630211568055,65.998941379313365
8444e23ffffffff,2022,42,3.3804783821105957,26.930893319328341
8444e23ffffffff,2022,53,21.431591242551804,47.856480428974066
842782bffffffff,2022,51,5.4238104522228241,28.339787052190104
842782bffffffff,2022,52,684.90577853041532,60.575791590171626
842782bffffffff,2022,53,533.72635930222918,47.260264879639529
8426c9dffffffff,2022,42,0.075153671205043793,25
8427b33ffffffff,2022,51,36.911403960340166,22.014195623079743
8427b33ffffffff,2022,52,729.87436922849986,49.4070939477525
8427b33ffffffff,2022,53,3813.2083746035455,47.995554219389611
844883dffffffff,2022,42,19.429408118128777,48.182911652687004
844883dffffffff,2022,53,2.7528789415955544,44.576557701883544
84446cdffffffff,2022,42,0.78179814666509628,52.200174960403331
8426745ffffffff,2022,53,0.3093654431548773,34.3953840242298
8426117ffffffff,2022,42,0.39796439558267593,23.001656329870983
8426117ffffffff,2022,51,1.2660286501049995,26.894790737259402
8444e01ffffffff,2022,42,0.61775641888380051,39.50086279299277
8444e01ffffffff,2022,53,1.0042169392108917,31.84957861675219
8428315ffffffff,2022,42,3.0150961354374886,25.558356250016047
8428315ffffffff,2022,53,0.28068342804908752,32.749556495723745
8427827ffffffff,2022,51,6.6818402484059334,27.329145259473659
8427827ffffffff,2022,52,10.131523381246655,29.26737399616048
8427827ffffffff,2022,53,61.04443745687604,32.895319906891316
842b8e7ffffffff,2022,42,2.1933442875742912,33.530028564194424
842b8e7ffffffff,2022,53,0.12901431322097778,17
8427961ffffffff,2022,51,3390.86055359817,64.123947190818768
8427961ffffffff,2022,52,2525.3136635726132,55.064313595656039
8427961ffffffff,2022,53,968.58834166167424,41.20111445676045
84276adffffffff,2022,42,464.54704159261553,59.607627717490871
84276adffffffff,2022,53,1.6509358361363411,28.002458800693226
8428f03ffffffff,2022,42,25.49236985696297,36.874251104745255
8428f03ffffffff,2022,53,11.636577759332518,43.787879880960645
84269e7ffffffff,2022,42,0.0708697959780693,51
8426da5ffffffff,2022,53,6.55531420558691,32.918412695870025
84444b9ffffffff,2022,53,3.267789900302887,29.159068162092815
8448e87ffffffff,2022,51,14.775842082120624,41.491889633756024
842b881ffffffff,2022,42,0.065291814506053925,30
842ab1bffffffff,2022,42,0.40492448955774307,30.669662174600759
8444d57ffffffff,2022,53,3.6274641752243042,27.394846219730113
8428b3dffffffff,2022,42,339.61862645710215,89.5406588838885
8428b3dffffffff,2022,53,0.65756676346063614,33.995282737368363
8426357ffffffff,2022,42,10.513411059975624,33.248236905658061
8426357ffffffff,2022,53,0.37674819678068161,32.32612062261957
84444e9ffffffff,2022,53,2.425992451608181,99.031499138105488
8426761ffffffff,2022,53,0.33614450693130493,29.19898071998055
8444de7ffffffff,2022,53,2.7348098903894424,35.998693477798739
8448cc5ffffffff,2022,42,2.8292566612362862,44.579022528314319
842a907ffffffff,2022,42,2.7595872953534126,51.596404213807084
842aad3ffffffff,2022,42,33.92062890810125,38.239264650396152
842aad3ffffffff,2022,53,0.070074431598186493,28
8429aabffffffff,2022,42,0.57732550054788589,39.122102704885236
8428365ffffffff,2022,42,1.3471519276499748,30.634028679487177
84278b7ffffffff,2022,42,0.5786011591553688,39.995864099055282
84278b7ffffffff,2022,51,0.12839867174625397,59
842688dffffffff,2022,42,6.0541215091943741,55.594553594107268
842688dffffffff,2022,53,0.14085741341114044,37.000476473537262
8428a2bffffffff,2022,53,0.20034628361463547,31.666612817698223
8429a91ffffffff,2022,42,0.14412346482276917,26
842b8abffffffff,2022,42,20.559572659432888,41.878637066504176
842b8abffffffff,2022,53,0.065332546830177307,20
84274b9ffffffff,2022,42,52.756993480026722,49.298274548965168
84274b9ffffffff,2022,53,0.600816085934639,20.554458478944177
8426899ffffffff,2022,42,2.1226118803024292,55.696722855229034
8426899ffffffff,2022,53,0.14164093136787415,31
842b8d7ffffffff,2022,42,1.1117761731147766,38.99716066347964
842b8d7ffffffff,2022,53,0.19634366780519485,38.318188074201295
842625dffffffff,2022,42,38.858969989901077,32.169675756858368
842625dffffffff,2022,53,11.272684477357304,29.239119179389252
84488d9ffffffff,2022,53,0.38990288227796555,43.799039816628792
8426e3dffffffff,2022,42,0.21302253007888794,41.333387312268727
842aa55ffffffff,2022,42,13.058807730674744,39.7031476061041
8427aa3ffffffff,2022,51,0.1823815293610096,36.012465667023484
8427aa3ffffffff,2022,52,2.1886447481811047,27.274185482551168
8427aa3ffffffff,2022,53,21.8555555460792,34.942949177952023
84289b9ffffffff,2022,51,0.18227611109614372,28.329920795425718
84289b9ffffffff,2022,52,1.09301533177495,43.451123525488669
84289b9ffffffff,2022,53,5.89179790019989,34.346617483130608
84446b3ffffffff,2022,42,0.076014943420887,19
8427aabffffffff,2022,51,6.52052890136838,32.405032327786522
8427aabffffffff,2022,52,542.894470133428,69.171378070277513
8427aabffffffff,2022,53,508.73532128897955,56.910616866348157
84262a9ffffffff,2022,42,1.3751084953546524,58.764859644466405
84262a9ffffffff,2022,53,33.135118775069714,56.064773114088133
8444c45ffffffff,2022,42,0.68664949387311935,27.110314333570219
8444c45ffffffff,2022,53,6.01827459782362,38.80701598199056
8428163ffffffff,2022,53,2.0393538624048233,38.002984278217831
842ad27ffffffff,2022,42,0.29726624488830566,26.999635774868164
842ad27ffffffff,2022,53,183.02743897587061,68.836534729071062
8426ca7ffffffff,2022,42,0.075745068490505219,25
8426ca7ffffffff,2022,53,3.4804537892341614,49.832839521289827
8426f45ffffffff,2022,53,1.3174609318375587,31.056824246246236
844891dffffffff,2022,42,0.39450734108686447,41.400320631516458
844891dffffffff,2022,53,0.078941434621810913,24
844443bffffffff,2022,53,0.83796875923871994,67.08436129468285
84274b1ffffffff,2022,42,114.18999004364014,56.3784789924416
84274b1ffffffff,2022,53,0.33515799790620804,26.994901047913661
842891bffffffff,2022,42,0.88607121258974075,31.649570438337673
842891bffffffff,2022,53,0.19000748544931412,26.999555413921676
8448ca3ffffffff,2022,42,0.29077072441577911,26.249387379157376
84268c7ffffffff,2022,53,0.069901749491691589,35
84444ebffffffff,2022,53,6.9881830907919831,100
8426f4dffffffff,2022,53,130.29933051019907,55.792909680196111
8448827ffffffff,2022,42,1.57206841558218,42.703362109695725
8448827ffffffff,2022,53,1.0219463482499123,33.460642826244865
84271b5ffffffff,2022,42,4492.14602742857,64.110257425407369
84271b5ffffffff,2022,52,0.18329090625047684,29
84271b5ffffffff,2022,53,45.668556045740843,49.35334085775439
8426237ffffffff,2022,42,128.14111347289062,54.641430405385414
8426237ffffffff,2022,53,5.7798053159433254,30.520368643807156
8428a81ffffffff,2022,53,0.064955577254295349,33
8448863ffffffff,2022,42,0.15906085819005966,32.999996486919841
84445b3ffffffff,2022,53,0.07385651022195816,37
8448dc7ffffffff,2022,42,3.2475095316767693,29.38376383327
8444f17ffffffff,2022,42,1.0731751173734665,27.931219125836684
8444f17ffffffff,2022,53,0.3828001394867897,35.0035062287162
8426b51ffffffff,2022,42,303.32451835263009,72.09123497534344
8448ea9ffffffff,2022,42,0.68147702515125275,38.000195405306556
84262d1ffffffff,2022,42,2.7318326979875565,39.630535767897996
84262d1ffffffff,2022,53,42.255355177702853,38.589896944601136
8426c5dffffffff,2022,42,0.21634938567876816,31.001109996744603
8426c5dffffffff,2022,53,16.08360243588686,41.96377611469714
8426f59ffffffff,2022,53,0.069614343345165253,22
8426d4bffffffff,2022,53,1.0038103610277176,23.714388703985403
8427855ffffffff,2022,51,184.44006776809692,72.736563800640482
8427855ffffffff,2022,52,5282.6241120985469,71.591591775880417
8427855ffffffff,2022,53,5345.711418724557,79.882550911686181
8429ac1ffffffff,2022,42,23.264565154910088,41.774647287613647
842aac1ffffffff,2022,42,33.456499442458153,37.5337841250933
842886bffffffff,2022,42,0.064771354198455811,43
8429aebffffffff,2022,42,2.3379031419754028,33.155444027619559
8429aebffffffff,2022,51,0.29274114221334457,24.002871111795915
8426265ffffffff,2022,42,85.595019116997719,38.177061689223457
8426265ffffffff,2022,53,121.89387663453817,66.390341728093986
842a9edffffffff,2022,42,0.14002563804388046,31.500012104976697
8428935ffffffff,2022,51,1235.3960569039425,84.951563075641431
8428935ffffffff,2022,52,10.128549337387085,31.838479997232373
8428935ffffffff,2022,53,110.56916996452446,61.598049204958905
8444ec5ffffffff,2022,53,0.1521393358707428,27
8428b67ffffffff,2022,42,68.765958026051521,77.768958054043154
8428b67ffffffff,2022,53,145.36562538892031,66.068870431295608
8426061ffffffff,2022,42,0.064506858587265015,28
8426061ffffffff,2022,51,0.12924222648143768,21
8426061ffffffff,2022,53,3.4903778359293938,28.002085114915317
8429ad1ffffffff,2022,42,39.112875416874886,61.67471277695536
8429ad1ffffffff,2022,51,1.1722738221287727,34.436415323411005
842aa43ffffffff,2022,42,10.197798267006874,45.169539915442812
842aa43ffffffff,2022,53,0.066526509821414948,28
8448e33ffffffff,2022,42,3.3698450326919556,43.912994231897635
842b181ffffffff,2022,42,0.19207533448934555,26.666668683740813
8426c97ffffffff,2022,42,0.075896561145782471,26
84444d9ffffffff,2022,42,0.15111052989959717,54
8429a9bffffffff,2022,42,217.50401274114847,33.015556119425874
8429a9bffffffff,2022,51,2.81953027844429,24.924731787528117
8429a9bffffffff,2022,53,27.711115628480911,54.925718346729866
8426aa7ffffffff,2022,42,51.083937345941862,35.454576021153656
8426aa7ffffffff,2022,53,183.8678143247962,89.857924632160689
8426ae9ffffffff,2022,42,2245.2334505341219,69.316347457677011
8426ae9ffffffff,2022,51,4.4895912210438764,33.088945679504747
8426ae9ffffffff,2022,53,2.4103297144174576,24.973231008754261
8427835ffffffff,2022,52,3.5732935294508934,30.962229803031484
8427835ffffffff,2022,53,8.2970149988929425,34.922415300809604
8426297ffffffff,2022,53,54.077142938971519,62.357861509177837
844886dffffffff,2022,42,0.88082738220691681,53.81354290400359
844886dffffffff,2022,53,1.5207461044192314,36.263287544982795
8428a15ffffffff,2022,42,0.13293850421905518,32
8428a15ffffffff,2022,53,0.066592387855052948,34
8426113ffffffff,2022,42,2.2544321119785309,45.796080295598237
84446c9ffffffff,2022,42,48.87081054598093,51.686986666798248
84269a9ffffffff,2022,42,0.28439143300056458,54.276227279105377
8426ab5ffffffff,2022,42,0.069238379597663879,25
8426d17ffffffff,2022,53,0.22141015529632568,30.003341772001964
8428105ffffffff,2022,53,0.40587280690670013,36.835850215930783
8426a93ffffffff,2022,42,6.47241298854351,34.021308296581033
8426a93ffffffff,2022,53,6.1975273340940475,30.644050369823791
8426821ffffffff,2022,42,1.3786347880959511,28.350053545170631
8426a23ffffffff,2022,42,0.13245493173599243,54
842b103ffffffff,2022,53,6.0907165557146072,32.395161406572534
84261a9ffffffff,2022,42,0.33921507745981216,21.800059619566806
84261a9ffffffff,2022,53,11.391189843416214,28.337908496569579
8426f35ffffffff,2022,53,0.71531351655721664,35.400020602502373
84275a3ffffffff,2022,42,1.1921458840370178,37.553891167037627
84275a3ffffffff,2022,53,0.86090750247240067,27.923128125442208
84289b7ffffffff,2022,51,1.8559627868235111,40.771738273992675
84289b7ffffffff,2022,52,96.721990451392,57.854732389049929
84289b7ffffffff,2022,53,344.90413472420153,56.432344320153433
8426359ffffffff,2022,42,926.96354468438551,59.0079746786714
8426359ffffffff,2022,53,5.35123752535266,34.556669502602958
842662dffffffff,2022,42,12.76471108943224,37.652306190076452
842a149ffffffff,2022,42,0.20035716146230698,51.666671376956039
8426c87ffffffff,2022,42,0.22599727660417557,43.653606300840728
8426ec5ffffffff,2022,53,0.14351674914360046,50
8426a9dffffffff,2022,42,1524.3283977840463,55.951145600682985
8426a9dffffffff,2022,53,787.91132898879982,77.385188902615141
8427581ffffffff,2022,42,38.684429637561827,34.098926254366141
8427581ffffffff,2022,53,55.700710822612635,32.479434501585786
8428b2bffffffff,2022,42,142.82022393088715,81.922033377554811
8428b2bffffffff,2022,53,5.0849081054329872,36.626651289308619
8444f5dffffffff,2022,53,287.15485140774763,51.188700895193428
8426b31ffffffff,2022,42,2.5531222000718117,36.608960574952548
84268d7ffffffff,2022,42,3.8124479427933693,40.264444555755738
84279c3ffffffff,2022,51,1.2469618432223797,28.60192764846019
84279c3ffffffff,2022,52,9.17102392827179,28.555872633815543
84279c3ffffffff,2022,53,204.71414676067585,73.900399445733242
84271d3ffffffff,2022,42,37.807557919489987,37.150172714493273
84271d3ffffffff,2022,53,1.5520282872021198,25.847003140547304
842ab37ffffffff,2022,42,0.067822784185409546,25
8428b63ffffffff,2022,42,0.79945667833089828,34.5848741439278
8428b63ffffffff,2022,53,29.255013445282685,42.113862331422474
8427937ffffffff,2022,51,104.76232320293784,37.552920697812482
8427937ffffffff,2022,52,15.366518460214138,31.634156957466498
8427937ffffffff,2022,53,90.102304261177778,45.5714923226101
8444c95ffffffff,2022,42,0.7238277941942215,33.502932295103882
84288edffffffff,2022,53,1.2746600940823556,27.720072231475633
8427823ffffffff,2022,51,1.0400558449327946,25.876674163470536
8427823ffffffff,2022,52,61.652614213526249,32.906312088767862
8427823ffffffff,2022,53,57.509089840028217,36.024496213813805
8428853ffffffff,2022,42,50.406836361920128,60.988883213674839
8428853ffffffff,2022,51,0.064414538443088531,19
8428853ffffffff,2022,52,0.064736880362033844,29
8428853ffffffff,2022,53,10.201600834727287,34.816446932716012
8426337ffffffff,2022,51,1.8001060858368874,25.785543165128633
8426337ffffffff,2022,52,126.49647588361712,47.375736495988626
8426337ffffffff,2022,53,154.73099794165762,61.00969742423819
8428129ffffffff,2022,53,4.2553384825587273,50.955408476159974
8426ab9ffffffff,2022,42,139.80930418196846,72.507415801877855
8426c07ffffffff,2022,42,2.5601986348629,33.426795073164321
8426c07ffffffff,2022,53,17.989922733371163,41.019787857714192
8428951ffffffff,2022,42,0.06416890025138855,37
8426985ffffffff,2022,42,2547.3588409889271,59.130245643881842
842616bffffffff,2022,53,4.074002742767334,40.350114706311111
8429ad5ffffffff,2022,42,5.037703163921833,39.797093419959474
8428301ffffffff,2022,42,8.4687721952795982,34.957446360295364
8428301ffffffff,2022,51,0.14114685356616974,26
8428301ffffffff,2022,53,6.5641131848096848,38.516232791751221
842698dffffffff,2022,42,3.5352401360869408,33.340559698364842
842ab35ffffffff,2022,42,0.20250026881694794,37.6666675742259
8444c41ffffffff,2022,42,53.940460890619192,50.945978603803063
8444c41ffffffff,2022,53,73.669405594468117,53.959853862532327
84444e3ffffffff,2022,53,2.2605330422520638,100
8428999ffffffff,2022,51,4.8904621397747716,44.72768339095304
8428999ffffffff,2022,52,0.24550320208072662,18.49746965802008
8428999ffffffff,2022,53,4.1287743705014393,35.1335326998745
842aa0dffffffff,2022,42,179.73169380572497,62.540582762289247
842aa0dffffffff,2022,53,0.1335134357213974,26.50208026062689
8426029ffffffff,2022,42,0.32677929848432541,24.201658657203129
8426029ffffffff,2022,51,0.13079867511987686,19.999995613910421
8426029ffffffff,2022,53,0.13095267117023468,27
8428a27ffffffff,2022,42,62.607086594578092,36.50001334452142
8428a27ffffffff,2022,53,1.3849191144108772,36.6680527295419
842aab1ffffffff,2022,42,0.99161016941070557,40.357567390546713
842aab1ffffffff,2022,53,0.14164347946643829,24
84265b5ffffffff,2022,53,0.88507388532161713,31.752498341521356
8444e21ffffffff,2022,42,0.82471470564019445,24.711424373055888
8444e21ffffffff,2022,53,8.7041256353259087,41.364892384186788
84271a9ffffffff,2022,42,4904.7530575637575,61.860932021377081
84271a9ffffffff,2022,52,0.60008278116583824,33.003798781495277
84271a9ffffffff,2022,53,152.30353350091508,41.606967494048391
8448c85ffffffff,2022,42,0.14683948457241058,49.498058955589734
8426351ffffffff,2022,42,559.313491512572,50.011129329757971
8426351ffffffff,2022,53,2.7464079521596432,29.494173131261192
84445c5ffffffff,2022,53,0.0759861096739769,37
8428abbffffffff,2022,53,0.12803712487220764,28
84261c3ffffffff,2022,42,4.7682333663105965,38.465938891613092
84261c3ffffffff,2022,53,0.26912514865398407,29.502639324326772
8428837ffffffff,2022,51,0.18793725222349167,29.66976624442789
8428837ffffffff,2022,52,0.1885332390666008,25.325151337688791
8428837ffffffff,2022,53,0.3755093514919281,28.666471627030564
8428f4dffffffff,2022,42,0.128570556640625,43
8427445ffffffff,2022,53,3.0437851399183273,49.775960076178116
8427925ffffffff,2022,51,0.2461981326341629,36.748799969277471
8427925ffffffff,2022,52,0.18471412733197212,31.997510800952593
8427925ffffffff,2022,53,0.49228903278708458,39.111722794754009
8448923ffffffff,2022,42,3.1379825472831726,47.149342219767952
8444d3bffffffff,2022,42,5.1546600461006165,52.743324346853917
8444d3bffffffff,2022,53,157.18256302922964,80.45016767965204
8428841ffffffff,2022,42,150.69597979675905,74.337358912498559
8428841ffffffff,2022,52,0.065304435789585114,15
8428841ffffffff,2022,53,6.34334983676672,32.12705816091195
8426b1dffffffff,2022,42,0.859047932250827,33.165381017732429
84264adffffffff,2022,53,0.29156016558408737,53.001123182819988
8448dcbffffffff,2022,42,0.29615945369005203,14.750009289343463
8428b1bffffffff,2022,42,448.2536490603697,57.909070082070691
8428b1bffffffff,2022,53,13.6611957103014,31.948233312998738
8426f5dffffffff,2022,53,19.547222793102264,42.332328557740553
8426343ffffffff,2022,42,94.301784949179947,48.2480385250869
8426343ffffffff,2022,52,0.1238502562046051,22.500047735353036
8426343ffffffff,2022,53,3.8999271206557751,29.614665388435181
842b8ebffffffff,2022,42,0.51536212116479874,37.006114218856119
842886dffffffff,2022,42,0.39125615358352661,33.332122064127041
84274bbffffffff,2022,42,129.39260695874691,46.462031606811017
84274bbffffffff,2022,53,0.13400658965110779,23.500720836025234
842b8bdffffffff,2022,42,666.33834967712562,70.408323363812968
842aa17ffffffff,2022,42,14.703256535968361,38.830181427617632
8428f51ffffffff,2022,42,0.446860209107399,41.707855545304511
8444d53ffffffff,2022,53,1.359453447163105,34.107379641476747
8448935ffffffff,2022,42,2.8160685300827026,43.22200800854425
8448935ffffffff,2022,51,1.7968726754188538,36.217398800345819
8448935ffffffff,2022,53,0.31317348778247833,34.500008992841273
8428c61ffffffff,2022,42,0.18486816436052322,56.333324520601138
8428f59ffffffff,2022,42,0.57657564431428909,49.224267426511538
8428f59ffffffff,2022,53,0.25625844299793243,21.998924535039485
842a8d1ffffffff,2022,42,1.1439462155103683,40.2485964211225
842a8d1ffffffff,2022,53,0.42970921844244003,21.670318118402044
8428a83ffffffff,2022,53,0.25839091837406158,34.499679504202952
84270a9ffffffff,2022,42,1.4999898783862591,26.6386983005784
84288e9ffffffff,2022,42,0.25268638879060745,25.003337579931095
84288e9ffffffff,2022,51,6.1927174226033923,34.358926890841445
84288e9ffffffff,2022,52,0.31571955978870392,27.603571686640397
84288e9ffffffff,2022,53,122.68685541316574,75.399572137479169
8444c55ffffffff,2022,42,1.6636084839701653,29.550204388098191
8444c55ffffffff,2022,53,0.15149500966072083,16.999794819497222
842748bffffffff,2022,42,88.842584568320547,55.441231494353922
842748bffffffff,2022,53,1.4539991319179535,30.089871703385139
8444c6dffffffff,2022,53,0.22876664251089096,46.000265009678209
8426823ffffffff,2022,42,0.27618084847927094,40.250994311429857
842671bffffffff,2022,42,385.16823383823913,45.604903983608523
84278a7ffffffff,2022,52,3.3705802336335182,40.755622365958892
84278a7ffffffff,2022,53,3.5610532313585281,40.89088169354936
84260c1ffffffff,2022,42,0.868319183588028,51.9225431483167
84489e3ffffffff,2022,42,2.2453206777572632,38.523769280145089
84489e3ffffffff,2022,53,2.7069632709026337,27.113703895432174
84489d7ffffffff,2022,42,0.23141943663358688,47
84489d7ffffffff,2022,53,4.5508112385869026,35.389987250236082
8426667ffffffff,2022,42,7.9917653229306724,36.068075187489789
8444419ffffffff,2022,53,0.92213819921016693,73.406020576001282
842a107ffffffff,2022,42,0.88811712712049484,29.769960851775291
84485a7ffffffff,2022,52,0.6030566468834877,25.37706605238467
842882dffffffff,2022,42,2.4335913136601448,42.940568353171834
842aa6bffffffff,2022,42,192.3443978517079,53.189477752620334
842aa6bffffffff,2022,53,102.91636247187853,69.893471740780726
8428985ffffffff,2022,51,0.24594612419605255,25.747406448223934
8428985ffffffff,2022,52,0.67537607252597809,43.181967026714332
8428985ffffffff,2022,53,0.36890151724219322,35.170547814459738
8426a4bffffffff,2022,42,0.45103809237480164,35.714053010087596
8429135ffffffff,2022,42,228.14955462731567,85.554253443262468
8429135ffffffff,2022,51,3.5470636412501335,34.895940578310494
842b107ffffffff,2022,42,0.12235261499881744,24
842b107ffffffff,2022,53,123.60777686536312,64.599655334354878
8428ae1ffffffff,2022,51,0.32687442004680634,22.806384213543922
8428ae1ffffffff,2022,52,0.065420530736446381,29
8428ae1ffffffff,2022,53,1.1788046956062317,27.66470380760822
84274c1ffffffff,2022,42,390.75815328663469,58.67322031504564
84274c1ffffffff,2022,53,13.461397305130959,29.525207669160096
842796dffffffff,2022,51,1533.8997179191049,52.732893634855657
842796dffffffff,2022,52,723.20503747962857,57.211433355142162
842796dffffffff,2022,53,987.68956481647831,56.649952099172552
8426205ffffffff,2022,42,1458.0431152428337,80.2761952095982
8426205ffffffff,2022,53,0.37557907402515411,24.998324160766142
84279a9ffffffff,2022,42,8.2491748556494713,42.6764553259276
84279a9ffffffff,2022,51,4.7474953308701515,36.0098569905042
84279a9ffffffff,2022,52,1.39302197098732,28.773039351003373
84279a9ffffffff,2022,53,9.4417792707681656,50.914667282820886
8448b3bffffffff,2022,42,117.98189408457748,41.380687736733925
8448b3bffffffff,2022,51,0.080213010311126709,25
8448b3bffffffff,2022,53,88.66137158125639,41.030025660521119
84288ebffffffff,2022,51,3.1316828458916905,39.0679575451085
84288ebffffffff,2022,53,2.8134707400611805,35.19000338560155
8428f25ffffffff,2022,42,15.47086812928319,25.382456163129977
8428f25ffffffff,2022,53,9.437237411737442,28.361854779964933
842818bffffffff,2022,42,0.26447929441928864,59.493768657841144
842818bffffffff,2022,53,0.66105139255523682,28.199369373727414
8412d8bffffffff,2022,51,3.9112295247614384,37.533590622475778
8412d8bffffffff,2022,52,2.5453343950212,31.3438245587228
8412d8bffffffff,2022,53,1.5991383939981461,30.153046216317378
8428aadffffffff,2022,42,0.064781494438648224,32
8428aadffffffff,2022,51,2.2702276408672333,34.171422693983459
8428aadffffffff,2022,53,0.25918518006801605,25.99456838290677
8427915ffffffff,2022,51,214.58150923997164,70.341675078075909
8427915ffffffff,2022,52,364.82276441945749,66.532525754121465
8427915ffffffff,2022,53,997.85444473247321,75.528718353605626
8427491ffffffff,2022,42,8.0319550409913063,37.979092293189552
8426dcdffffffff,2022,53,1.8437777608633041,36.761033827522887
84268b9ffffffff,2022,42,5.2148074060678482,30.56135250088338
8426eadffffffff,2022,53,2.7595264315605164,29.159478326980281
8426ea7ffffffff,2022,53,0.07319708913564682,27
8444c01ffffffff,2022,42,0.22642513364553452,28.331342498570347
8444c01ffffffff,2022,53,0.15087407827377319,38
8428997ffffffff,2022,51,0.18161321058869362,48.656717747224825
8428997ffffffff,2022,52,0.24266874417662621,25.743507592273641
8428997ffffffff,2022,53,0.24215032905340195,31.994166217165837
8426891ffffffff,2022,42,0.071398712694644928,36
8444a53ffffffff,2022,42,55.040434904396534,68.8237763616117
84446a7ffffffff,2022,53,0.22936796396970749,79.3515314007388
8444c63ffffffff,2022,42,0.22727984189987183,31.666150193686384
8444c63ffffffff,2022,53,2.26239453130493,38.845919147563038
8426b03ffffffff,2022,42,0.33167196810245514,35.390185311622552
8426b03ffffffff,2022,53,0.066229164600372314,18
8428d61ffffffff,2022,42,0.96857824921607971,23.12400425669551
8428d61ffffffff,2022,51,0.0603366456925869,20
8428d61ffffffff,2022,53,147.81438345834613,79.904005220140832
84278c9ffffffff,2022,51,0.36809901148080826,31.832567850409429
84278c9ffffffff,2022,52,10.540241524577141,31.724314584381606
84278c9ffffffff,2022,53,135.78824593332763,66.64537293395847
8427483ffffffff,2022,42,7.3104465454816818,29.032505628264058
8427483ffffffff,2022,53,0.66439647227525711,22.100876507596936
8428a21ffffffff,2022,51,0.066561564803123474,21
8427923ffffffff,2022,51,3.2764777466654778,39.919086628383226
8427923ffffffff,2022,52,0.927200436592102,38.06595087395462
8427923ffffffff,2022,53,2.5363643765449524,36.487657859410724
8426929ffffffff,2022,53,4.7472978234291077,27.552215548777628
8426ae7ffffffff,2022,42,15.18724101036787,43.795978758078846
8426ae7ffffffff,2022,51,3.6603122130036354,41.239383919341165
8426ae7ffffffff,2022,53,170.367493038756,78.063368783357149
8427589ffffffff,2022,42,219.46437206534193,54.333923012787814
8427589ffffffff,2022,53,360.19221828352005,60.003716795751316
8427867ffffffff,2022,51,196.0657487306963,70.537200435571762
8427867ffffffff,2022,52,870.3345398359877,84.3701548866623
8427867ffffffff,2022,53,1566.8189710067329,75.257053857080024
8426ae1ffffffff,2022,42,229.03782714158297,86.312781388812184
8426ae1ffffffff,2022,51,315.55706640554996,72.047889410276227
8426ae1ffffffff,2022,53,5.1234407499432564,36.132810629687327
842b8b3ffffffff,2022,42,2.8604178726673126,35.2343971454713
8427597ffffffff,2022,42,0.468396857380867,29.572338767256586
8427597ffffffff,2022,53,27.369801759719849,56.529213558370891
84264b1ffffffff,2022,53,41.541825659573078,62.685600869366134
84274b7ffffffff,2022,42,11.591203942894936,40.686336984655235
8426c43ffffffff,2022,42,26.16936706751585,65.08802482717401
8426c43ffffffff,2022,53,1.5149713903665543,40.906046950324367
84289e3ffffffff,2022,51,0.12349013984203339,25.500002473669596
84289e3ffffffff,2022,53,0.30844999104738235,29.595992104437506
8428ad9ffffffff,2022,53,0.19890567660331726,34.662020368983875
8426561ffffffff,2022,53,5.4303667098283768,42.421996204433867
842b893ffffffff,2022,42,0.13298560678958893,39.4986511869051
842b893ffffffff,2022,53,1.0619016289710999,65.874902452902219
8427aa5ffffffff,2022,42,58.576930742710829,44.284672570795685
8427aa5ffffffff,2022,51,9.0107695274055,29.732657004567642
8427aa5ffffffff,2022,52,978.83566054777771,67.753134793327121
8427aa5ffffffff,2022,53,1143.9724542403485,75.342534994129863
8448cabffffffff,2022,42,0.21927813440561295,38
8426c33ffffffff,2022,42,0.074091240763664246,31
8426c33ffffffff,2022,53,164.99073011428118,79.8355318876636
8426365ffffffff,2022,42,6.6945158578455448,27.889561357146267
8426365ffffffff,2022,51,0.30959569662809372,17.400065135729157
8426365ffffffff,2022,53,47.322647325694561,35.917277193747971
842614bffffffff,2022,51,0.64279960840940475,24.298077731648725
842614bffffffff,2022,53,1095.0120535454037,61.572920385531155
84288a7ffffffff,2022,42,0.3051200844347477,34.393797408020596
84288a7ffffffff,2022,51,10200.387664749764,80.54298365865894
84288a7ffffffff,2022,52,14413.77411943816,76.375474812991243
84288a7ffffffff,2022,53,5034.1867400247547,75.497535718188857
8428aabffffffff,2022,53,0.1936642974615097,22.000060015737972
8427413ffffffff,2022,42,100.00786712607916,52.13328372626335
8427413ffffffff,2022,53,4.4487856701016426,28.718173694832242
8426829ffffffff,2022,42,0.615625761449337,38.891682446548224
8426da7ffffffff,2022,53,0.90837112069129944,30.998190158378922
8448b31ffffffff,2022,42,10.895323189917733,39.0413198726726
8448b31ffffffff,2022,51,1.2842474803328514,32.001824019418272
8448b31ffffffff,2022,53,69.326304385884129,59.166757826329636
8426a19ffffffff,2022,42,3.168051190674305,56.402683846731776
8426a19ffffffff,2022,51,0.19723647832870483,26.009991299693962
8426127ffffffff,2022,42,427.20910283172248,60.981743291057683
8426127ffffffff,2022,51,12.321753807365894,27.298349723104995
8426127ffffffff,2022,53,94.627224115822827,43.028941512963151
842b995ffffffff,2022,42,2.0932217985391617,32.875631535309694
842b995ffffffff,2022,53,0.26168040931224823,40.74993131115265
84489c5ffffffff,2022,42,3.1998923867940903,53.955400705397196
84489c5ffffffff,2022,53,3.197762668132782,31.195023150704603
8426e49ffffffff,2022,42,0.068866215646266937,20
8427891ffffffff,2022,53,0.12756550312042236,14.500004614067697
84281c7ffffffff,2022,42,0.86468475311994553,41.5369819367324
8444de5ffffffff,2022,42,0.14840570092201233,35.999998393467514
8444de5ffffffff,2022,53,43.247529058304487,39.182830679644582
8427461ffffffff,2022,53,0.49876408651471138,50.266328356374025
8427921ffffffff,2022,51,9.27198577299714,35.153165757376833
8427921ffffffff,2022,52,4.1135815791785717,28.029497681792886
8427921ffffffff,2022,53,6.5628234408795834,29.728430852690241
8426c47ffffffff,2022,42,0.28812417387962341,36.749817668739553
8426c47ffffffff,2022,53,0.5775798037648201,33.875498753899713
8448ccdffffffff,2022,42,0.074782073497772217,28
842634bffffffff,2022,42,1443.7756529497167,58.161288791899153
842634bffffffff,2022,52,0.24608313292264938,38.249818529141258
842634bffffffff,2022,53,5.1107082776725292,26.326156215213295
842aa69ffffffff,2022,42,1097.8713618014078,61.203829199259843
842aa69ffffffff,2022,53,493.63201941935455,63.488141684729385
84288a3ffffffff,2022,42,2.9380919188261032,33.783958014456729
84288a3ffffffff,2022,51,77.602162305514014,44.784530338022741
84288a3ffffffff,2022,52,44.56147406663672,36.182987552065669
84288a3ffffffff,2022,53,498.08802540388473,64.700253019164933
84271e7ffffffff,2022,42,1546.9766817464988,63.10174359920935
84271e7ffffffff,2022,52,0.059582628309726715,39
84271e7ffffffff,2022,53,99.707576908171177,37.92091248717815
8448985ffffffff,2022,42,2.7766609340906143,36.137725988449596
8448985ffffffff,2022,53,1.0023948401212692,25.385658055032572
8427637ffffffff,2022,42,0.8711022287607193,29.783893571769092
84275c3ffffffff,2022,42,1311.7410983861662,67.359318435069
84275c3ffffffff,2022,53,1850.1517681380406,68.036109752546466
84281adffffffff,2022,42,0.065622605383396149,40
842a963ffffffff,2022,42,0.13647648692131042,26
8427967ffffffff,2022,51,799.33198710024067,64.347105563950066
8427967ffffffff,2022,52,244.28290846413549,42.612258556322089
8427967ffffffff,2022,53,208.51467847255807,55.723223413768388
8427439ffffffff,2022,42,373.91003689932472,67.048338816687277
8427439ffffffff,2022,53,1.9156543910503387,30.937126726048188
8426de1ffffffff,2022,53,0.6698489785194397,34.44349234588347
842a899ffffffff,2022,42,22.418034754693508,39.289312260301777
842a899ffffffff,2022,53,8.1476971730589867,49.7063879680912
8426361ffffffff,2022,42,7.1844169087708,32.116829601299848
8426361ffffffff,2022,51,0.37157319113612175,28.835221269084428
8426361ffffffff,2022,53,245.37719103398859,61.2124233763928
84269e5ffffffff,2022,42,0.0705433115363121,39
84276a1ffffffff,2022,42,9.7698759660124779,31.490540108404883
84276a1ffffffff,2022,53,0.063874594867229462,17
8426d81ffffffff,2022,53,1.1276581436395645,37.133754910763678
84441a3ffffffff,2022,53,0.078681968152523041,25
8448e81ffffffff,2022,51,20.130917788165458,40.514408981713352
8427585ffffffff,2022,42,15.402501538395882,35.136528971756682
8427585ffffffff,2022,53,12.786845169961452,30.908194238495142
8426f47ffffffff,2022,53,18.313784176286529,58.2369962121221
84289d9ffffffff,2022,42,1.1885664388537407,27.151860772987781
84289d9ffffffff,2022,51,2651.2973510646198,84.02282668750513
84289d9ffffffff,2022,52,340.27218631345266,57.344150477355555
84289d9ffffffff,2022,53,691.77129994087363,59.727681841444067
844468dffffffff,2022,42,1.54741682857275,42.749109939988621
8427417ffffffff,2022,42,23.7668574323549,32.08511092512888
8427417ffffffff,2022,53,5.2268755510449409,26.639035984183359
842a13dffffffff,2022,42,5.7607465013861656,38.259738535555464
84281b9ffffffff,2022,42,0.26084984093904495,31.01027897978425
84281b9ffffffff,2022,53,0.0654044896364212,49
8444585ffffffff,2022,42,0.074886411428451538,61
8444585ffffffff,2022,53,0.29979618638753891,30.999519632740853
84445a9ffffffff,2022,42,0.07494894415140152,53
8427903ffffffff,2022,51,1286.7534887901124,71.9060983196038
8427903ffffffff,2022,52,415.37976345869839,56.719954190090512
8427903ffffffff,2022,53,1018.4073098847093,63.110180325519423
842b8e3ffffffff,2022,42,1.9997770860791206,33.712792113524841
84288b5ffffffff,2022,42,2.4842987867400925,33.674830421066609
84288b5ffffffff,2022,51,10.028872720897198,34.443425096437416
84288b5ffffffff,2022,53,35.21979016741993,35.49689251875008
8444c05ffffffff,2022,42,0.82969729602336884,26.814181986174113
8444c05ffffffff,2022,53,32.305424890681806,55.751867280305547
8428f49ffffffff,2022,42,39.6582445949316,44.566718257977541
8428f49ffffffff,2022,53,14.265442686221178,44.3276335639579
8426dc7ffffffff,2022,53,0.14859211444854736,26.9998669253683
8428a2dffffffff,2022,42,0.066769994795322418,29
8448ee3ffffffff,2022,42,1.9035378396511078,35.519774402861245
8426da1ffffffff,2022,53,0.22585558891296387,29.666489948612224
842ad55ffffffff,2022,42,0.22026239817633347,29.328653135789022
8444ed5ffffffff,2022,53,0.6042979508638382,31.375191921220402
84289b3ffffffff,2022,51,0.060158081352710724,17
84289b3ffffffff,2022,53,0.47981876879930496,36.504102061197493
84278ebffffffff,2022,51,0.55857148021459579,27.654627715720896
84278ebffffffff,2022,52,66.944912189654275,51.6474139337291
84278ebffffffff,2022,53,453.15272580478711,70.31738908240257
842a139ffffffff,2022,42,3.0205399692058563,30.024712608725608
84269bdffffffff,2022,42,2.0752268359065056,25.206331338364929
842aa67ffffffff,2022,42,247.39468165197795,62.545544934884624
842aa67ffffffff,2022,53,1.3304374292492867,29.550475868646533
84275e9ffffffff,2022,42,670.54373387384646,67.200272581281666
84275e9ffffffff,2022,53,439.54717705442624,79.996216774217274
8412cb9ffffffff,2022,51,27.815647220114869,33.240335898855591
8412cb9ffffffff,2022,52,5.9776248288359124,29.437216070241547
8412cb9ffffffff,2022,53,89.768913143347291,36.632495183557246
84269c5ffffffff,2022,42,0.41973587870597839,44.497552062450445
8426611ffffffff,2022,42,0.06907624751329422,46
8426f23ffffffff,2022,53,0.21318294107913971,26.674181986954849
8444d0bffffffff,2022,53,1.3600915744900703,31.386907601562612
84264b7ffffffff,2022,42,3.8587791919708252,41.44232095981419
84264b7ffffffff,2022,53,91.345000785852179,61.09798479515694
84261d7ffffffff,2022,53,117.69827256351709,79.3540364304883
8412da5ffffffff,2022,42,4.250052198665399,32.725522790395878
8412da5ffffffff,2022,53,8.3605322428047657,29.513422996179344
84269e3ffffffff,2022,42,3.739718958735466,24.871222233409558
8412ca3ffffffff,2022,53,0.11851130425930023,23
84274e1ffffffff,2022,42,52.060909422209448,45.194452453133422
84274e1ffffffff,2022,53,0.26071684062480927,25.519921085530054
8426963ffffffff,2022,53,0.5475824847817421,28.247699753550151
842759dffffffff,2022,42,59.078175984323025,51.864939123286057
842759dffffffff,2022,53,125.00732313949688,44.175856268150568
8428a95ffffffff,2022,42,0.12864063680171967,26
8428a95ffffffff,2022,53,0.19326004385948181,31.012789543621778
842ab27ffffffff,2022,42,3.2141017243266106,32.355535532348263
8426163ffffffff,2022,53,5.5955253317952156,41.911656690752132
84288bdffffffff,2022,42,59.45730076480438,72.553702602644464
84288bdffffffff,2022,51,8.5834622345864773,26.798946937935028
84288bdffffffff,2022,53,1119.122547591799,87.751331148038346
8444d13ffffffff,2022,53,0.52262961119413376,32.557876761292093
8427aebffffffff,2022,51,410.08102729634618,59.665943527763723
8427aebffffffff,2022,52,655.80068821838381,53.357269362636536
8427aebffffffff,2022,53,891.36884148115041,55.772063065488645
8426989ffffffff,2022,42,1.553749144077301,34.131731463616596
8426a2bffffffff,2022,42,0.039043501428529331,89.999999999999986
84270a1ffffffff,2022,42,10.604856878270706,29.00067438767255
84270a1ffffffff,2022,53,0.12064158916473389,24
8426719ffffffff,2022,42,25.151793549399752,40.049007306608459
8427465ffffffff,2022,53,3.5559157095849514,54.86935130656
844455bffffffff,2022,42,0.077323488891124725,35
8426247ffffffff,2022,42,3344.7731988936516,75.542709225727165
8426247ffffffff,2022,53,29.119420272506336,35.546433492804127
842814dffffffff,2022,53,0.069223254919052124,23
842b1adffffffff,2022,53,0.3807142972946167,35.999200839287049
8427985ffffffff,2022,42,0.12621818482875824,49
8427985ffffffff,2022,51,437.08481135298223,63.4031738540077
8427985ffffffff,2022,52,173.57635132781425,40.866852187098971
8427985ffffffff,2022,53,18.09529822319746,34.943156759960637
8444f4bffffffff,2022,53,49.36738470941782,36.071439839188017
842788dffffffff,2022,42,0.062600329518318176,21
842788dffffffff,2022,51,0.12528711557388306,64
842788dffffffff,2022,52,30.852644123136997,41.740599909838025
842788dffffffff,2022,53,99.194444939494133,55.371716763411854
84288c1ffffffff,2022,51,1.3080110851163957,38.399043998215973
84288c1ffffffff,2022,53,27.410395426785243,42.72346185625414
84489b5ffffffff,2022,53,1.7566512450575829,37.042930633593592
842675bffffffff,2022,42,8.3838338283639331,34.638875423299631
8426625ffffffff,2022,42,252.85836161711052,67.375907597039927
8428993ffffffff,2022,51,5.3194753167822082,40.68068570868035
8428993ffffffff,2022,52,0.36396650224924088,37.684398933674665
8428993ffffffff,2022,53,0.90927891060709953,32.408104021334182
842b9bbffffffff,2022,42,136.69543235003948,65.650651915880658
842b9bbffffffff,2022,53,109.36129949986935,70.595709341738768
8426a8dffffffff,2022,42,1177.9676467460454,52.84738697264752
8426a8dffffffff,2022,51,3.2492842078208923,26.525933725340689
8426a8dffffffff,2022,53,35.218173793893236,32.744459999536517
8429abbffffffff,2022,42,1.4325566291809082,39.726748673937493
8429abbffffffff,2022,51,0.931122712790966,27.610369649326746
8427861ffffffff,2022,42,0.11932969838380814,37
8427861ffffffff,2022,51,282.03872122193377,50.604397970942188
8427861ffffffff,2022,52,1279.386689372127,63.141372987577029
8427861ffffffff,2022,53,1596.6202583813929,74.1701323014655
84288abffffffff,2022,42,91.2991196513176,66.729168760547537
84288abffffffff,2022,51,67.381444026325269,35.319860386081928
84288abffffffff,2022,52,1.109257023781538,28.773835483053748
84288abffffffff,2022,53,54.879310298711061,33.640297679253081
842aa31ffffffff,2022,42,19.289727829396725,79.26026848765
8428b23ffffffff,2022,42,4.7253172174096107,36.774168978965342
8428b23ffffffff,2022,53,9.57369614392519,36.676661414011846
842b1a7ffffffff,2022,53,1.1580176949501038,26.723716303880835
84281edffffffff,2022,42,2.4673458859324455,31.542348953611491
84281edffffffff,2022,52,0.19987069070339203,31.334547693876768
842b993ffffffff,2022,42,734.50784679014316,64.137244912302535
842b993ffffffff,2022,53,122.193136805705,55.613950630844073
8429137ffffffff,2022,42,160.68409007258856,86.792207092799856
8429137ffffffff,2022,51,24.692935832838216,28.833985774962866
8412db9ffffffff,2022,42,0.18017691373825073,22.340418880486638
8412db9ffffffff,2022,51,16.922165882572823,34.573141659636015
8412db9ffffffff,2022,52,2.6413013264536858,27.615265626915015
8412db9ffffffff,2022,53,12.892026655375957,30.308201100061385
842a841ffffffff,2022,42,0.27292470633983612,42.749581655966992
8426709ffffffff,2022,42,48.299991489245613,45.511752960272524
842619dffffffff,2022,42,0.13667958974838257,48
842619dffffffff,2022,53,172.57389388978481,75.451302307860573
8448c13ffffffff,2022,42,0.22380883991718292,27.666808481768136
8427813ffffffff,2022,42,495.42600614950061,73.572893943030621
8427813ffffffff,2022,51,4.7903980612754822,39.834531100761637
8427813ffffffff,2022,52,44.206585873225158,31.618939573518897
8427813ffffffff,2022,53,306.62410017614292,67.2034455113677
8428859ffffffff,2022,53,0.78544566780328751,38.584979759152311
84289adffffffff,2022,51,0.91495779156684875,38.794481081639034
84289adffffffff,2022,53,0.060982666909694672,18
8428f65ffffffff,2022,42,0.0631391704082489,28
8428f65ffffffff,2022,52,0.063221588730812073,40
84265d1ffffffff,2022,53,0.07237745076417923,34
8426ae3ffffffff,2022,42,518.56003411859274,70.467241608172955
8426ae3ffffffff,2022,51,7.5092191249132156,32.033173323000788
8426ae3ffffffff,2022,53,32.424856144540456,64.90634279142111
842aa25ffffffff,2022,42,0.26839613914489746,32
8429aadffffffff,2022,42,0.072272829711437225,32
842ad2dffffffff,2022,42,0.073753081262111664,15
842ad2dffffffff,2022,53,211.05047603413169,63.634693830390042
8426027ffffffff,2022,42,150.02393781393766,86.483804441187317
8428121ffffffff,2022,53,1.2791877686977386,45.101586743049126
8444691ffffffff,2022,42,0.53501287847757339,29.571413328444756
8426227ffffffff,2022,42,1.9672049432992935,32.063739647735524
8428f01ffffffff,2022,42,76.987495152769128,38.091209312317986
8428f01ffffffff,2022,53,15.101389731817386,44.243095239186026
842794dffffffff,2022,51,3699.6003690354819,66.159089162238061
842794dffffffff,2022,52,4048.7755966339182,69.880489878034808
842794dffffffff,2022,53,3050.2172416023036,70.207217828364733
8444db5ffffffff,2022,53,0.072687827050685883,35
8426137ffffffff,2022,42,1.8698966652154922,31.431624761555295
8426137ffffffff,2022,53,1.1368629038333893,24.585950622213577
8428901ffffffff,2022,51,0.38158258050680161,39.497911779888085
8428901ffffffff,2022,53,0.44487229734659195,28.999074841195529
842aa2bffffffff,2022,42,0.6072002649307251,31.665575473661374
842a81dffffffff,2022,42,0.069556951522827148,45
84278e7ffffffff,2022,42,0.18812581896781921,24
84278e7ffffffff,2022,51,6.2567785108790677,49.628802643220261
84278e7ffffffff,2022,52,4.5108389630913734,28.664607177353439
84278e7ffffffff,2022,53,5.8606739358136464,35.48640483374362
8428831ffffffff,2022,42,0.504458412528038,21.255860944428679
8428831ffffffff,2022,51,0.063236750662326813,38
8428831ffffffff,2022,52,0.06298355758190155,26
8428831ffffffff,2022,53,0.37899600714445114,37.501313331020022
8426b15ffffffff,2022,42,0.66836093164542143,37.8351660165649
8426dc1ffffffff,2022,53,24.905823409557343,50.499549628265385
844441bffffffff,2022,53,0.76394791156053543,89.398622268360455
8426d31ffffffff,2022,42,5.02744997292757,32.603203309081259
8426de3ffffffff,2022,53,1.6472722291946411,31.271574753908236
8426e45ffffffff,2022,42,0.0691605806350708,14
8428ab5ffffffff,2022,51,0.12765767425298691,29
8428ab5ffffffff,2022,53,3.8326811864972115,41.350492610558291
8448ebbffffffff,2022,42,2.7587735680096293,34.31815842895022
8448ebbffffffff,2022,51,2.6717863898943452,32.6908433370832
8427945ffffffff,2022,51,5004.885394895573,65.71343864709317
8427945ffffffff,2022,52,7947.2635462427843,65.661200667593633
8427945ffffffff,2022,53,3975.3485015025767,58.683892032985845
842661dffffffff,2022,42,0.068648777902126312,44
842661dffffffff,2022,53,1.8554821610450745,26.961762489830893
8426a07ffffffff,2022,42,0.39589370787143707,34.665366504946917
842b8c7ffffffff,2022,42,1.7352832183241844,28.259541357607667
8426959ffffffff,2022,42,2.8430380746722221,51.189702098460288
8426655ffffffff,2022,42,0.13610108941793442,44.5045889680065
8426655ffffffff,2022,53,51.382753044366837,56.5511830614592
8426a87ffffffff,2022,42,0.40999884158372879,31.830433101838295
8426a87ffffffff,2022,53,11.123224049806595,39.813595494444741
8426f37ffffffff,2022,53,0.35839484632015228,39.199182287021031
842aa27ffffffff,2022,42,2.9769186899065971,38.364165216865132
8429a8bffffffff,2022,42,22.79038392752409,33.6431495474394
8429a8bffffffff,2022,51,244.52816126583252,67.498813811550335
842990bffffffff,2022,53,0.6413186639547348,33.666669168322152
842605dffffffff,2022,42,40.023179568350315,38.269182614524908
842605dffffffff,2022,53,3.161130927503109,27.98057170813626
842ab65ffffffff,2022,42,1283.148360946424,76.696989951144772
842ab65ffffffff,2022,53,2.0137341014602606,25.744794339500015
84275e1ffffffff,2022,42,5.2511003986001015,35.448046522005718
84275e1ffffffff,2022,53,3.2455355823040009,29.399754665435616
84275a5ffffffff,2022,53,0.06592077761888504,22
8444da5ffffffff,2022,53,0.073440656065940857,27
8412da9ffffffff,2022,42,0.53402526304125786,29.666692447153345
8412da9ffffffff,2022,53,1.6027742475271225,22.59133496616537
8428331ffffffff,2022,42,30.4128904864192,46.389152525541938
8428331ffffffff,2022,53,87.92245900268648,45.304361315304341
8427563ffffffff,2022,42,3.1898511238396168,38.033641305777245
84261b5ffffffff,2022,53,20.066604109459064,75.230771920452327
8427451ffffffff,2022,53,0.1257203221321106,23
8428983ffffffff,2022,52,0.366605531424284,33.337619682925677
8428983ffffffff,2022,53,0.91643481701612473,34.336717652397915
84268edffffffff,2022,53,0.0695853903889656,38
8444e37ffffffff,2022,42,23.968012414872646,44.32823563098993
8444e37ffffffff,2022,53,1.6761755347251892,42.231700641134438
8412dbdffffffff,2022,42,3.5478860773146152,35.595971005714212
8412dbdffffffff,2022,51,2.1015422008931637,34.488498464088245
8412dbdffffffff,2022,52,0.12017567828297615,26.50329238786831
8412dbdffffffff,2022,53,23.436357732862234,31.445827451521925
8426f69ffffffff,2022,42,0.069478906691074371,24
8426f69ffffffff,2022,53,56.397949524223804,53.167706824578708
8448e85ffffffff,2022,42,0.60721199959516525,41.750004635048093
8427987ffffffff,2022,42,8.2852654382586479,36.348422617344895
8427987ffffffff,2022,51,0.50843037664890289,34.873038833171627
8427987ffffffff,2022,52,0.635027565062046,31.400598369459004
8427987ffffffff,2022,53,3.7495423704385757,33.796305216668088
8428aa1ffffffff,2022,51,0.064248166978359222,31
8428aa1ffffffff,2022,53,0.25702832639217377,29.749893746718264
8427a91ffffffff,2022,42,2684.5307594002024,83.403161618187951
8427a91ffffffff,2022,51,0.24289005994796753,35.259270524260131
8427a91ffffffff,2022,52,80.812358415828029,49.609239441746759
8427a91ffffffff,2022,53,764.628282222254,75.201056789089378
8444e05ffffffff,2022,53,0.85025384277105331,48.635096896411042
842b8cdffffffff,2022,42,1.5296643301844597,29.2913393502197
8428f09ffffffff,2022,42,1047.3980286058841,51.69370766669612
8428f09ffffffff,2022,53,87.842573277652264,54.912344721786695
84279cbffffffff,2022,51,0.5582791343331337,21.77538933607908
84279cbffffffff,2022,52,7.949239257723093,28.97471714965581
84279cbffffffff,2022,53,91.256939347468162,68.854900264484826
84281c3ffffffff,2022,42,0.80091815441846848,41.3217887797581
84281c3ffffffff,2022,53,0.467440664768219,27.427121346743764
842aaebffffffff,2022,42,208.51812176526178,61.167784176573768
8426851ffffffff,2022,42,0.13540875166654587,28.498871618121349
84288b7ffffffff,2022,42,24.7086024582386,31.282396729223727
84288b7ffffffff,2022,51,0.18172021210193634,24.999338911394858
84288b7ffffffff,2022,53,161.10305631130058,57.621893247680681
84264a3ffffffff,2022,53,0.22082741558551788,42.000094605227972
8426831ffffffff,2022,42,0.3464297354221344,33.002109748471582
8426831ffffffff,2022,53,0.3464583232998848,39.602373023339851
842663bffffffff,2022,42,0.20841348916292191,38.333309786637265
8444a1bffffffff,2022,42,5.4843763038516045,42.104262306824836
842751bffffffff,2022,42,255.88390789911443,49.039334295630624
842751bffffffff,2022,53,46.053873660985161,34.038670969817282
8427917ffffffff,2022,51,6.0071592219173908,28.749548752142221
8427917ffffffff,2022,52,15.949226435273886,36.880409632122678
8427917ffffffff,2022,53,58.892249885946512,34.62817225747915
8428b69ffffffff,2022,53,0.067293614149093628,46
8428d57ffffffff,2022,42,1.2546367922103872,33.152034113137866
842b991ffffffff,2022,42,92.503730197718326,47.4295482573255
842b991ffffffff,2022,52,0.19645842909812927,24.664134728326587
842b991ffffffff,2022,53,24.998677625375635,34.997754412424378
842b883ffffffff,2022,42,2.2342492267489433,35.383470789937391
84485b7ffffffff,2022,52,2.402746319770813,32.967960637258045
84270bdffffffff,2022,42,2.2493331351993131,27.960083031132143
8427537ffffffff,2022,42,38.703249208629131,41.487940460728808
8427537ffffffff,2022,53,76.463868835159388,44.374879376945856
8412d95ffffffff,2022,42,0.059897821396589279,21
8412d95ffffffff,2022,51,26.228376258164644,37.914911376346012
8412d95ffffffff,2022,52,2.7527357165866038,30.284522166818132
8412d95ffffffff,2022,53,14.779351364821196,36.704636920571474
8428821ffffffff,2022,42,0.12733107060194016,34
8428f33ffffffff,2022,42,0.9253922663629055,32.80214061462047
8444e17ffffffff,2022,53,0.61167889833450317,34.875827692199451
8444cd7ffffffff,2022,42,1.6800816804170609,38.393585648459869
842b13bffffffff,2022,53,18.521582942456007,37.702346604971083
84281abffffffff,2022,42,3.4016236290335655,53.0955018100157
84281abffffffff,2022,53,0.065482348203659058,66
842aad7ffffffff,2022,42,679.7269436222665,70.32288440638726
842aad7ffffffff,2022,53,100.18653865903616,72.533897889999835
842630dffffffff,2022,42,367.56199264789331,63.590444474238033
842630dffffffff,2022,52,1.7453418076038361,23.572697905996886
842630dffffffff,2022,53,210.2944081193238,74.252301280324488
8444c4dffffffff,2022,42,3.0607601702213287,27.374922171723725
8444c4dffffffff,2022,53,7.0434155315160751,41.915375099263372
8448c47ffffffff,2022,42,1.0671132653951645,58.714489096838179
8426c49ffffffff,2022,53,0.071519799530506134,41
842749dffffffff,2022,42,7.311659961938858,33.745793163967591
8426c19ffffffff,2022,53,0.36560701578855515,25.600729152484394
8428b01ffffffff,2022,42,228.94324933091798,75.747471465507076
8428b01ffffffff,2022,53,17.141626797616482,45.554896918931952
842ad45ffffffff,2022,42,3.9505443125963211,49.463204585563751
8428933ffffffff,2022,53,0.18635249137878418,39.338313647697916
8448e95ffffffff,2022,42,40.17620865468885,72.940734475117807
8448e95ffffffff,2022,51,38.731330253680547,33.929990449051971
8444529ffffffff,2022,42,0.23141012340784073,31.999519886787038
8444529ffffffff,2022,53,0.925503171980381,26.587534864753668
8448903ffffffff,2022,51,0.078737981617450714,29
84274cdffffffff,2022,42,415.98663329683683,65.599484756873068
84274cdffffffff,2022,53,1.8092339634895325,26.00168299163709
842789bffffffff,2022,53,0.0242482225392379,27
84262ebffffffff,2022,42,0.71120128035545349,28.361185478266282
84262ebffffffff,2022,53,249.20667637884617,58.76248094067796
8428967ffffffff,2022,42,0.44622134417295456,43.429862291905692
8427869ffffffff,2022,51,10.192035205662251,27.461667944619823
8427869ffffffff,2022,52,370.29807448268815,49.771250114992313
8427869ffffffff,2022,53,1332.286994720572,64.302091428140486
842ad39ffffffff,2022,53,3.6463843882083893,53.040767618804431
842a145ffffffff,2022,42,0.40184957534074783,37.002775731242764
842a145ffffffff,2022,53,1.3370466530323029,65.249831551426908
8426659ffffffff,2022,42,2.3027850463986397,38.17568463096206
84279ebffffffff,2022,51,24.260066013783216,31.028553649920838
84279ebffffffff,2022,52,12.867696944624186,23.407757401814379
84279ebffffffff,2022,53,400.79557834041179,75.028227431317
842aa01ffffffff,2022,42,26.21058028191328,55.145598941052896
8448959ffffffff,2022,42,14.258310526609421,41.5634313933448
8448959ffffffff,2022,53,5.0036648705893878,39.435777263594325
8428f43ffffffff,2022,42,586.72098074017788,51.51273800835515
8428f43ffffffff,2022,53,126.52256813297669,58.242427702337523
84288c9ffffffff,2022,53,1.0839060917496681,47.767725423802744
8426a0bffffffff,2022,42,0.19649279862642288,53.30972356877917
8426b61ffffffff,2022,42,0.98021122813224792,43.940210885348385
8426e37ffffffff,2022,53,0.28714263439178467,43.2500041256232
842aad5ffffffff,2022,42,492.07038573459084,75.236889412416545
842aad5ffffffff,2022,53,2.7917695865035057,27.997924465752551
842ad61ffffffff,2022,42,0.58583758026361465,22.124998860164816
842ad61ffffffff,2022,53,1.6124430224299431,29.225592261110432
8426c29ffffffff,2022,42,1.1642261892557144,48.029212325724686
8426c29ffffffff,2022,53,2.6212647780776024,37.447736536039692
84444c3ffffffff,2022,53,1.1349311023950577,68.184613086637057
8427467ffffffff,2022,42,2.9443851336836815,34.975892495383022
8427467ffffffff,2022,53,1.5665061175823212,38.815453287558107
84276e5ffffffff,2022,42,0.25013148784637451,33.5000083402637
84276e5ffffffff,2022,53,0.12506123632192612,25.49826417962954
84261a5ffffffff,2022,42,155.59262832254171,61.869767627873443
84261a5ffffffff,2022,53,2.8673338368535042,28.594618937857316
84445ebffffffff,2022,42,0.075676150619983673,51
84445ebffffffff,2022,53,0.22681783884763718,34.666554533517171
8426a35ffffffff,2022,42,0.20049665123224258,49.000008398300942
8426adbffffffff,2022,42,29.114534356138286,52.928110799328088
8426adbffffffff,2022,51,0.067690819501876831,18
8426adbffffffff,2022,53,58.524614781141281,40.807718925073424
84271d5ffffffff,2022,42,587.69717347895107,51.355858696136565
84271d5ffffffff,2022,53,0.17869512736797333,29.66677201443926
84271b3ffffffff,2022,42,2485.29724762282,73.907974156997327
84271b3ffffffff,2022,53,79.125264223665,67.896529141566461
84266a1ffffffff,2022,42,0.212592251598835,38.333923992686671
842aa45ffffffff,2022,42,832.93904346508145,61.536473764554877
842aa45ffffffff,2022,52,0.13245433568954468,31.997171290806694
842aa45ffffffff,2022,53,115.49991350518722,58.020232517340958
8426983ffffffff,2022,42,0.14263582974672318,35.005866563533907
8426983ffffffff,2022,53,0.071140192449092865,28
842a85bffffffff,2022,42,0.27636568248271942,47.253307171826279
8448c53ffffffff,2022,42,109.10675537434278,62.676032961095736
8426101ffffffff,2022,42,1.0491861701011658,30.624622672685458
8426101ffffffff,2022,52,0.19646620005369186,28.333353167043413
8426101ffffffff,2022,53,6.414219856262207,27.232584443152238
842ad2bffffffff,2022,42,2.4417959600687027,46.625747588033022
842ad2bffffffff,2022,53,1.1125055775046349,38.534982544063638
842aa89ffffffff,2022,42,30.251919343044946,42.2429315038779
842aa89ffffffff,2022,53,1.8096144273877144,21.807418898476755
842600dffffffff,2022,42,0.065080463886260986,22
842a905ffffffff,2022,42,0.61724092066287994,40.776600364194806
8426b57ffffffff,2022,42,23.346873186528683,37.727109002734593
842790bffffffff,2022,51,1453.6447817993953,72.830941973727093
842790bffffffff,2022,52,370.35171151489897,52.098344593188678
842790bffffffff,2022,53,2447.0204232879128,69.125117485419509
84266cbffffffff,2022,42,0.069812528789043427,41
842894bffffffff,2022,42,1.9476492032408714,51.238962655504992
842894bffffffff,2022,53,49.305132694542408,88.471322471122448
84446d1ffffffff,2022,42,9.1380738988518715,38.744887342747106
8426c0dffffffff,2022,42,0.072505787014961243,20
8426c0dffffffff,2022,53,90.651370666921139,63.544550456928604
8426661ffffffff,2022,42,0.74301114678382874,29.362651710296731
842a133ffffffff,2022,42,2.7021778890607404,28.227827773919966
842a133ffffffff,2022,53,0.13861460983753204,23
84278e9ffffffff,2022,42,2.1555522568523884,38.828727832556304
84278e9ffffffff,2022,51,151.46326517372154,45.475681326154408
84278e9ffffffff,2022,52,318.78852544312974,61.910994704824056
84278e9ffffffff,2022,53,817.48356865391725,66.410334061365248
8426cadffffffff,2022,42,0.37497985363006592,47
8426cadffffffff,2022,53,0.599961131811142,42.016836149379913
8426967ffffffff,2022,53,0.068543046712875366,18
84444c9ffffffff,2022,53,0.68493583798408508,63.222763379635396
84270b7ffffffff,2022,42,1.4165048189461231,29.789858488287809
84270b7ffffffff,2022,53,0.7397538423538208,24.58191364965462
84271a3ffffffff,2022,42,1250.1022123194789,59.941308935592232
84271a3ffffffff,2022,52,0.3635747954249382,37.491237542594568
84271a3ffffffff,2022,53,19.191029410809278,33.095841910736716
8429ae1ffffffff,2022,42,0.14569185674190521,29
842a94bffffffff,2022,42,0.27134117484092712,26.499796039385817
8426b47ffffffff,2022,42,0.32615289837121964,36.204900818839285
8426db3ffffffff,2022,53,0.30527321994304657,21.000736922913138
8428ac3ffffffff,2022,53,1.3216514885425568,38.599907547849909
8444dc5ffffffff,2022,53,0.22339213639497757,36.335810455093416
842881bffffffff,2022,42,16.053484261035919,35.193587816734059
842881bffffffff,2022,51,10.269006200134754,30.957611926199629
842881bffffffff,2022,53,11.162794217467308,31.633730286645438
8448c2bffffffff,2022,42,0.15031732618808746,22
8426665ffffffff,2022,42,27.416291611305638,56.113776075891813
8428309ffffffff,2022,42,1.2093028426170349,22.882257167585855
8448d27ffffffff,2022,42,0.37256059795618057,28.002415315326179
8448d27ffffffff,2022,53,0.81844356656074524,29.363801660662762
8448997ffffffff,2022,53,17.954509896624323,33.449921689590212
842aa41ffffffff,2022,42,164.68702852439645,49.433477923828427
842aa41ffffffff,2022,52,3.3061813786625862,59.037600990307673
842aa41ffffffff,2022,53,3.2454182505607605,30.448390283267031
8426927ffffffff,2022,53,0.6279195249080658,23.890551704567216
842881dffffffff,2022,42,0.51339262723922729,39.751514663545294
842881dffffffff,2022,51,0.32081372685292187,26.399109759834495
842881dffffffff,2022,52,13.497553121020982,40.040832550644751
842881dffffffff,2022,53,5.3889100849628448,32.272339513931549
8428881ffffffff,2022,42,700.57780939629845,46.102612952138351
8428881ffffffff,2022,51,2.6768548302352428,28.001235783518847
8428881ffffffff,2022,53,535.30939537143593,50.452523360577409
842aa11ffffffff,2022,42,77.606374329503836,63.39596023212605
8448ea3ffffffff,2022,42,0.30012644082307816,68.7438926571427
8426a41ffffffff,2022,42,0.25819115340709686,38.752521236469391
8426a8bffffffff,2022,42,158.04963675141335,52.66175374625373
8426a8bffffffff,2022,51,81.608187712728977,66.630350543968433
8426a8bffffffff,2022,53,224.910321720821,63.824968549268647
8427805ffffffff,2022,51,0.12079285085201263,23
8427805ffffffff,2022,52,3.8059225827455521,33.483492507478367
8427805ffffffff,2022,53,5.1245885267853737,31.383998267639448
8448ea5ffffffff,2022,42,18.786398954689503,60.456548310411982
842880bffffffff,2022,42,26.808826595544815,41.045796487525074
842880bffffffff,2022,51,1.7357929366476395,30.441937233807106
842880bffffffff,2022,52,5.3844587567098,35.950385850225032
842880bffffffff,2022,53,43.177362769842148,42.717733162679515
84261c7ffffffff,2022,42,0.26884431391954422,25.508470853285917
84261c7ffffffff,2022,53,0.40398354083299637,44.49999419974489
84441a1ffffffff,2022,53,0.1580856591463089,26.001248097243185
84279a3ffffffff,2022,42,1177.9738857289449,77.70703170174265
84279a3ffffffff,2022,53,9.528348907828331,61.962102892907126
8428f05ffffffff,2022,42,1.6400273889303207,38.2300308853209
8428f05ffffffff,2022,53,0.063054561614990234,68
84264b5ffffffff,2022,53,24.936698369681835,67.0008113256651
8426a21ffffffff,2022,42,1.5193314626812935,52.787162789441375
84278b1ffffffff,2022,42,0.25639206916093826,17.749255652641793
8426c13ffffffff,2022,53,0.14745218306779861,22.997752732003324
8428d0bffffffff,2022,42,10.921362475510321,39.20865653073102
8428d0bffffffff,2022,53,0.2403583936393261,23.499995466572248
842672bffffffff,2022,53,0.068240143358707428,32
842ad35ffffffff,2022,53,2.3123935088515282,31.288695068999306
842ad69ffffffff,2022,42,0.73010222613811493,32.4009438788386
842ad69ffffffff,2022,53,0.6571299210190773,26.225717834042161
8426d8bffffffff,2022,53,3.9766571223735809,33.149769683577489
8426c59ffffffff,2022,53,30.176543839275837,84.138725758278483
84264e3ffffffff,2022,53,1.9588039591908455,43.296988541735395
8428a03ffffffff,2022,42,0.13353411853313446,28.498792310019404
8426853ffffffff,2022,42,83.650868653228471,57.105830375658073
8426853ffffffff,2022,53,0.20409694314002991,28.3326745013439
8426183ffffffff,2022,42,3.4797891452908516,34.137509171326556
8426183ffffffff,2022,53,6.2086282297968864,33.919435150011616
8448981ffffffff,2022,42,0.077079787850379944,29
8448981ffffffff,2022,53,0.7717665508389473,28.399727699307252
8428891ffffffff,2022,42,182.1093076975468,48.029572526928909
8428891ffffffff,2022,53,28.384034737944603,24.626675764023386
842aacdffffffff,2022,42,36.025956533849239,41.975773621663237
8444c93ffffffff,2022,42,0.072142697870731354,35
8448821ffffffff,2022,42,0.94639637321233749,44.83250297695686
8428949ffffffff,2022,42,0.65354819595813751,28.604144184995889
8428949ffffffff,2022,53,8.2907963991165161,33.7016133538877
8444d5bffffffff,2022,53,0.98412693291902542,19.615659323019905
8448993ffffffff,2022,53,4.4224539399147034,32.531747433991633
842ad25ffffffff,2022,53,42.271325320005417,46.8082436566362
8448d9bffffffff,2022,42,0.29032748192548752,52.492442559549282
8448991ffffffff,2022,53,8.494358517229557,31.629577142901368
8426c61ffffffff,2022,42,1.5143347829580307,43.431304833608984
8426c61ffffffff,2022,53,3.0249119326472282,31.549936930907933
8444f5bffffffff,2022,53,8.4592189937829971,38.350631057351713
84275c1ffffffff,2022,42,305.85416456560296,58.946357156847093
84275c1ffffffff,2022,53,216.79722428015049,67.433480429061532
84275adffffffff,2022,42,0.59030549973249435,50.553080411513079
84275adffffffff,2022,53,0.13138777017593384,42
8426d05ffffffff,2022,42,1.1651021614670753,26.872376568053824
84271b9ffffffff,2022,42,16590.647447508927,80.156272702880415
84271b9ffffffff,2022,53,146.16587787494063,70.480114064767264
84289bdffffffff,2022,51,0.30358687788248062,39.20000026505187
84289bdffffffff,2022,52,0.91099262610077858,36.265801904608722
84289bdffffffff,2022,53,47.437588282528459,48.449350038785056
8426addffffffff,2022,42,2.4921358451247215,26.971135931360049
8426addffffffff,2022,51,3.6479911327362062,20.869950871750085
8426addffffffff,2022,53,20.689257995141489,36.693498152615959
8426b2bffffffff,2022,42,0.46573810279369354,40.575038757606542
84446c3ffffffff,2022,42,1.2428987547755241,19.187522729343971
8429b05ffffffff,2022,52,0.51742220669984818,23.71428590970644
8428321ffffffff,2022,53,0.13986149430274963,39
8426aabffffffff,2022,42,5.0708349645137787,33.88237704142194
8426aabffffffff,2022,53,8.277414470911026,36.635273226356361
842889bffffffff,2022,42,21.640573032200336,23.104808917731482
842889bffffffff,2022,51,0.12381717562675476,28
842889bffffffff,2022,53,1.4859606102108955,26.288694779963304
8444f09ffffffff,2022,53,5.050784669816494,43.875304907653536
8427887ffffffff,2022,51,4.4335884004831314,62.414141653041938
8427887ffffffff,2022,52,0.75845217704772949,21.748877499505685
8427887ffffffff,2022,53,0.18997097760438919,46.017370191940195
8426713ffffffff,2022,42,1.0953473534654168,35.06279040178427
84288e7ffffffff,2022,42,0.37257486209273338,23.16905740086797
84288e7ffffffff,2022,51,923.00404146414451,55.654066864951695
84288e7ffffffff,2022,52,17.286473173648119,30.780068830424987
84288e7ffffffff,2022,53,391.6788164017247,48.304568808704076
8428d59ffffffff,2022,42,0.30633192881941795,23.397056142931945
8426cc5ffffffff,2022,53,0.44404580444097519,29.845006576388702
84270b1ffffffff,2022,42,3.7862729398789359,27.343166891744907
84270b1ffffffff,2022,53,0.5503973476588726,21.439570048259053
842a893ffffffff,2022,42,0.072827719151973724,27
84265b7ffffffff,2022,53,0.37003298848867416,27.000298741646706
8444c99ffffffff,2022,42,1.6012581586837769,38.67639349179781
8427561ffffffff,2022,42,0.49553951248526573,28.133179868121708
8427561ffffffff,2022,53,0.061859089881181717,32
8444c6bffffffff,2022,42,1.2914486899971962,23.881496204561529
8444c6bffffffff,2022,53,2.7344918996095657,35.977475232842572
8426053ffffffff,2022,42,3.52214352786541,30.536716830722739
8426053ffffffff,2022,53,0.26094239950180054,33.752845665043431
842695bffffffff,2022,42,0.068266153335571289,70
8426b55ffffffff,2022,42,127.49622415272044,58.122464912746238
842625bffffffff,2022,42,0.87396275997161865,35.571156835300435
842625bffffffff,2022,53,0.37482232600450516,25.504782101288825
8426c37ffffffff,2022,53,11.861524440348148,36.962544549052055
8426089ffffffff,2022,42,0.067519992589950562,25
8426a97ffffffff,2022,42,405.12394591602038,56.16897070653576
8426a97ffffffff,2022,53,1.3801400735974312,33.393765371504792
8448807ffffffff,2022,42,2.369337186217308,26.564544382716743
8448807ffffffff,2022,53,0.47292004525661469,35.996639235807322
842882bffffffff,2022,52,0.063988916575908661,27
842604bffffffff,2022,42,2.4863123505723244,39.967281042824119
842604bffffffff,2022,53,0.064162462949752808,22
84289a7ffffffff,2022,51,0.060337573289871216,33
84289a7ffffffff,2022,53,0.12067483365535736,32
8428f37ffffffff,2022,42,1.4747658148407936,29.954347812874765
842b1e5ffffffff,2022,53,0.31438067555427551,29.399987865993165
8429a99ffffffff,2022,42,26.666711121797562,43.373369681339966
8429a99ffffffff,2022,51,4.5658331140875816,30.6364563882527
842aa07ffffffff,2022,42,0.74255996942520142,36.820281916833309
842606bffffffff,2022,42,0.25893821567296982,25.249425945411502
8444421ffffffff,2022,42,0.076873704791069031,48
8444421ffffffff,2022,53,0.23044942319393158,37
842ad0dffffffff,2022,42,0.5886792466044426,27.498530315787796
842ad0dffffffff,2022,53,0.44168317317962646,22.667935079202842
842675dffffffff,2022,42,1.8178620934486389,39.74254564093215
842675dffffffff,2022,53,0.10594703049636355,25.639589129165678
8427183ffffffff,2022,42,11988.613138449438,73.066839001949731
8427183ffffffff,2022,53,10.388366241008043,28.541152672172803
8427555ffffffff,2022,42,2.3767536282539368,32.917965991498647
8427555ffffffff,2022,53,0.25049740076065063,32.500107848644987
842ab61ffffffff,2022,42,66.874183485408622,69.037329351569753
8426a63ffffffff,2022,42,0.52204707264900208,56.50608938703121
8427085ffffffff,2022,42,0.4777834378182888,29.000133134233653
84446b7ffffffff,2022,42,0.45475231856107712,39.674936569627313
84260ebffffffff,2022,42,0.13437144458293915,51
8427405ffffffff,2022,42,5.05478873103857,35.187480429340411
8427405ffffffff,2022,53,3.0325156450271606,46.580169718068042
8426953ffffffff,2022,42,0.20553888380527496,79.666657966904808
84261ebffffffff,2022,42,0.53757176548242569,22.247784773797516
84261ebffffffff,2022,53,0.067317098379135132,29
84444a1ffffffff,2022,53,0.149571031332016,21
842bad3ffffffff,2022,53,0.063529156148433685,24
8426023ffffffff,2022,42,0.13247355818748474,36
8426aadffffffff,2022,42,40.071629484786705,36.207163309323519
8426aadffffffff,2022,53,0.068206243216991425,57
8444ee5ffffffff,2022,53,0.075872913002967834,25
8426743ffffffff,2022,42,44.535306372362022,69.411746126042928
8426743ffffffff,2022,53,0.16319670344100279,33.237598758401404
84274d3ffffffff,2022,42,32.531356046451073,28.553670261637411
84274d3ffffffff,2022,53,0.26514766365289688,27.748912996655541
8448995ffffffff,2022,53,5.6675663068890572,31.174500841556075
842795dffffffff,2022,51,6.1029412411153316,32.041345030995849
842795dffffffff,2022,52,207.75310093266708,55.254720168140857
842795dffffffff,2022,53,414.98193772854472,36.855909956767036
8412db1ffffffff,2022,42,21.367407444864511,36.837625240062351
8412db1ffffffff,2022,51,103.63562478497624,46.53850181904631
8412db1ffffffff,2022,52,27.839002571415669,34.650985861367808
8412db1ffffffff,2022,53,221.14440061951092,57.739222764423623
84276b1ffffffff,2022,42,9033.6760510792046,90.652747394958439
84276b1ffffffff,2022,53,0.064779467880725861,27
842896dffffffff,2022,42,0.064600199460983276,23
842888dffffffff,2022,42,10.374110281467438,31.643311537310687
842888dffffffff,2022,51,2179.6119801778564,84.613097551844334
842888dffffffff,2022,52,4.4994503147900105,28.168474197561725
842888dffffffff,2022,53,6412.445586112317,81.346384079173362
8426317ffffffff,2022,42,0.06377391517162323,17
8426317ffffffff,2022,51,0.12771095335483551,14
8426317ffffffff,2022,52,0.4464714378118515,21.426177995461014
8426317ffffffff,2022,53,0.70385908335447311,20.818195540618571
8426987ffffffff,2022,42,2520.9553349745629,66.605639224944028
842754dffffffff,2022,53,0.12215019389986992,25.500018893276106
8427463ffffffff,2022,42,4.9611381664872169,32.02879326814503
8427463ffffffff,2022,53,5.5229462683200836,39.215504353094317
8426dd7ffffffff,2022,53,0.52559398114681244,33.000677392544766
8427953ffffffff,2022,51,0.48400054126977921,28.753282150262248
8427953ffffffff,2022,52,9.2023053728044033,30.218996631666805
8427953ffffffff,2022,53,11.439362447708845,30.574514856110905
8428b65ffffffff,2022,53,161.07092091327206,69.78100140819933
8427507ffffffff,2022,42,2223.3312379231929,84.609704432552178
8426b05ffffffff,2022,42,0.13190792500972748,31.5
8448cd9ffffffff,2022,42,0.074269406497478485,36
842793bffffffff,2022,51,185.60646955296397,68.61720933959532
842793bffffffff,2022,52,9.84728655349098,32.549614929083333
842793bffffffff,2022,53,1206.68532914848,75.999580652397384
8426dcbffffffff,2022,53,46.814367890357971,52.238296775544946
8429b49ffffffff,2022,52,3.9223561957478523,31.403845526092457
842aaddffffffff,2022,42,134.41318011140706,46.659619891920784
842aaddffffffff,2022,53,0.41647208482027054,21.334029590394366
842aa19ffffffff,2022,42,269.27524680425137,68.451253678067033
8428921ffffffff,2022,51,4.1681499183177948,37.325776757831726
8428921ffffffff,2022,52,0.18942601978778839,24.00561505455601
8428921ffffffff,2022,53,5.8725975923970637,29.448924542771064
8428ad7ffffffff,2022,42,0.26180005073547363,27.75000108144388
842601bffffffff,2022,42,0.19794010370969772,27
8428305ffffffff,2022,42,437.24957376876284,70.8652885272765
8428305ffffffff,2022,51,1.1282246932387352,18.499102948465424
8428305ffffffff,2022,53,3.5243029892444611,54.510019752911447
8428185ffffffff,2022,42,4.336225762963295,52.025691757521592
8428185ffffffff,2022,53,0.13144871592521667,65
844891bffffffff,2022,42,9.3474810495972633,58.214400950716254
844891bffffffff,2022,53,5.809988833963871,36.837281751316475
84260e7ffffffff,2022,42,0.1349899023771286,28
842896bffffffff,2022,53,0.12847471237182617,17
842aa47ffffffff,2022,42,356.96877887345408,66.418300590027144
842aa47ffffffff,2022,52,0.13333988189697266,38
842aa47ffffffff,2022,53,8.975398525595665,30.868559206978912
8428a23ffffffff,2022,42,0.13202780485153198,69
8428a23ffffffff,2022,53,1.7249610647559166,43
84446d3ffffffff,2022,42,0.23141031712293625,29.666594106698955
8426ddbffffffff,2022,42,0.074861280620098114,47
8426ddbffffffff,2022,53,12.629791706800461,28.863977103939852
842816bffffffff,2022,53,41.939021043479443,39.298245046955181
84261cbffffffff,2022,42,5.0801801308989525,42.367941662438525
8426ae5ffffffff,2022,42,2.2941536158323288,46.295440294080642
8426ae5ffffffff,2022,51,0.4051763117313385,35.507217151371329
8426ae5ffffffff,2022,53,0.13460823893547058,21
842a957ffffffff,2022,42,0.75653588026762009,30.363639554480546
84260adffffffff,2022,53,0.58143471900154564,28.970511167404119
8426651ffffffff,2022,42,3.2016193196177483,43.5978516723973
842aab7ffffffff,2022,42,0.92337867617607117,37.694068707074457
842aab7ffffffff,2022,53,0.14220370352268219,16
8426065ffffffff,2022,51,0.19444582611322403,28.666700538894112
8426065ffffffff,2022,52,0.45241913199424744,21.571682522250175
8426065ffffffff,2022,53,3.5064701156581148,31.474236090867912
8428833ffffffff,2022,42,0.12553057074546814,28
8428833ffffffff,2022,51,1.7584986537694931,29.8187280699714
8428833ffffffff,2022,52,0.31408371776342392,21.800643345085113
8428833ffffffff,2022,53,3.2501271458525283,34.569726077501592
8428981ffffffff,2022,52,2.208054818212986,38.722485620626777
8428981ffffffff,2022,53,2.698826476931572,32.204967462997679
84270a7ffffffff,2022,42,115.7008418730661,37.9979970308084
84270a7ffffffff,2022,53,23.801907017827034,29.407632339751988
84288d9ffffffff,2022,42,0.44172700494527817,47.4315695888828
84288d9ffffffff,2022,53,0.947553463280201,31.004530287134365
842624bffffffff,2022,42,1297.3748593013515,78.9778543462391
842624bffffffff,2022,53,65.138376042246819,68.3053764635135
8426da9ffffffff,2022,53,1.50355763733387,30.750536156130433
84268e5ffffffff,2022,53,0.16917902415289598,57.102304343218641
8428925ffffffff,2022,51,0.3155650720000267,28.800993624586162
8428925ffffffff,2022,52,0.37882043421268463,35.49998184658147
8428925ffffffff,2022,53,1.2625157907605171,26.052119744516915
8427429ffffffff,2022,42,14.324737474322319,34.365460254036805
8427429ffffffff,2022,53,3.2833868190646172,29.016441185552562
842aac3ffffffff,2022,42,90.206599660217762,63.792352424611252
84279a5ffffffff,2022,42,0.127460278570652,43.502828157287688
84279a5ffffffff,2022,51,0.063594803214073181,32
84279a5ffffffff,2022,52,0.063610456883907318,27
84279a5ffffffff,2022,53,0.19068802148103714,31.666761794195317
8427ad5ffffffff,2022,42,25.859987661242485,26.807412988809642
8427ad5ffffffff,2022,51,7.6105888746678829,22.680154342058064
8427ad5ffffffff,2022,52,0.59457788616418839,27.290545889107054
8427ad5ffffffff,2022,53,646.66460782399076,47.848117489162959
84446dbffffffff,2022,42,0.23206809908151627,36.3334125367327
8427497ffffffff,2022,42,8.6559523344039917,36.91647946291237
84288c7ffffffff,2022,42,0.062715239822864532,30
84288c7ffffffff,2022,51,763.48519836713865,83.10137531548537
84288c7ffffffff,2022,52,0.12543947994709015,18
84288c7ffffffff,2022,53,3268.9058648008049,87.824841952768224
842a34dffffffff,2022,42,0.12905329465866089,32
842b88dffffffff,2022,42,0.51668010652065277,34.623592053542424
842612dffffffff,2022,51,0.32761000841856003,22.000689362330974
842612dffffffff,2022,53,12.413430392742157,46.778975159812866
8444f59ffffffff,2022,53,3.9742842018604279,48.040586898718622
842790dffffffff,2022,51,2256.148897183994,59.454577389358818
842790dffffffff,2022,52,1872.3605757326909,45.9043410157172
842790dffffffff,2022,53,7147.1444976367939,49.401899945585086
8427b35ffffffff,2022,51,446.8797770181269,45.706716229343137
8427b35ffffffff,2022,52,1853.0710527057888,55.752839357473817
8427b35ffffffff,2022,53,1781.8386463476745,52.847319219877889
842689dffffffff,2022,42,11.393754735589027,64.09659645823109
842aae7ffffffff,2022,42,2.3542197495698929,34.23393340966058
842a8b1ffffffff,2022,53,3.1143975406885147,46.113539799330134
842a903ffffffff,2022,42,2.0718212649226189,31.765722260187779
8426a1dffffffff,2022,42,2.8411131054162979,43.180653665311837
8426a1dffffffff,2022,51,0.26455184072256088,23.750054403927141
8426a85ffffffff,2022,42,0.13568219542503357,41
8426a85ffffffff,2022,53,3.7452389448881149,40.819806379144964
8427929ffffffff,2022,51,1503.1120982558559,66.246965313746273
8427929ffffffff,2022,52,1260.0210018418145,59.905949775849535
8427929ffffffff,2022,53,955.08520730373027,55.03234262564569
842a897ffffffff,2022,42,0.36357080936431885,36.804343582297243
842a897ffffffff,2022,53,0.14540831744670868,48
8444587ffffffff,2022,42,0.89625834673643112,75.999954877127081
8444587ffffffff,2022,53,2.1666750609874725,44.2365991270255
8426239ffffffff,2022,42,3835.677053054173,83.6319678297713
8426239ffffffff,2022,53,38.336054088525913,39.753901159506974
84274edffffffff,2022,42,7.3833566531538963,30.833248467115578
84274edffffffff,2022,53,1.2942399904131889,39.998488255862789
84270a3ffffffff,2022,42,175.1845729166094,49.7100988969977
84270a3ffffffff,2022,53,8.2452718205749989,27.7205766971682
8427adbffffffff,2022,42,86.902099900195992,38.897152582266294
8427adbffffffff,2022,52,0.11895472556352615,17
8427adbffffffff,2022,53,195.22202489292798,44.161395981201231
842641dffffffff,2022,42,0.070779263973236084,21
842ad23ffffffff,2022,53,9.8041638657450676,36.934557873442373
8448db7ffffffff,2022,42,0.14352574944496155,40
8448db7ffffffff,2022,53,0.28646049648523331,34.497401417501322
8412dabffffffff,2022,42,1.135642446577549,32.219602923171564
8412dabffffffff,2022,51,1.3747179247438908,19.658100574443004
8412dabffffffff,2022,53,2.2111312635242939,29.916520785955761
842780bffffffff,2022,42,1.7462079860270023,23.24166231438112
842780bffffffff,2022,51,637.5122171109798,70.871827525725564
842780bffffffff,2022,52,2373.5908325494356,70.712845077344909
842780bffffffff,2022,53,2346.1313398237608,81.732328556161292
84275b7ffffffff,2022,42,124.33515655854166,58.629032745523659
84275b7ffffffff,2022,53,0.20174482464790344,45.333348154860239
842a105ffffffff,2022,42,0.33993612974882126,30.809090210716803
8426dddffffffff,2022,53,14.344795532524586,35.127234606594762
8428f0dffffffff,2022,42,8.5740402748479561,46.480708607487415
8428f0dffffffff,2022,53,1.4538374841213226,41.343163730963511
8427503ffffffff,2022,42,60.244152998076942,66.674532076970848
8427503ffffffff,2022,53,0.25333099812269211,44.492439821277351
842752dffffffff,2022,42,1.3826877772808075,26.22576248720695
842752dffffffff,2022,53,2.25760580599308,27.585451256738036
8428923ffffffff,2022,51,31.354711707549935,38.273830683499355
8428923ffffffff,2022,52,38.836998537182808,45.341994653651014
8428923ffffffff,2022,53,122.04408992020522,47.711001070138856
84276b7ffffffff,2022,42,9793.8616144490879,84.756075817089481
84276b7ffffffff,2022,53,0.45626714825630188,25.85414106076604
8428b05ffffffff,2022,42,0.26508747041225433,30.25070460640778
8428b05ffffffff,2022,53,191.41427566680838,85.773275104247858
84262c7ffffffff,2022,42,16.267646007239819,47.477142290820723
84262c7ffffffff,2022,53,352.81480707657687,59.917494298519173
8444e8bffffffff,2022,53,0.30061075836420059,25.003309614848263
84445abffffffff,2022,42,1.0474396869540215,73.285904051979955
84445abffffffff,2022,53,0.74698964506387711,33.191585698329511
8428f31ffffffff,2022,42,6.1937785781919956,28.031022375945334
8426837ffffffff,2022,53,0.069749101996421814,36
842785bffffffff,2022,42,0.53819931671023369,42.878876704356216
842785bffffffff,2022,51,420.583491525054,77.226781567641424
842785bffffffff,2022,52,10828.346370317011,81.474081909242358
842785bffffffff,2022,53,12960.432614840976,82.586651465290032
8426307ffffffff,2022,51,0.8211120069026947,18.075545604816966
8426307ffffffff,2022,52,0.18896380811929703,18.333240649810332
8426307ffffffff,2022,53,131.56003487931162,67.489016302251557
8428929ffffffff,2022,51,3.1697299182415009,31.416313352125815
8428929ffffffff,2022,52,1.4598880186676979,32.218398167347296
8428929ffffffff,2022,53,3.7386742064473677,33.750818446970577
84289b1ffffffff,2022,51,0.12028687447309494,31
84289b1ffffffff,2022,52,0.060149982571601868,47
84289b1ffffffff,2022,53,2.775725144892931,39.603211530292434
84288e5ffffffff,2022,42,0.312187734991312,25.803543465422418
84288e5ffffffff,2022,51,15.910579262615414,53.255942711337667
84288e5ffffffff,2022,52,1.1245789006352425,33.564944585846845
84288e5ffffffff,2022,53,132.293069567619,59.9802791052026
842a135ffffffff,2022,42,7.5650186315178871,32.362446646772426
8427435ffffffff,2022,42,68.962006957712134,36.747004502804607
8427435ffffffff,2022,53,29.203484457643594,29.948203312948063
8426f2bffffffff,2022,53,0.070831455290317535,28
8426c23ffffffff,2022,42,1.1732358038425446,24.063641740277536
8426c23ffffffff,2022,53,318.97463631191675,63.399511784080978
8426433ffffffff,2022,53,0.071905501186847687,27
84298d1ffffffff,2022,42,0.070347949862480164,31
8448c1bffffffff,2022,42,6.84351222217083,49.517846925690606
84262cbffffffff,2022,42,1.9936749935150146,29.645616579770415
84262cbffffffff,2022,53,503.03518070774334,50.115494966814119
8426167ffffffff,2022,53,0.781232200562954,29.079332032434706
84275edffffffff,2022,42,1.353486493229866,35.149899124132162
84275edffffffff,2022,53,0.45153190195560455,29.147271549244628
84275a1ffffffff,2022,42,1.1875305399298668,49.334275282091959
84275a1ffffffff,2022,53,0.59395110607147217,26.767045898150357
8426119ffffffff,2022,42,175.88905113935471,62.61693957171623
8426119ffffffff,2022,51,3.017395555973053,25.347907990730075
8426119ffffffff,2022,52,2.7594250366091728,27.691194305002181
8426119ffffffff,2022,53,5.187864325940609,27.515462840009292
8426031ffffffff,2022,42,0.066404342651367188,41
8426d47ffffffff,2022,42,0.14448301494121552,20.5
8448ee5ffffffff,2022,42,335.10418355102638,72.2920149698145
8412cb3ffffffff,2022,51,4.13802844658494,26.984825570013008
8412cb3ffffffff,2022,52,2.2204743325710297,35.05474380980624
8412cb3ffffffff,2022,53,218.06914813072947,65.11186144294858
842ad21ffffffff,2022,53,98.61910710214984,82.255854240397468
84278e1ffffffff,2022,42,0.18660229071974754,21.999047247740002
84278e1ffffffff,2022,51,3.604684267193079,49.9977027889413
84278e1ffffffff,2022,52,21.08782122656703,36.656608882911272
84278e1ffffffff,2022,53,25.512104470282793,39.076099276393691
8427951ffffffff,2022,51,0.24094779044389725,29.491186666198715
8427951ffffffff,2022,52,10.470437747649118,26.604084067715981
8427951ffffffff,2022,53,121.96539223566651,31.504902397436073
8429a1bffffffff,2022,42,8.3073979541659355,34.867738803092948
84268bbffffffff,2022,42,115.62687965327618,66.463353207199191
842633dffffffff,2022,51,0.19003042578697205,24.333237536821539
842633dffffffff,2022,52,0.25386129319667816,24.502724029446931
842633dffffffff,2022,53,4.575934000313282,25.611340904612035
8444f51ffffffff,2022,53,358.43247607107844,72.645282120952515
8426dd3ffffffff,2022,42,0.075112201273441315,47
8426dd3ffffffff,2022,53,1.2001586630940437,27.188738757947174
8426f07ffffffff,2022,53,0.35395701229572296,30.804578057951762
8448c5dffffffff,2022,42,1.6006532981991768,34.57140832542494
84269cbffffffff,2022,42,8.5396275594830513,33.828093292795252
84269cbffffffff,2022,53,0.13995862007141113,27
842756bffffffff,2022,42,1.9830646142363548,35.094747390847921
8427197ffffffff,2022,42,2046.4086934470656,73.843358613481783
8427197ffffffff,2022,53,0.24472589418292046,24.993390265435306
8428d5dffffffff,2022,42,4.702938798815012,34.323302316205975
8427515ffffffff,2022,42,3.6229886024313815,32.467367492992992
8427515ffffffff,2022,53,0.7646772637963295,39.167266171891967
8426945ffffffff,2022,53,0.27085250616073608,29.511064278013649
8426305ffffffff,2022,42,3.0030945315957069,40.021969730829269
8426305ffffffff,2022,51,0.31410720199346542,20.998122809841039
8426305ffffffff,2022,52,0.062572993338108063,25
8426305ffffffff,2022,53,38.019306759068783,32.608468991426811
8426eddffffffff,2022,53,0.0721137523651123,19
84276a3ffffffff,2022,42,12.153205692768097,26.459744426200533
84276a3ffffffff,2022,53,0.064463198184967041,18
84269d1ffffffff,2022,53,0.070563137531280518,27
84444dbffffffff,2022,42,0.15040239691734314,19
8444cabffffffff,2022,42,0.21879979968070984,43
8426141ffffffff,2022,51,0.12871302664279938,29
8426141ffffffff,2022,53,313.62128047382129,73.39435218091549
8428d67ffffffff,2022,42,25.039206776461182,39.403514677523
8428d67ffffffff,2022,53,6.4907533153891563,31.605404079230023
8448831ffffffff,2022,53,24.271155640482903,28.915315640961843
842a163ffffffff,2022,42,0.67464772611856461,30.001846654684662
8428a25ffffffff,2022,53,0.33267153054475784,24.400218569067338
8429a9dffffffff,2022,42,2.0949173346161842,39.691979336217408
8429a9dffffffff,2022,51,65.076072722673416,65.085364986176529
8427807ffffffff,2022,51,0.911404937505722,22.998903076760836
8427807ffffffff,2022,52,57.16356282840465,29.854496416467388
8427807ffffffff,2022,53,218.40168295055628,68.940679150858671
8428893ffffffff,2022,42,12.301193289458752,25.394565349900155
8428893ffffffff,2022,53,2.0899288281798363,22.000651648543975
84264e5ffffffff,2022,53,0.57750844210386276,33.3750239882611
8428b61ffffffff,2022,53,15.809286166289272,37.816929162159362
842665dffffffff,2022,42,5.6897653341293335,38.940303027950748
8427567ffffffff,2022,42,0.24967524409294128,26.498867351714566
8427567ffffffff,2022,53,5.4360378310084343,31.336003413603109
842649bffffffff,2022,42,0.22062535583972931,42.666661646151333
842649bffffffff,2022,53,2.873112179338932,32.589512239388029
84489e9ffffffff,2022,42,3.5886418670415878,46.215447855992863
84489e9ffffffff,2022,53,0.46744330227375031,26.99989183791984
8426633ffffffff,2022,42,2.6259804308706634,65.0243318418676
8426a6bffffffff,2022,42,0.065025985240936279,68
8444f15ffffffff,2022,42,0.46087318658828735,28.166723593341015
8444f15ffffffff,2022,53,0.15349344909191132,53
842742dffffffff,2022,42,81.996854886412621,62.498588712500108
842742dffffffff,2022,53,13.183907978236675,36.950368759266929
84278a1ffffffff,2022,51,0.9509621188044548,31.942542570775991
84278a1ffffffff,2022,52,27.567067451775074,36.290020671495689
84278a1ffffffff,2022,53,179.73223192244768,60.957983247047743
84261adffffffff,2022,42,2.3113455250859261,35.733720459547968
84261adffffffff,2022,53,5.1516014114022255,32.315501838530338
8427815ffffffff,2022,51,1539.7217404738797,70.699021085399579
8427815ffffffff,2022,52,3094.6759980416182,71.499459742909224
8427815ffffffff,2022,53,4126.7076379000991,71.824655920996861
8426a47ffffffff,2022,42,0.38977299630641937,44.005148826387263
84485b5ffffffff,2022,52,28.340277736093483,35.69093995577763
84485b5ffffffff,2022,53,0.37720239907503128,21.798842931402415
8428367ffffffff,2022,42,1.4142719730734825,34.850113842628616
8428367ffffffff,2022,51,0.30848640343722178,23.141106251682274
8428ae5ffffffff,2022,53,0.065189257264137268,17
8426883ffffffff,2022,42,0.638319842517376,30.563690661743312
8426437ffffffff,2022,53,0.071832254528999329,26
8448d69ffffffff,2022,42,6.62745963037014,21.55171712258311
8426859ffffffff,2022,42,0.53948974609375,51.001111490314585
844458dffffffff,2022,42,0.15048240125179291,73
844458dffffffff,2022,53,0.30821302664630557,35.428849174106112
8428843ffffffff,2022,42,601.95501553886652,51.883211868475314
8428843ffffffff,2022,51,1.4960437193512917,18.47939111849713
8428843ffffffff,2022,52,0.13005946576595306,23.502274825240605
8428843ffffffff,2022,53,552.99860586056525,48.746034951278645
8426d57ffffffff,2022,42,1.2357108071446419,41.704796300815772
84444a7ffffffff,2022,53,87.547516755759716,72.952797273966311
8426a39ffffffff,2022,42,1.1919826045632362,31.722441639397424
8428b6dffffffff,2022,53,3.2317670285701752,34.414383729813174
8448b3dffffffff,2022,51,137.12683921666707,59.593464294382159
8448b3dffffffff,2022,53,1.1264409050345421,35.071696891914392
842890dffffffff,2022,51,0.12772919237613678,21
84279d7ffffffff,2022,51,1.3649274088004055,36.456410502958761
84279d7ffffffff,2022,52,1.4502142667770386,29.701062579411456
84279d7ffffffff,2022,53,2.3362585604190826,46.227921171478215
8426b19ffffffff,2022,42,0.19879689067602158,38.001975746481712
84266a9ffffffff,2022,42,0.21171847730875015,42.333359046209026
842612bffffffff,2022,42,108.31513628363609,43.848399626243605
842612bffffffff,2022,51,0.065892115235328674,31
842612bffffffff,2022,53,103.59040298964463,62.262494352100468
8427885ffffffff,2022,51,0.50390923768281937,63.12457519420871
8427885ffffffff,2022,52,139.38372614979744,64.360921921152823
8427885ffffffff,2022,53,724.14413507282734,73.819247990236917
8426d09ffffffff,2022,42,1.4528670907020569,26.999944077072204
844898bffffffff,2022,42,0.46295343339443207,47
844898bffffffff,2022,53,2.0828307867050171,31.481595996514663
84446ddffffffff,2022,42,2.253326304256916,21.894960601245479
84446ddffffffff,2022,51,0.15546566247940063,22.501583418351014
84444b7ffffffff,2022,53,0.1471528559923172,28.5
8428d55ffffffff,2022,42,4.1122261452762521,39.888421186065031
8444e29ffffffff,2022,53,3.8689379780608064,49.2494284435897
8426ee5ffffffff,2022,53,1.4431049898266792,25.450447746542235
842ad41ffffffff,2022,53,0.73201316595077515,48.399407062518527
84445c7ffffffff,2022,53,0.29596853650668087,34.556594450945319
842b897ffffffff,2022,42,0.066374249756336212,29
84269dbffffffff,2022,53,0.35206568241119385,31.399941202184237
842812bffffffff,2022,53,1.078499861061573,35.187863343222332
8444de9ffffffff,2022,53,4.0209504663944244,32.62857803949133
842a94dffffffff,2022,42,1.9519155696034431,53.275292756833416
842a855ffffffff,2022,42,0.34565825015306473,30.400426008275087
8427ac3ffffffff,2022,42,6.3409751020371914,26.878865843611077
8427ac3ffffffff,2022,51,127.83516783392898,47.391538509414573
8427ac3ffffffff,2022,52,2.015075221657753,23.76245348746588
8427ac3ffffffff,2022,53,240.36945035033952,54.8401446683554
84265dbffffffff,2022,53,0.072385311126708984,24
8427559ffffffff,2022,42,0.12472708523273468,22
8427559ffffffff,2022,53,1.6107136942446232,49.424366024619061
8448919ffffffff,2022,42,2.131020113825798,38.925263043394366
8448919ffffffff,2022,53,1.9733704403042793,40.003207108813633
842685dffffffff,2022,42,0.06735355406999588,30
8426299ffffffff,2022,53,0.065769046545028687,18
8444c3dffffffff,2022,42,0.074991770088672638,25
8444c3dffffffff,2022,53,0.29935985803604126,30.258545349109244
8412c97ffffffff,2022,51,2405.0067712368773,63.2708838626197
8412c97ffffffff,2022,52,5136.0231974378812,65.056735938630609
8412c97ffffffff,2022,53,5551.92774638744,62.796182890610922
8428827ffffffff,2022,42,0.12667074799537659,21.490732384159948
84260a7ffffffff,2022,53,1.6453621387481689,33.464164753579439
84289ddffffffff,2022,51,1.6195991598069668,33.38524195534977
84289ddffffffff,2022,52,0.80963534861803055,25.923116029343
84289ddffffffff,2022,53,16.513916846364737,50.7199081553002
8448825ffffffff,2022,42,3.4679461941123009,65.608465698005546
8448825ffffffff,2022,53,22.311603419482708,37.867339134880631
8444dedffffffff,2022,42,0.074388422071933746,23
8444dedffffffff,2022,53,3.1338719238837562,29.88116920035883
842602bffffffff,2022,42,2.0371587797999382,25.384112360656886
842aac5ffffffff,2022,42,115.51192913224884,68.661710863102016
84274d9ffffffff,2022,42,3840.3790473786648,80.553444763240151
84274d9ffffffff,2022,53,4.0590468198060989,27.403051799337412
8444e87ffffffff,2022,53,0.22462765872478485,22.666150176586207
8429127ffffffff,2022,42,9.49846762418747,37.423744764322642
8429127ffffffff,2022,51,0.074060782790184021,16
8412cb7ffffffff,2022,51,0.12055766582489014,28
8412cb7ffffffff,2022,52,0.23994817957282066,36.74938578043654
8426349ffffffff,2022,42,698.22281675124,52.391860728389368
8426349ffffffff,2022,52,0.6114775650203228,34.701885600343786
8426349ffffffff,2022,53,139.9678331874311,49.315381493410925
8428f61ffffffff,2022,42,1.711167648434639,26.889579955302114
8428f61ffffffff,2022,53,0.1270192563533783,82
84270abffffffff,2022,42,29.408534763782633,29.097914343760021
84270abffffffff,2022,53,0.42287125810980797,28.001241771484395
842b117ffffffff,2022,42,10.48451105132699,34.40226523740148
842b117ffffffff,2022,53,13.040407743304968,46.936955889638917
84279e5ffffffff,2022,51,0.75242643803358078,21.081962765298908
84279e5ffffffff,2022,52,2.6955524682998657,28.835330890331225
84279e5ffffffff,2022,53,11.439435167347684,33.170749027186822
8428b27ffffffff,2022,42,0.13096354901790619,77
8428b27ffffffff,2022,53,16.030787147581577,34.148826165751359
8426ad5ffffffff,2022,42,11.114638082683086,30.988252002494541
8426ad5ffffffff,2022,51,1097.5461063673974,63.425099166751693
8426ad5ffffffff,2022,53,2336.7320332131258,56.589107066420695
842a317ffffffff,2022,42,0.201492540538311,29.331376414271464
8429ac3ffffffff,2022,42,2.7832927480340004,37.920416356971181
8444439ffffffff,2022,53,0.22949512302875519,37
842676bffffffff,2022,53,8.7756282869799449,34.078987078277486
8428f2dffffffff,2022,42,0.31342267245054245,25.800084741252139
8428f2dffffffff,2022,53,1.3815116509795189,23.50156791737481
8426753ffffffff,2022,42,1.974664717912674,32.171403901157028
8427841ffffffff,2022,51,3.079665020108223,30.921781572817455
8427841ffffffff,2022,52,3497.2159523555461,84.786889997135063
8427841ffffffff,2022,53,1501.8872422723355,76.948076089572808
8426185ffffffff,2022,42,0.27172034233808517,26.001703113053864
8426185ffffffff,2022,53,0.20401303470134735,21.999129141208186
8426245ffffffff,2022,42,270.38305942487773,58.771975854061992
8426245ffffffff,2022,53,4.2452431060373783,32.929057351793084
8412dbbffffffff,2022,42,0.12047181278467178,24
8412dbbffffffff,2022,51,28.950695777786713,38.370109877247231
8412dbbffffffff,2022,52,4.5238161124289036,30.473921878677743
8412dbbffffffff,2022,53,16.0892544798553,34.145344910572625
8427995ffffffff,2022,42,1.724735863506794,47.889136581715761
84271bdffffffff,2022,42,2120.0864882828414,63.480272004183739
84271bdffffffff,2022,53,24.293226229618575,37.2427779265357
8428937ffffffff,2022,51,7.4419125745839931,40.440595956539539
8428937ffffffff,2022,52,0.80757656693458557,27.459798555217066
8428937ffffffff,2022,53,6.8974961278923583,31.512689958477957
842689bffffffff,2022,42,0.21350294351577759,20.997015481639369
842aa05ffffffff,2022,42,35.884841173887253,52.596293967598811
8426b33ffffffff,2022,42,1.5495853126049042,46.521365747256176
842890bffffffff,2022,51,0.89059633761644363,28.999267111164031
842890bffffffff,2022,52,0.12788031995296478,15
8444d11ffffffff,2022,53,5.3187215030193329,30.5199526938023
842752bffffffff,2022,42,1388.5698260005784,81.041074721193411
842752bffffffff,2022,53,5.2459181994199753,46.772400580215837
8428323ffffffff,2022,42,12.989608697593212,38.244259609708926
8428323ffffffff,2022,51,4.4014022424817085,31.287567800540891
8428323ffffffff,2022,53,1.675254687666893,37.658975211786469
8426303ffffffff,2022,51,0.12622302025556564,28.997154007701976
8426303ffffffff,2022,52,4.21956193964271,26.50425086355251
8426303ffffffff,2022,53,3.0300722494721413,27.395248068579548
8426b17ffffffff,2022,42,0.40147676318883896,32.8351017593871
8448801ffffffff,2022,42,0.15807284414768219,25.5
8448801ffffffff,2022,53,0.23710361123085022,32
842b8e1ffffffff,2022,42,1.3465102463960648,27.858824806095758
842b8e1ffffffff,2022,53,0.064298711717128754,32
8429a89ffffffff,2022,42,1.7497246265411377,46.857346043032194
8429a89ffffffff,2022,51,2.7695342749357224,33.790029800823682
84274abffffffff,2022,42,2.3869283720850945,28.748668359159339
84274abffffffff,2022,53,0.26572304219007492,22.501977092614968
842ab2dffffffff,2022,42,3.1167105138301849,32.860223011210877
8426057ffffffff,2022,42,4.173481673002243,32.827161074001438
8426057ffffffff,2022,53,0.45658969134092331,44.707495954264608
84271a7ffffffff,2022,42,14238.741731007869,80.938184901350141
84271a7ffffffff,2022,52,1.6011175803109712,35.7440657762515
84271a7ffffffff,2022,53,133.81520375552424,55.756078948112936
84279adffffffff,2022,51,0.63457918912172318,41.302460062562744
84279adffffffff,2022,52,0.63357456028461456,30.495934319742322
84279adffffffff,2022,53,0.82560624927282333,34.769675211381326
8426ce3ffffffff,2022,42,0.14904844015836716,29.500095301446247
8426ce3ffffffff,2022,53,2.609674446284771,34.604266737508354
8426c39ffffffff,2022,42,2.5650022625923157,39.485059652926523
8426c39ffffffff,2022,53,4.4017076194286346,33.6742557044178
8429aa1ffffffff,2022,42,0.14414427429437637,30.500125525173083
842b8cbffffffff,2022,42,0.25657728314399719,34.7608468685916
8428b25ffffffff,2022,53,50.0911371525304,70.941710590502552
8444d31ffffffff,2022,53,4.8574002236127853,36.16431191783829
8448839ffffffff,2022,42,1.4165247604250908,25.054448380410687
8448839ffffffff,2022,53,1.7300451695919037,31.364116107815647
8444d37ffffffff,2022,53,202.96679364144802,69.306626582508912
84281e3ffffffff,2022,42,0.39633733779191971,42.33419221555539
842a127ffffffff,2022,42,109.66356097062429,61.221493394586027
8427199ffffffff,2022,42,2072.7227258503876,63.028676896164811
8427199ffffffff,2022,53,32.432517323642969,50.068045723299548
8426de9ffffffff,2022,53,0.074146218597888947,20
8444e57ffffffff,2022,42,0.077118910849094391,36
8444e57ffffffff,2022,53,0.30917760729789734,24.997678874840361
8428887ffffffff,2022,42,9.433355591183199,34.865638062968415
8428887ffffffff,2022,51,1.9155645668506622,33.870999204193573
8428887ffffffff,2022,53,134.38354665916049,68.62093619639063
8426dc3ffffffff,2022,53,2.7518838793039322,49.914376610717937
84444e5ffffffff,2022,53,8.0858787894248962,63.786766629722194
8427191ffffffff,2022,42,3764.0511155181948,68.8148689013587
8427191ffffffff,2022,53,3.3127175225054515,24.348031009945291
8426005ffffffff,2022,42,0.39220424741506577,26.165899647009297
84269b9ffffffff,2022,42,2.7907306030392647,34.283413403125273
84269b9ffffffff,2022,53,1.0021027401089668,38.427234060074355
84274c3ffffffff,2022,42,925.19227544291357,63.300255252885322
84274c3ffffffff,2022,53,103.87120395153761,49.727055472413987
842833dffffffff,2022,42,464.27043172717094,75.321996024161166
842833dffffffff,2022,51,0.90912812948226929,18.461764174055389
842833dffffffff,2022,53,38.1049747094512,75.594424864079912
84275e3ffffffff,2022,42,10.564913056790829,31.484193836246924
84275e3ffffffff,2022,53,13.170261695981026,28.642710847928569
84288cdffffffff,2022,51,1.6667358648543265,39.206814501445372
84288cdffffffff,2022,53,0.12736323475837708,17
84444edffffffff,2022,53,1.2136067599058151,64.793008154055144
8428189ffffffff,2022,42,0.13292446732521057,35
8427437ffffffff,2022,42,301.5307908961878,55.76128834496226
8427437ffffffff,2022,53,92.8598927333951,46.442620766335423
8427633ffffffff,2022,42,0.43591959029436111,32.14144112980388
8444e33ffffffff,2022,42,0.3809785321354866,21.99785465945574
8444e33ffffffff,2022,53,0.22833927720785141,43.661047726448167
8448953ffffffff,2022,42,7.9209573045372963,47.076608042641006
8448953ffffffff,2022,53,43.893720246851444,36.08406407040772
842685bffffffff,2022,42,3.1859121322631836,38.874201044677854
842685bffffffff,2022,53,1.8357072398066521,29.148121130450377
84444ddffffffff,2022,42,0.075642742216587067,48
8427957ffffffff,2022,51,4.6713982373476028,28.779582509204719
8427957ffffffff,2022,52,289.697254316947,74.590549667057786
8427957ffffffff,2022,53,452.59927931682148,52.112180479537926
8426263ffffffff,2022,42,530.88866410478954,75.685395768839584
8426263ffffffff,2022,53,0.062213856726884842,22
8444eb1ffffffff,2022,53,0.074409760534763336,33
84289c5ffffffff,2022,53,0.187418133020401,31.332058058339161
84291a5ffffffff,2022,42,1.087606742978096,35.134173198180804
84291a5ffffffff,2022,53,0.50675418972969055,25.285712693637777
8426ac9ffffffff,2022,42,3335.0955289537706,64.40135667717847
8426ac9ffffffff,2022,51,58.913139835701273,26.807531420869893
8426ac9ffffffff,2022,53,302.53850078600294,43.495583699743491
8428361ffffffff,2022,42,64.0057086020416,36.241225479322942
8428361ffffffff,2022,51,2.4871464520692825,32.5445813823992
8428361ffffffff,2022,53,0.49735978990793228,63.573477599660286
84261d5ffffffff,2022,53,11.561918035149574,29.247549020312267
8444e27ffffffff,2022,42,28.932378671186811,77.561093672866122
8444e27ffffffff,2022,53,22.113452926278114,43.343852789259749
8444f53ffffffff,2022,53,134.7611528791341,41.20075759640563
84298d5ffffffff,2022,42,1.1980502673808267,33.0581897579054
8426a17ffffffff,2022,42,255.90420280665745,58.217774498229232
8426a17ffffffff,2022,51,0.13352936506271362,29
84279cdffffffff,2022,51,79.072173099964857,62.382983314961571
84279cdffffffff,2022,52,21.652784866883476,31.221092082412081
84279cdffffffff,2022,53,139.11519612744451,38.722674297167352
8412db5ffffffff,2022,42,7.4503524638712406,34.391513868458894
8412db5ffffffff,2022,51,361.61654661223292,73.067108806780922
8412db5ffffffff,2022,52,1.9978936910629272,34.2185332783756
8412db5ffffffff,2022,53,480.16927771321406,77.553206921445266
8427935ffffffff,2022,51,105.34981617901255,32.523350199692551
8427935ffffffff,2022,52,10.377386808395386,30.725939092836992
8427935ffffffff,2022,53,767.68535953751382,70.472290307400712
84271abffffffff,2022,42,1754.8043033909707,55.10961845652453
84271abffffffff,2022,52,0.12026319652795792,20
84271abffffffff,2022,53,312.81983350912736,70.42257152936638
842783bffffffff,2022,42,0.06159060075879097,24
842783bffffffff,2022,51,44.692469730973244,36.650389282593089
842783bffffffff,2022,52,61.892901077574379,34.647298880784668
842783bffffffff,2022,53,732.37143081054091,75.37230631621388
842ad05ffffffff,2022,42,0.36949022114276886,39.194847417145034
842ad05ffffffff,2022,53,0.664469800889492,27.112677263058611
842aa5dffffffff,2022,42,10.635814847344276,34.551595828537138
842aac9ffffffff,2022,42,4.1892771646380424,35.670762713244244
842a941ffffffff,2022,42,0.54225321859121323,40.00698708484385
8448d93ffffffff,2022,42,0.57746417075395584,49.993899111898912
8448861ffffffff,2022,42,0.39873292297124863,37.801499866575178
8412c93ffffffff,2022,51,1863.9949776981537,61.489434393173624
8412c93ffffffff,2022,52,1514.1931181394002,58.330642809322036
8412c93ffffffff,2022,53,5184.7154012147557,63.4366663831146
8428803ffffffff,2022,42,0.25641994178295135,33.500287278321061
8428803ffffffff,2022,51,1.7295615822076797,29.261517405612302
8428803ffffffff,2022,52,2.2419458031654358,31.23082546399629
8428803ffffffff,2022,53,6.2816489785909653,36.071394099342264
8427963ffffffff,2022,51,2211.9790134684272,55.820647059580473
8427963ffffffff,2022,52,1698.5512920909068,43.257950587241453
8427963ffffffff,2022,53,2511.797551555786,55.398249269708032
8444c51ffffffff,2022,42,0.60515768826007843,26.376090163745712
8448b39ffffffff,2022,42,18.730465873929802,39.770898716861367
8448b39ffffffff,2022,51,6.3523467892233061,35.53059513478204
8448b39ffffffff,2022,53,6.26724958790868,45.482556529745914
842913dffffffff,2022,42,0.22317616641521454,91.333351338600352
8444f57ffffffff,2022,53,54.6839638202506,44.972318468652126
8428801ffffffff,2022,51,0.0641738772392273,17
8427591ffffffff,2022,42,2.7248252272605895,31.653198079940594
8427591ffffffff,2022,53,5.9323258542254855,34.374610711079228
84279c9ffffffff,2022,51,1.1731093749403954,30.6831823397691
84279c9ffffffff,2022,52,2.4096948958202904,32.951685038261196
84279c9ffffffff,2022,53,12.338794521855958,37.404839439103682
842ab57ffffffff,2022,42,0.066857032477855682,42
842ab67ffffffff,2022,42,7.644090972840786,37.047813872106985
8426d55ffffffff,2022,42,0.21785198897123337,29.334690397087869
8426997ffffffff,2022,42,0.071891307830810547,34
8428903ffffffff,2022,51,9.3631026968359947,29.521717726385837
8428903ffffffff,2022,52,0.632691890001297,30.200369476755046
8428903ffffffff,2022,53,2.0251839160919189,31.091651893660373
842750bffffffff,2022,42,4.78127334266901,33.471787717434445
842750bffffffff,2022,53,0.12545925378799438,36
8426649ffffffff,2022,42,0.067071489989757538,32
8428d3dffffffff,2022,42,0.059450000524520874,29
8426b37ffffffff,2022,42,2.6293553113937378,42.1641371448568
8426145ffffffff,2022,53,0.12867593765258789,40.99940801102823
8428151ffffffff,2022,42,0.2736978679895401,20.002063965733488
8428151ffffffff,2022,53,1.23348518460989,31.500971580063755
842793dffffffff,2022,51,1.2344143688678741,36.099235677349
842793dffffffff,2022,52,0.55655335634946823,34.110964661033691
842793dffffffff,2022,53,4.7605209276080132,31.273306608364553
8428ae3ffffffff,2022,51,1.3042000159621239,25.797826264288016
8428ae3ffffffff,2022,52,0.065152727067470551,23
8428ae3ffffffff,2022,53,29.960484361911522,35.528771799188391
8426253ffffffff,2022,42,9.7570779802168115,32.266510115140356
8426253ffffffff,2022,53,4.2719741538167,28.028458055432218
8427715ffffffff,2022,53,4.3422327525913715,39.969437747991613
8427943ffffffff,2022,51,2290.9859171620333,60.647125551797913
8427943ffffffff,2022,52,3392.4208422620209,53.303598924681395
8427943ffffffff,2022,53,4559.93053099643,51.5805782250674
8444593ffffffff,2022,53,0.0741431787610054,20
8444e39ffffffff,2022,42,0.53737621009349823,22.998757899677358
8444e39ffffffff,2022,53,2.4550659358501434,42.090143112613951
8428857ffffffff,2022,42,1049.4642522065662,68.021067541605646
8428857ffffffff,2022,51,0.90249389410018921,23.714604755789367
8428857ffffffff,2022,52,0.32184068858623505,22.598026757861231
8428857ffffffff,2022,53,297.37008998429076,55.451867213977778
842b8a7ffffffff,2022,42,20.578712314367294,37.252137729948558
8426a11ffffffff,2022,42,2.050308920443058,32.224601068350395
8426a11ffffffff,2022,51,1.456277921795845,74.545588114507112
8428b13ffffffff,2022,42,57.975372596260378,66.773904209645011
8428b13ffffffff,2022,53,4.5478003477056816,31.504478406781377
84274bdffffffff,2022,42,205.6515529602766,60.393429164555151
84274bdffffffff,2022,53,0.26643183082342148,20.753562113961529
842a969ffffffff,2022,42,0.20294623076915741,30.671441686036577
8428815ffffffff,2022,42,0.2549423947930336,21.250203571013895
8428815ffffffff,2022,52,0.12738803029060364,39
8428815ffffffff,2022,53,0.063732355833053589,39
8426035ffffffff,2022,42,415.22485008090734,83.903716762884684
8428345ffffffff,2022,42,21.700679168368087,31.322153323743233
8428345ffffffff,2022,51,0.14313757419586182,38
8428345ffffffff,2022,53,0.28679120540618896,49.99944409898
8448ee7ffffffff,2022,42,279.74044840128397,62.087623650526261
8448ee7ffffffff,2022,51,0.98851428925991058,40.314912721836606
8428347ffffffff,2022,42,0.42731250077486038,24.998638534715752
8428347ffffffff,2022,53,0.35572152584791183,36.400026453510989
8428169ffffffff,2022,53,3.0905904695391655,29.268031541254889
8448d21ffffffff,2022,42,10.261589139699936,25.073022301710527
8448d21ffffffff,2022,53,34.061227336525917,41.233575284356071
8427ae3ffffffff,2022,51,492.95775809502777,68.334155898040336
8427ae3ffffffff,2022,52,4762.8900367111546,73.782316676915286
8427ae3ffffffff,2022,53,4626.4591475264406,73.3212121995045
8426a83ffffffff,2022,42,55.568148069083691,81.816811412868589
8426a83ffffffff,2022,53,218.40263687819242,74.4593805131246
8426dedffffffff,2022,42,0.14837852865457535,20.501168137892243
8426dedffffffff,2022,53,0.89038999378681183,30.499675824138951
8426129ffffffff,2022,53,8.9066756516695023,30.448299483793235
8426c1dffffffff,2022,53,0.80296720564365387,42.818695650874879
8426155ffffffff,2022,51,3.3757782801985741,26.088182086387029
8426155ffffffff,2022,52,0.71316470205783844,22.4545494178366
8426155ffffffff,2022,53,33.98340318527292,29.179239849903425
842894dffffffff,2022,42,0.13032243400812149,25
842894dffffffff,2022,53,102.42849586158991,75.325517690349855
84262a5ffffffff,2022,42,0.91867412626743317,57.3581920990738
8427717ffffffff,2022,53,0.061544831842184067,31
8426085ffffffff,2022,42,0.067856952548027039,55
84262e5ffffffff,2022,42,14.979120776057243,32.500154585741562
84262e5ffffffff,2022,53,117.82797997441945,51.634714722882336
8426aa1ffffffff,2022,42,387.2908988520503,60.163288957857866
8426aa1ffffffff,2022,53,0.20557635277509689,33.000020948107732
8426a09ffffffff,2022,42,0.1305859237909317,32.499830660743747
8427857ffffffff,2022,42,81.855215650051832,72.235944469914443
8427857ffffffff,2022,51,1398.0648015002703,74.981024813026764
8427857ffffffff,2022,52,2936.414549598127,73.185319405890269
8427857ffffffff,2022,53,4842.384941456261,80.151346077285936
8448829ffffffff,2022,42,0.23727520555257797,34.001262177971675
842a955ffffffff,2022,42,0.13699055463075638,24.998815167230021
8428943ffffffff,2022,42,0.19321943074464798,59.333657933127583
8428943ffffffff,2022,53,1.2909962385892868,51.748494519525089
8427a89ffffffff,2022,42,95.201875172555447,56.655998129888516
8427a89ffffffff,2022,51,121.27969819679856,48.833497199738218
8427a89ffffffff,2022,52,1.8465604297816753,29.166678082917432
8427a89ffffffff,2022,53,595.03810062031539,62.873137523823345
8426ce9ffffffff,2022,53,0.14814142882823944,50.5022528057095
8412d97ffffffff,2022,51,2.8225439414381981,30.510707786614525
8412d97ffffffff,2022,52,0.36022832989692688,24.166570494447168
8412d97ffffffff,2022,53,5.2238350734114647,30.344443832576147
84279bdffffffff,2022,42,1095.4224788414497,81.789081723984566
8428b33ffffffff,2022,42,0.25965721905231476,36.748228653266878
8428b33ffffffff,2022,53,1.5613087341189384,27.916751878457521
8426f39ffffffff,2022,53,0.0709899440407753,26
8428127ffffffff,2022,51,0.066672183573246,51
8428127ffffffff,2022,53,0.13361367583274841,30
842aabdffffffff,2022,42,1.4088985323905945,39.297189760123736
842aabdffffffff,2022,53,0.14086645841598511,31
8444eddffffffff,2022,53,0.075632266700267792,36
84288a1ffffffff,2022,42,0.12296260893344879,17
84288a1ffffffff,2022,51,11361.346447092998,85.775818760181011
84288a1ffffffff,2022,52,4309.9430652499777,73.786980403835187
84288a1ffffffff,2022,53,2081.5746000065242,76.481562577193
8426f21ffffffff,2022,42,0.070685200393199921,43
8426f21ffffffff,2022,53,0.070792578160762787,31
8426d3bffffffff,2022,42,3.547869898378849,31.562504820978567
8426d3bffffffff,2022,53,0.07396785169839859,24
84261c9ffffffff,2022,42,97.396913014352322,67.75346027692855
842a16dffffffff,2022,42,0.066600792109966278,30
8444ac5ffffffff,2022,42,0.080124981701374054,35
8428907ffffffff,2022,51,3.2907082214951515,31.999727401400275
8428907ffffffff,2022,52,0.88606894016265869,25.070645331523359
8428907ffffffff,2022,53,3.1001807302236557,29.771737696673465
8426debffffffff,2022,53,0.074539348483085632,18
8426ca5ffffffff,2022,42,0.22570734471082687,47
8426ca5ffffffff,2022,53,1.5812250077724457,43.61380555954549
8448d29ffffffff,2022,42,0.30110860615968704,28.00408575093557
8448d29ffffffff,2022,53,91.838878661394119,55.7856178148736
842aaa9ffffffff,2022,42,1.9477074593305588,74.6074770308435
842749bffffffff,2022,42,12.919063037370934,32.70495068331401
8427959ffffffff,2022,51,38.09602814912796,24.829448027789827
8427959ffffffff,2022,52,446.86457223955028,41.083838670044933
8427959ffffffff,2022,53,1872.4049281975072,57.717043969165033
842b8b5ffffffff,2022,42,37.014717191457748,42.977967341463042
8429a95ffffffff,2022,42,1.008323960006237,40.784732592839227
8429a95ffffffff,2022,51,24.43299363553524,33.888267531847511
8427527ffffffff,2022,42,3.2472052127122879,29.481007765859484
8427527ffffffff,2022,53,92.274892559910512,38.493093685781858
8426615ffffffff,2022,42,0.20695663243532181,40.666667530683114
8426615ffffffff,2022,53,1.7234750390052795,39.959804099676177
8429b45ffffffff,2022,52,13.315014868974686,31.679811406839473
842751dffffffff,2022,42,5.324310414493084,34.095450631042844
842751dffffffff,2022,53,4.3089811429381371,31.058475630232959
8427441ffffffff,2022,42,0.062135253101587296,41
8427947ffffffff,2022,51,3858.1896955146949,65.914449858674672
8427947ffffffff,2022,52,5236.2417843275052,63.690060514583472
8427947ffffffff,2022,53,7945.0919951442265,51.518564100205047
8426207ffffffff,2022,42,7831.0196554977238,82.389918194720067
8426207ffffffff,2022,53,13.121831886470318,32.5038424573502
842b8e9ffffffff,2022,42,2.3012779355049133,32.470699473157026
844895bffffffff,2022,42,1118.7680496871471,62.647261408003217
844895bffffffff,2022,53,2700.3694638518141,67.902942024499325
8444a13ffffffff,2022,42,0.32147438824176788,55.49784629778155
8426249ffffffff,2022,42,142.84529854811581,62.920864142189224
8426249ffffffff,2022,53,8.7253017760813236,31.060786563823466
84489c9ffffffff,2022,42,1.7253480553627014,32.498861664350386
84489c9ffffffff,2022,53,3.9923576340079308,40.706404061258212
842aa37ffffffff,2022,42,0.47916478663682938,38.424702532912427
8428d65ffffffff,2022,42,8.1527439281782677,36.319884744486075
8428d65ffffffff,2022,51,0.969880722463131,21.500018989794114
8428d65ffffffff,2022,53,35.468151494860649,66.382548815174
8428157ffffffff,2022,53,0.13660408556461334,28.499909897576671
8426255ffffffff,2022,42,784.04356218561816,66.636811731072967
8426255ffffffff,2022,53,83.030312079644091,34.747756053439154
84489a5ffffffff,2022,42,1.843055360019207,41.081718488708823
84489b9ffffffff,2022,42,0.076394088566303253,49
84489b9ffffffff,2022,53,0.76482371985912323,34.301695240919734
84279b3ffffffff,2022,42,12.863119944930077,34.914900162334263
84278ddffffffff,2022,42,1.7356510162353516,32.425735326994463
84278ddffffffff,2022,51,150.1339528847997,63.56592853859447
84278ddffffffff,2022,52,78.351463865488768,58.140780747285156
84278ddffffffff,2022,53,1456.9602896954791,66.98541619487564
8428919ffffffff,2022,53,0.19044774025678635,29.9982621886705
84275a9ffffffff,2022,42,5.7041682526469231,29.425236380755095
84275a9ffffffff,2022,53,2.689125768840313,30.2469190567964
844459bffffffff,2022,53,1.6380519345402718,28.409028632060053
8426941ffffffff,2022,42,0.40508106350898743,28.002350399289597
8428a8dffffffff,2022,53,4.4387233406305313,33.880794798452861
842664bffffffff,2022,42,147.24942335486412,80.864361470953938
842664bffffffff,2022,53,0.74092298001050949,39.819525374021069
8426ce5ffffffff,2022,42,0.14869558811187744,47
8426ce5ffffffff,2022,53,62.44389034807682,63.930883556161156
8426c89ffffffff,2022,42,0.074798800051212311,27
8426c89ffffffff,2022,53,0.52204463630914688,27.71581391097132
8427495ffffffff,2022,42,45.080164231359959,62.899053946654675
8427495ffffffff,2022,53,0.0669422522187233,24
8412da7ffffffff,2022,42,5.4975444823503494,25.991563877156175
8412da7ffffffff,2022,53,11.963497959077358,35.683580987982154
8428363ffffffff,2022,42,99.134627610445023,30.74897906084631
8428363ffffffff,2022,51,55.25109551846981,67.531033036121471
8428363ffffffff,2022,53,17.837423090344551,54.435430253599371
8428d03ffffffff,2022,42,3.530174408107996,42.587897601286635
8428a3dffffffff,2022,53,0.19880001246929169,30.333270970328627
8426341ffffffff,2022,42,268.6960201981459,55.707750706608266
8426341ffffffff,2022,51,0.061370916664600372,22
8426341ffffffff,2022,52,46.008538607507944,52.261118357980934
8426341ffffffff,2022,53,21.885010987783179,28.093489334659587
8426457ffffffff,2022,42,0.70660582184791565,18.800070578538616
8444dc1ffffffff,2022,53,0.07413966953754425,42
842718bffffffff,2022,42,12666.286278675963,80.22391918453468
842718bffffffff,2022,53,0.53924451768398285,35.7815036685968
842a8d9ffffffff,2022,42,0.14253932237625122,43
8426217ffffffff,2022,42,1016.0649347699448,69.280563069549444
8426217ffffffff,2022,53,1841.5631023794413,72.990845691747609
84278a9ffffffff,2022,42,1.0692461207509041,50.764657655118704
84278a9ffffffff,2022,51,1.260916990567656,34.533548654696368
84278a9ffffffff,2022,52,2.4542642310261726,34.155566820082015
84278a9ffffffff,2022,53,6.8077177181839943,34.992222573698896
84261d1ffffffff,2022,42,0.06752081960439682,41
84261d1ffffffff,2022,53,2.2290596589446068,33.37333031534402
8429ad7ffffffff,2022,42,1.8905091360211372,37.6442081281197
8429ad7ffffffff,2022,51,0.72631723433732986,24.499173854541962
84489c1ffffffff,2022,53,1.1707082539796829,52.063254028666059
842a849ffffffff,2022,42,2.4463267475366592,38.364208048854955
8426225ffffffff,2022,42,107.2797538979965,53.830961646730486
8444c57ffffffff,2022,42,0.22598426789045334,31.333330036386752
8428145ffffffff,2022,53,84.407396793365479,87.763482002437854
84446b9ffffffff,2022,42,0.68937341868877411,20
842885bffffffff,2022,42,0.51937715709209442,31.498344547041153
842885bffffffff,2022,53,0.39025207608938217,40.333772169082245
8428867ffffffff,2022,42,0.64341633766889572,42.889124534890442
8448815ffffffff,2022,53,0.31439215689897537,34.2463829597748
8426329ffffffff,2022,42,4.9950534748680457,32.941607207183232
8426329ffffffff,2022,51,39.03300616145134,65.684288909022925
8426329ffffffff,2022,52,0.12513457238674164,41
8426329ffffffff,2022,53,158.13080294716593,83.385904543306452
8426021ffffffff,2022,42,0.988138273358345,23.866175639567345
8426021ffffffff,2022,53,15.064014174044132,50.913166749544
842753dffffffff,2022,42,558.08449787801385,79.367713122180774
842673bffffffff,2022,42,0.13803836703300476,49.515447129722169
8426643ffffffff,2022,42,0.135074645280838,26
8426643ffffffff,2022,53,0.20335955917835236,17.32930285701222
8426da3ffffffff,2022,53,0.075740627944469452,24
8427541ffffffff,2022,42,1.2973291762173176,29.239802099272325
8428aa3ffffffff,2022,42,0.12852907180786133,25
8428aa3ffffffff,2022,51,0.38361417502164841,20.333782533396295
8428aa3ffffffff,2022,53,3.726976752281189,34.77574748601009
8429a87ffffffff,2022,42,5.2629532366991043,34.597662683258982
8429a87ffffffff,2022,51,1.5157806798815727,32.670427924129278
8429a87ffffffff,2022,53,1.0843492224812508,28.338451065130776
8428885ffffffff,2022,42,0.74349057674407959,35.497581597067175
8428885ffffffff,2022,51,1538.006674889446,81.508246024961892
8428885ffffffff,2022,52,5.0602898516491344,31.4326540225849
8428885ffffffff,2022,53,7844.092245501397,90.14103713002558
84262edffffffff,2022,42,364.58343331983275,70.208635638141644
84262edffffffff,2022,53,890.108114882164,74.7843091144499
84268e7ffffffff,2022,53,0.98409054428339,37.285289401584677
8426281ffffffff,2022,42,0.130400650203228,26.999997771693295
8426281ffffffff,2022,53,9.9500053781796911,36.940223783939018
8426cabffffffff,2022,53,125.87404391914606,81.794341189518263
84261bdffffffff,2022,51,0.34353681653738022,27.398632224339465
84261bdffffffff,2022,53,0.82447602599859238,24.582814960720111
8426981ffffffff,2022,42,30.061883102094431,42.944630735499672
8426981ffffffff,2022,53,0.14218440651893616,37
84279dbffffffff,2022,51,11.342943243682384,52.306469758911213
84279dbffffffff,2022,52,12.784785769879818,31.149106775018886
84279dbffffffff,2022,53,15.996106644018607,35.357714976063477
8426b0bffffffff,2022,42,2.9645490348339081,40.110025059473223
8427407ffffffff,2022,42,19.24793501250884,36.921013183836422
8427407ffffffff,2022,53,10.36269922554493,35.446468285122769
8427535ffffffff,2022,42,9.25932114571333,33.145615866359329
8427535ffffffff,2022,53,1.6592520508988231,42.617179942733188
84275e5ffffffff,2022,42,6.4170907288789749,33.353339858341215
84275e5ffffffff,2022,53,0.9081321507692337,30.859874940020479
8429ae3ffffffff,2022,42,18.114561513066292,33.875915507161615
8428133ffffffff,2022,42,2.9248975217342377,25.70561326285474
8428133ffffffff,2022,52,0.13312125951051712,33.503727353866154
8428133ffffffff,2022,53,0.998823493719101,40.005228919448051
8426f01ffffffff,2022,53,0.77472463995218277,29.457976258360105
8428825ffffffff,2022,42,0.44541110098361969,34.570442179097661
8428825ffffffff,2022,53,0.31764992326498032,28.992594053077184
8448c51ffffffff,2022,42,12.677793170161106,47.520547710477132
842613dffffffff,2022,42,606.702770669174,59.461928685487045
842613dffffffff,2022,53,0.52852845937013626,22.748664750934442
84288d3ffffffff,2022,42,2.939585454761982,26.701751050472811
84288d3ffffffff,2022,53,1.5033062025904655,28.419822312538766
8427a8bffffffff,2022,42,11.632814321666956,29.66235716735455
8427a8bffffffff,2022,51,3.7743481807410717,32.018575432451968
8427a8bffffffff,2022,52,4.0737366117537022,27.398065258695411
8427a8bffffffff,2022,53,804.914945870784,59.927710630306244
8428895ffffffff,2022,42,1067.6045782012243,56.324136694304983
8428895ffffffff,2022,53,326.6254804862042,42.384337488222741
8428807ffffffff,2022,42,0.31972295790910721,31.203508237427105
8428807ffffffff,2022,51,0.12781919538974762,31
8428807ffffffff,2022,53,0.19185889512300491,65.014593373853657
8426323ffffffff,2022,51,0.25410301983356476,26.000013956844615
8426323ffffffff,2022,53,0.69920869171619415,26.637029914114159
8427543ffffffff,2022,42,2.1722133718430996,30.227784700681585
8429ac5ffffffff,2022,42,6.5391371548175812,33.375386882567135
8429ac5ffffffff,2022,51,1.467836320400238,25.253764810390816
8427ab3ffffffff,2022,42,5.6004101634025574,33.906033506308596
8427ab3ffffffff,2022,51,5.3566342033445835,26.126094627117432
8427ab3ffffffff,2022,53,64.591445904181285,38.361965276394159
8428849ffffffff,2022,42,388.24742910265923,64.732601453882182
8428849ffffffff,2022,51,0.19751714169979095,19.664138341388945
8428849ffffffff,2022,53,7.2323946505784988,33.759007887272205
84269adffffffff,2022,42,0.070887930691242218,88
842791bffffffff,2022,42,0.246231809258461,47.750003721783209
842791bffffffff,2022,51,22.5111213773489,31.798238881097081
842791bffffffff,2022,52,22.413100782781839,29.674633296977408
842791bffffffff,2022,53,36.349417984485626,35.276590324344106
8428aebffffffff,2022,51,0.26189790666103363,23.0024764915092
8428aebffffffff,2022,53,16.454190746212706,28.284256472117608
8426f6dffffffff,2022,42,149.6757515668869,58.774730437590385
8426f6dffffffff,2022,51,0.34628765285015106,15.799997857047973
8426f6dffffffff,2022,53,64.578705482184887,77.372339396988451
84485a3ffffffff,2022,52,1.0570828467607498,28.716012674664537
84485a3ffffffff,2022,53,0.2266295850276947,32.666666666666664
842a315ffffffff,2022,42,5.35924069583416,33.43754030052699
8426d51ffffffff,2022,53,0.0723348930478096,18
8427abbffffffff,2022,42,261.0434235039441,62.081636030587738
8427abbffffffff,2022,51,0.48929135128855705,23.633003532342652
8427abbffffffff,2022,52,0.48941296339035034,24.251041036540432
8427abbffffffff,2022,53,452.05018620343481,70.115479606211238
8427a85ffffffff,2022,42,0.12036972120404243,20.500090540516826
8427a85ffffffff,2022,51,130.74073677003094,64.892881089674034
8427a85ffffffff,2022,52,426.64012181630324,64.028047375536886
8427a85ffffffff,2022,53,3316.69048713247,75.852181564363946
8427999ffffffff,2022,51,1.2692607045173645,27.493324353695982
8427999ffffffff,2022,52,4.5725780054926872,40.707831881355226
8427999ffffffff,2022,53,5.3361222818493843,37.03967106027175
842603dffffffff,2022,42,0.26376593858003616,25.255141331444932
84279a7ffffffff,2022,42,0.89800532162189484,36.277634234647458
842780dffffffff,2022,51,17.260039620101452,31.928757314518947
842780dffffffff,2022,52,1175.8070721584645,71.751475294974455
842780dffffffff,2022,53,1577.387856936075,81.804845738577328
8426627ffffffff,2022,42,0.27447468042373657,36.249999022784536
84489ebffffffff,2022,42,4.6635047122836113,53.044516321745235
84489ebffffffff,2022,53,5.3606522530317307,28.087239171727116
84488b7ffffffff,2022,53,0.38059514760971069,49
8426ce7ffffffff,2022,42,0.074760757386684418,47
8426ce7ffffffff,2022,53,0.44751855731010437,33.84024023738047
8428d1dffffffff,2022,42,281.81931464724681,60.321179156480504
8428d1dffffffff,2022,53,3.1107359081506729,53.864415367926128
8426839ffffffff,2022,42,0.13790881633758545,25.000031010586387
8426839ffffffff,2022,53,0.27638303488492966,36.001061072011879
8448b35ffffffff,2022,51,0.24054393917322159,34.333342542902159
8412d91ffffffff,2022,51,0.53837956860661507,35.224842830756522
8412d91ffffffff,2022,52,0.059923455119132996,29
8412d91ffffffff,2022,53,0.11939026787877083,34.981219262094633
8426d9dffffffff,2022,53,1.0561619441883237,26.433139485864864
84274d5ffffffff,2022,42,184.97936324880402,57.959583232017934
84274d5ffffffff,2022,53,0.92139405012130737,26.785628600827238
8444489ffffffff,2022,53,0.075298279523849487,100
8426a57ffffffff,2022,42,0.13139289617538452,32
84262abffffffff,2022,42,13.695487692952156,51.851927877910263
84262c1ffffffff,2022,42,2.118584893643856,27.757766811770683
84262c1ffffffff,2022,53,1105.5754966472293,62.002144608248443
8429893ffffffff,2022,53,1.4508368894457817,30.761592551613692
8426b2dffffffff,2022,42,0.52898404002189636,35.372835033985531
842635bffffffff,2022,42,567.80034216050717,55.45229640031048
842635bffffffff,2022,53,8.0638732225141112,38.755180199108842
842aaedffffffff,2022,42,15.115629822015762,35.795839502188237
8426345ffffffff,2022,42,81.339625017754,38.514440325922564
8426345ffffffff,2022,51,3.5185760863855773,42.138315422211811
8426345ffffffff,2022,52,86.0202934667468,51.226702161919356
8426345ffffffff,2022,53,157.11051848599431,42.863111217490925
842615dffffffff,2022,51,2.9104463383555412,27.86381743070957
842615dffffffff,2022,52,0.64686796814203262,36.603785167597813
842615dffffffff,2022,53,235.22740794426085,65.197527053507443
84279c7ffffffff,2022,42,1.3765801601111889,30.680898854548193
84279c7ffffffff,2022,51,84.8071200930897,30.857190264983696
84279c7ffffffff,2022,52,50.62157138136088,36.609800892882419
84279c7ffffffff,2022,53,15.66471724323198,34.880993487786064
842a167ffffffff,2022,42,0.067218944430351257,28
84268c5ffffffff,2022,53,0.069520317018032074,34
8428f41ffffffff,2022,42,6.5416570096623659,39.563318809099258
8428f41ffffffff,2022,53,8.526930614254054,41.845016802644
842a80bffffffff,2022,42,0.069132395088672638,27
8448911ffffffff,2022,42,1.8055865988135338,42.389625474780487
8448911ffffffff,2022,53,0.70667382329702377,36.88863014783999
84269b7ffffffff,2022,42,3.9812900573015213,39.026071765598282
844452bffffffff,2022,53,8.69952280074358,59.593271724128989
8426315ffffffff,2022,51,1.0182259678840637,35.441312105539794
8426315ffffffff,2022,53,3.5609337761998177,26.787474966990708
8444e2dffffffff,2022,53,3.3240410163998604,47.5822476377328
8444cbbffffffff,2022,42,0.072121426463127136,55
842b89dffffffff,2022,42,0.460210844874382,39.143668886386571
8428aa5ffffffff,2022,42,0.064378097653388977,31
8428aa5ffffffff,2022,51,0.7700822725892067,23.665635274625618
8428aa5ffffffff,2022,52,0.064251676201820374,18
8428aa5ffffffff,2022,53,1.0935892462730408,33.177119633355886
84262e3ffffffff,2022,42,1.8849843442440033,26.619556404478203
84262e3ffffffff,2022,53,604.60122893978564,60.825340649970194
84278edffffffff,2022,42,3.0297946222126484,38.651158458585357
84278edffffffff,2022,51,10.919837745147593,54.895749400662339
84278edffffffff,2022,52,12.060891024768353,31.495046444053312
84278edffffffff,2022,53,35.3553914539516,33.173855498258561
842670bffffffff,2022,42,4.5461787192844874,39.4280091605156
8428965ffffffff,2022,42,0.7055620402097702,50.2686125801585
8427521ffffffff,2022,42,200.11355904983537,70.145515291254938
8427521ffffffff,2022,53,21.110765658318996,31.601672524517021
8427419ffffffff,2022,42,20.153843030333519,30.095917660309365
8427419ffffffff,2022,53,2.0433328077197075,31.594323092950084
8427825ffffffff,2022,51,3.417262963950634,31.820698047976656
8427825ffffffff,2022,52,45.110615242272615,30.023884078759579
8427825ffffffff,2022,53,31.988267943263054,32.820963749095682
84265b1ffffffff,2022,53,0.14773471653461456,25
842aa3bffffffff,2022,42,2.1848858594894409,34.278332167822057
8426c4bffffffff,2022,42,0.71813331544399261,32.099931149910617
8426c4bffffffff,2022,53,1.2200265601277351,41.412322282406606
8428f07ffffffff,2022,42,1.253293365240097,36.554387415881948
8428f07ffffffff,2022,53,0.25066694617271423,43.749989596940289
8427addffffffff,2022,42,10.664139479398727,30.102938362052306
8427addffffffff,2022,51,0.59181829169392586,28.800483338644238
8427addffffffff,2022,52,0.17763599380850792,21.337492509772552
8427addffffffff,2022,53,27.771961521357298,30.527823869549103
842aa23ffffffff,2022,42,3.4535619559533455,40.055673758285678
842af23ffffffff,2022,42,0.36274777352809906,47.399994848746843
8428f39ffffffff,2022,42,1.0611456893384457,32.708784131186754
8428f39ffffffff,2022,53,0.68589181825518608,27.908933554198594
842a933ffffffff,2022,42,1.818853385746479,29.115368997586614
8448983ffffffff,2022,53,1.3817669078707695,30.000184931743028
8427831ffffffff,2022,42,0.80159412696957588,18.461736301470211
8427831ffffffff,2022,51,38.3231697678566,28.744198846324963
8427831ffffffff,2022,52,1661.4706096351879,70.170707915113866
8427831ffffffff,2022,53,4204.3638788306243,70.609845654033663
8426363ffffffff,2022,42,251.96185485346643,70.2997629320914
8426363ffffffff,2022,53,164.38905135241211,75.755405986436728
84288b9ffffffff,2022,42,3395.9532615850667,70.737295201660558
84288b9ffffffff,2022,53,3308.2693489928747,73.845087787442921
842756dffffffff,2022,53,0.61743603646755219,25.201597052290829
842ad07ffffffff,2022,42,0.074214868247509,28
842ad07ffffffff,2022,53,0.2969481348991394,30.990207775529445
8428d0dffffffff,2022,42,0.060335401445627213,18
842631bffffffff,2022,42,9.5163576865897461,41.909983967097389
842758dffffffff,2022,42,60.776096215347451,40.335722056371516
842758dffffffff,2022,53,16.870218384002939,31.587098094436708
8448835ffffffff,2022,42,0.078254953026771545,29
8448835ffffffff,2022,53,6.8968734815716743,47.608294513542532
8426cb5ffffffff,2022,42,0.37983330339193344,49.788535813289521
8426cb5ffffffff,2022,53,0.0760342925786972,41
8448e97ffffffff,2022,42,0.15032771974802017,34.499710878592552
84269bbffffffff,2022,42,502.72208791582608,85.131961878099091
842ad67ffffffff,2022,53,0.73564698547124863,33.401465290568723
842785dffffffff,2022,51,451.61555233970284,68.778522828763471
842785dffffffff,2022,52,12090.027369216039,79.827367442288022
842785dffffffff,2022,53,8634.8697459956584,77.181933352460192
8444c27ffffffff,2022,53,1.7243504375219345,31.003505494364855
842a333ffffffff,2022,42,0.26933109760284424,30.250003347256445
8428819ffffffff,2022,42,0.12825407087802887,44
8428819ffffffff,2022,53,3.2762977853417397,31.821648612002377
84271e3ffffffff,2022,42,2037.247894596776,62.9275255092123
84271e3ffffffff,2022,53,735.02108707896923,56.828893727039585
84278dbffffffff,2022,42,2.057309627532959,24.118241064313843
84278dbffffffff,2022,51,0.062573894858360291,27
84278dbffffffff,2022,52,0.12481748312711716,29
84278dbffffffff,2022,53,282.93798222477528,61.010166047174557
8428f29ffffffff,2022,42,2.2657582312822342,47.944596029918912
84268a1ffffffff,2022,42,0.21318688243627548,17.668244059552535
84268a1ffffffff,2022,53,203.9917719469351,48.2384850001576
8429ae7ffffffff,2022,42,0.21788439154624939,28.332955454578158
8428ac9ffffffff,2022,53,0.59771187603473663,33.88857646877419
8448957ffffffff,2022,42,2.612414263188839,42.060821745669891
8448957ffffffff,2022,51,20.277749419212341,36.528333899934246
8444c4bffffffff,2022,42,109.29178521037102,64.872392828209669
8444c4bffffffff,2022,53,6.8530329391360283,40.787773907366109
8426c11ffffffff,2022,53,0.21994606405496597,35.659778993431075
8428147ffffffff,2022,53,0.13745330274105072,28
8444e2bffffffff,2022,42,8.513653981860946,41.171481567982624
8444e2bffffffff,2022,53,10.014190331101418,43.2950826453895
8428b11ffffffff,2022,42,743.06438505301878,56.615872613094709
8428b11ffffffff,2022,53,159.78500385480183,45.778407427265613
8444c47ffffffff,2022,42,2.2264429925995715,26.81829001236439
8444c47ffffffff,2022,53,11.694270886480808,45.382830078181968
842a939ffffffff,2022,42,2.6339996755123138,46.101758939167532
8427927ffffffff,2022,51,2.4707195051014423,36.754087041439128
8427927ffffffff,2022,52,1.2979182489216328,25.952982075629837
8427927ffffffff,2022,53,1.2959051616489887,30.86081003977576
8427ab7ffffffff,2022,42,13.829792357981205,39.833203341735882
8427ab7ffffffff,2022,51,71.339115645736456,56.239239685333331
8427ab7ffffffff,2022,52,14.394024312496185,34.942032677847607
8427ab7ffffffff,2022,53,149.28651176067251,45.729503877567986
8428a37ffffffff,2022,42,0.19690516591072083,48.9964201826506
8428a37ffffffff,2022,52,0.065502077341079712,29
8428a37ffffffff,2022,53,0.32818003743886948,43.408531488189169
84269ddffffffff,2022,42,7.42360533028841,33.810795819100008
84269ddffffffff,2022,53,0.28083447366952896,35.256359880418
8427731ffffffff,2022,53,1.1699545904994011,46.83716459710692
842b887ffffffff,2022,42,13.8367018335298,37.4043321479098
8426121ffffffff,2022,42,9.881449431180954,33.092976990013248
8426121ffffffff,2022,51,1.2511158064007759,20.369652661369923
8426121ffffffff,2022,53,44.0601816996932,33.573741352919676
842682bffffffff,2022,42,0.54995523393154144,31.121958198515394
84489b1ffffffff,2022,53,0.8813424735677009,52.419928401922775
842640dffffffff,2022,42,0.14037194848060608,32
8426dbdffffffff,2022,53,2.5750816613435745,31.883034454934691
84446cbffffffff,2022,42,3.8269193544983864,42.287765502785462
842b8b9ffffffff,2022,42,62.731316034788009,57.93513667852978
8428123ffffffff,2022,53,3.0136768966913223,34.954782745490945
8427701ffffffff,2022,53,0.060144063085317612,21
84289c9ffffffff,2022,42,0.251568928360939,20.999996386792127
84289c9ffffffff,2022,51,0.12615978717803955,22
8426b67ffffffff,2022,42,0.46059706062078476,39.136793468021686
842630bffffffff,2022,42,2.2525436207652092,26.306087556859438
842630bffffffff,2022,52,0.12533752620220184,19
842630bffffffff,2022,53,0.940676748752594,27.266277754752156
8426a33ffffffff,2022,42,2.8830719515681267,40.16528353996403
8444c29ffffffff,2022,42,0.528265006840229,25.571042705684025
8444c29ffffffff,2022,53,3.1677972376346588,37.47680896458553
8448eb1ffffffff,2022,42,0.1495540589094162,34
8426c21ffffffff,2022,42,0.0729815885424614,65
8426c21ffffffff,2022,53,19.833650521934032,45.193296918560655
8448c91ffffffff,2022,42,0.36426783353090286,34.200885860832095
8426acdffffffff,2022,42,3359.5176864303212,64.357913019506555
8426acdffffffff,2022,51,169.53837516158819,64.932214565091215
8426acdffffffff,2022,53,86.766309868237556,34.985309437308111
8444e35ffffffff,2022,42,1.4530889913439751,26.423967720544432
8444e35ffffffff,2022,53,9.932702325284481,40.513124275998059
8428329ffffffff,2022,42,221.7151984539102,64.515310871079123
8428329ffffffff,2022,51,2.8638759931220727,23.986818982431327
8428329ffffffff,2022,53,1.2829703723683077,54.7671808158779
842b8c1ffffffff,2022,42,0.19272840023040771,34.335513412006883
84279c5ffffffff,2022,51,5.3444656543433666,29.496547660436267
84279c5ffffffff,2022,52,2.8637106875286382,26.697819654791719
84279c5ffffffff,2022,53,4.9058240354061127,37.005371199416828
8448c01ffffffff,2022,42,1.512814886868,79.150844010534584
8444c1dffffffff,2022,53,0.074855104088783264,16
8428927ffffffff,2022,51,19.106120884418488,45.222175175981789
8428927ffffffff,2022,52,4.3252780064940453,26.941963544018517
8428927ffffffff,2022,53,24.826714806258678,33.634407670710374
8426293ffffffff,2022,53,1.9327665641903877,25.856375932886902
84268d3ffffffff,2022,42,9.5198199301958084,30.03152562049323
84268d3ffffffff,2022,53,0.070676214993000031,17
8428a35ffffffff,2022,42,0.26353492587804794,47.75210923144823
8428a35ffffffff,2022,51,0.32938443869352341,25.401069292519473
8428a35ffffffff,2022,52,0.32935180515050888,32.59999896843901
8428a35ffffffff,2022,53,0.460989311337471,36.005567183507594
8427a81ffffffff,2022,42,10.870318427681923,30.819304091646742
8427a81ffffffff,2022,51,111.49002841487527,58.27453490767644
8427a81ffffffff,2022,52,4.9186475351452827,26.757004578172875
8427a81ffffffff,2022,53,2115.6301587772136,72.864998715191064
8428b15ffffffff,2022,42,351.87642699196641,71.473211297765729
8428b15ffffffff,2022,53,10.487195774912834,45.499699377136125
842b8b1ffffffff,2022,42,145.16664124215936,68.85706213739526
842a12bffffffff,2022,42,1.3641381859779358,38.9933438372965
8428813ffffffff,2022,42,1.3917597904801369,23.499485251077875
8428813ffffffff,2022,51,61.004083550706824,71.054178408118915
8428813ffffffff,2022,52,0.63333438336849213,24.907963244197951
8428813ffffffff,2022,53,86.0479497089982,48.412673252382334
8426eedffffffff,2022,53,0.35888577997684479,36.199455066734643
8428303ffffffff,2022,53,5.9210548996925354,36.774792457262706
8429aa9ffffffff,2022,42,0.14495764672756195,27.999573805068554
8426055ffffffff,2022,42,6.6289558634161949,32.815540454570154
8426055ffffffff,2022,53,0.32494188100099564,19.591872012542325
8426043ffffffff,2022,42,0.12904223799705505,21
8426c0bffffffff,2022,42,17.670785129070282,50.812176722203148
8426c0bffffffff,2022,53,7.3540810868144035,39.542286618456487
842a137ffffffff,2022,42,102.60718313917225,40.253066469606594
842a137ffffffff,2022,53,0.41509106755256653,21.666564517385481
84276bbffffffff,2022,42,15953.153176275304,88.499369868493332
84276bbffffffff,2022,53,0.38976476341485977,27.829768509719155
84278e3ffffffff,2022,42,0.37530960515141487,35.167579944912177
84278e3ffffffff,2022,51,1.0649829804897308,34.355347303486155
84278e3ffffffff,2022,52,7.6928205080330372,36.946001442681265
84278e3ffffffff,2022,53,171.9538622610271,64.55026231919642
842aa87ffffffff,2022,42,5.549350194633007,45.201544812417559
8426b29ffffffff,2022,42,0.066242702305316925,22
8426289ffffffff,2022,42,15.379732377827168,55.879911032047545
8426289ffffffff,2022,53,460.11510769345011,53.466813443924153
8444583ffffffff,2022,53,0.74716069549322128,37
842604dffffffff,2022,42,0.44659767299890518,31.573221312675354
84262ddffffffff,2022,42,6.4749165698885918,44.870139198004864
84262ddffffffff,2022,53,887.51105485678306,57.602723629696889
84261c5ffffffff,2022,42,0.13379042595624924,30.495633329912206
842626bffffffff,2022,42,225.80863756569579,62.250171552836726
842626bffffffff,2022,53,0.61767484620213509,23.500930537249086
84446c7ffffffff,2022,42,1.5546202883124352,20.24876777195605
842781bffffffff,2022,42,69.6390928439796,53.632383526768194
842781bffffffff,2022,51,1.1576623655855656,36.051050441642424
842781bffffffff,2022,52,594.18335688698528,66.575190107365
842781bffffffff,2022,53,1542.7967435955416,75.621046927373484
84268d9ffffffff,2022,42,0.069777682423591614,20
84268d9ffffffff,2022,53,0.48918391764163971,26.141060637504939
8426e25ffffffff,2022,53,0.070855483412742615,25
8427819ffffffff,2022,42,0.24248545989394188,22.257052531816846
8427819ffffffff,2022,51,40.504203269309272,33.543067369806138
8427819ffffffff,2022,52,2136.5058589177679,71.5138830084981
8427819ffffffff,2022,53,4559.3265678975076,79.991174890105171
8427949ffffffff,2022,51,2134.4223867788037,66.214800083579561
8427949ffffffff,2022,52,5039.819913008896,59.718836760715575
8427949ffffffff,2022,53,3105.447892084002,64.95050846085168
8428941ffffffff,2022,53,7.5779892131686211,36.864930257457004
84264a1ffffffff,2022,53,0.43886543810367584,50.321839057433614
8444e81ffffffff,2022,53,0.075053185224533081,19
8427965ffffffff,2022,51,848.18284391024531,66.0224636632955
8427965ffffffff,2022,52,85.918355593625819,28.714649400716258
8427965ffffffff,2022,53,341.68956741966747,69.536043913495263
844882bffffffff,2022,42,4.10084930062294,45.208117132285658
844882bffffffff,2022,53,0.86688120663166046,46.364677247757569
8426755ffffffff,2022,42,0.27120717614889145,33.749195423145927
8428911ffffffff,2022,51,0.063169829547405243,19
8428911ffffffff,2022,53,0.12628310918807983,32
84261c1ffffffff,2022,42,38.954082943499088,39.386200109561628
84261c1ffffffff,2022,51,0.066761612892150879,14
84261c1ffffffff,2022,53,0.13384108245372772,31
8426abbffffffff,2022,42,264.28211807439141,61.129872640737474
8426abbffffffff,2022,53,0.69014060497283936,24.394581145899888
84264c7ffffffff,2022,53,0.8671368882060051,40.914202571371156
842621dffffffff,2022,42,169.04107299686646,59.580022234311215
842621dffffffff,2022,53,234.86618992271377,51.789950074031054
8427529ffffffff,2022,42,159.24801778048277,55.873358472229555
8429a83ffffffff,2022,42,26.327107429504395,29.006764415564614
8429a83ffffffff,2022,51,403.51258528232574,77.760130400699964
8429a83ffffffff,2022,53,0.14448006451129913,25
84271a1ffffffff,2022,42,7078.0811294060713,73.118487405735067
84271a1ffffffff,2022,52,0.42195849493145943,35.148206121446471
84271a1ffffffff,2022,53,230.93554723869062,57.895741642968645
84262dbffffffff,2022,42,55.191349245607853,65.090977166521128
84262dbffffffff,2022,53,20.450286112725735,33.759695300422294
844899bffffffff,2022,53,0.459074929356575,31.834997143761083
84441b7ffffffff,2022,53,21.1709912866354,35.117759507328877
8426233ffffffff,2022,42,244.54816695983496,80.32440750723822
8426233ffffffff,2022,53,222.10437396913767,71.794723610602759
842690dffffffff,2022,53,0.068360887467861176,23
84279b9ffffffff,2022,42,10.894070163369179,43.795982954587508
84274ebffffffff,2022,42,67.037565149366856,47.852054925507865
84274ebffffffff,2022,53,8.3012256127946529,23.006805696548536
8427863ffffffff,2022,51,7.262872900813818,30.903862024129236
8427863ffffffff,2022,52,46.178038235753775,32.142408837756058
8427863ffffffff,2022,53,44.858113318681717,34.995096025888948
8428f67ffffffff,2022,42,0.69391302764415741,33.72312885654793
8428f67ffffffff,2022,52,0.37824971973896027,27.997290901885915
8426b25ffffffff,2022,42,0.59774697571992874,39.667182532395294
8426b25ffffffff,2022,53,0.86689352989196777,19.384936324520112
8444457ffffffff,2022,53,0.077047601342201233,28
84441abffffffff,2022,53,0.079033300280570984,20
8427583ffffffff,2022,42,201.45299817797016,52.612579800191426
8427583ffffffff,2022,53,867.68755132704973,73.530703182609486
84488edffffffff,2022,53,2.3455305770039558,33.733434604425625
8426067ffffffff,2022,42,0.065165959298610687,28
8426067ffffffff,2022,51,0.51921972632408142,19.875056228795998
8426067ffffffff,2022,52,0.77896635234355927,27.081650795543087
8426067ffffffff,2022,53,275.15401905938688,66.622196707578439
8426ee9ffffffff,2022,53,0.14350150525569916,25.999989408344959
84275ddffffffff,2022,42,218.46622917056084,52.443931839558466
84275ddffffffff,2022,53,361.83077842391589,55.817091891914714
8427539ffffffff,2022,42,212.07465694903158,59.113054843267015
8427539ffffffff,2022,53,0.12726521492004395,42
84261b7ffffffff,2022,53,0.41519038379192352,28.336525576702112
8444c35ffffffff,2022,53,0.22382935881614685,25.335124699968723
8426895ffffffff,2022,42,2.9895469412791962,27.65812028475354
8444cd1ffffffff,2022,42,1.0266221165657043,38.288975080848594
84270b9ffffffff,2022,42,0.06090782955288887,35
8448ce9ffffffff,2022,42,1.264289952814579,34.940623457022028
844882dffffffff,2022,42,1.1874914094805717,72.335397536587465
844882dffffffff,2022,53,1.2676096111536026,27.562280274633984
842aa53ffffffff,2022,42,5.5417076349258423,32.374726076555717
8426347ffffffff,2022,42,1197.5169548738238,71.301733426062057
8426347ffffffff,2022,52,0.74213032424449921,24.085548827539771
8426347ffffffff,2022,53,36.304965279996395,44.901227562465543
84261a7ffffffff,2022,42,0.20610153675079346,27.333367760229741
84261a7ffffffff,2022,53,0.68688849730818879,29.103542568433205
84279b5ffffffff,2022,42,1187.4751071785595,83.017783334610442
842629bffffffff,2022,53,1.9207270070910454,43.276602672237075
842aa1bffffffff,2022,42,16.836579509517726,40.79214968799176
8444e31ffffffff,2022,42,0.68766970187425613,21.218671325371719
8444e31ffffffff,2022,53,3.28642575442791,33.56031482020181
84489c3ffffffff,2022,42,0.46605871617794037,40.999276841195794
84489c3ffffffff,2022,53,3.9638967737555504,26.50994996348096
84261e3ffffffff,2022,42,0.20287736505270004,20.665049488722605
84261e3ffffffff,2022,51,0.134917214512825,18
84261e3ffffffff,2022,53,0.26985164731740952,37.2578234967265
8428135ffffffff,2022,53,0.20005705207586288,33.33012565582257
8426f25ffffffff,2022,42,1.6971262916922569,33.366357591553609
84271b1ffffffff,2022,42,3937.2298764638012,68.326796979756381
84271b1ffffffff,2022,53,641.64132976159453,73.403809398922178
842aa29ffffffff,2022,42,0.67002683877944946,32.403186630235155
842a123ffffffff,2022,42,5.1320282891392708,32.76200493623795
8444f1bffffffff,2022,42,2.3813006356358528,25.257986886199454
8444f1bffffffff,2022,53,5.2279870808124542,40.075769023381582
842885dffffffff,2022,42,794.45461472673162,54.383759167232284
842885dffffffff,2022,51,4.3003511726856232,27.351129082438348
842885dffffffff,2022,52,0.84715516120195389,26.698446599248651
842885dffffffff,2022,53,452.15070623007472,51.606402749711947
8428a97ffffffff,2022,42,5.40195981413126,26.273802384634678
8428a97ffffffff,2022,52,0.064136989414691925,37
8428a97ffffffff,2022,53,7.122776210308075,37.613918077900273
84265b3ffffffff,2022,53,0.2226504310965538,25
844469bffffffff,2022,42,1.0705754607915878,41.566022412132945
8428341ffffffff,2022,42,1.0045490488409996,29.717083137989192
8428341ffffffff,2022,53,0.57406783849000931,43.37830594882827
8444125ffffffff,2022,42,13.260457509756089,53.332725613813494
8426319ffffffff,2022,42,7.30632664628473,28.559692864939002
8426319ffffffff,2022,53,0.75716231018304825,26.086211670884232
84266e7ffffffff,2022,42,0.843489333987236,37.1687881171356
8444f43ffffffff,2022,53,42.383355934830277,51.665551707620288
8426c69ffffffff,2022,53,14.582715339958668,28.673980302680658
8426241ffffffff,2022,42,5238.8460772875333,83.777192224697458
8426241ffffffff,2022,53,37.837830635043332,37.902892707348528
842633bffffffff,2022,51,0.76728186756372452,24.499942529254074
842633bffffffff,2022,52,0.44705662876367569,29.290387976919458
842633bffffffff,2022,53,18.033527135849,37.214170669389546
842aa9dffffffff,2022,42,78.705115146934986,66.090300504859883
842aa9dffffffff,2022,53,14.395112402737141,79.563464623168329
84289d7ffffffff,2022,42,0.1234840452671051,32
84289d7ffffffff,2022,51,1.2325485423207283,38.845270544106413
84289d7ffffffff,2022,53,0.36931734159588814,24.492531607674561
8427851ffffffff,2022,51,146.01399729773402,66.216306406432565
8427851ffffffff,2022,52,9962.233201671248,78.6769249186782
8427851ffffffff,2022,53,6408.0365348510441,77.030237800750541
8427725ffffffff,2022,42,0.12118560820817947,24
842a86bffffffff,2022,42,0.068601459264755249,41
84262b7ffffffff,2022,53,16.55806190520525,56.246074705558421
84275bbffffffff,2022,42,1.7360087335109711,32.610346410427042
84275bbffffffff,2022,53,0.26695907115936279,26.255656053031707
8412d81ffffffff,2022,42,0.059242401272058487,29
8412d81ffffffff,2022,53,1.2444165647029877,20.239538015907819
84489e5ffffffff,2022,42,0.69937101751565933,39.995919333054
8426b69ffffffff,2022,42,0.13032962381839752,21
842666dffffffff,2022,42,6.26215523481369,40.07877250046927
842666dffffffff,2022,53,0.40149099379777908,22.16666964511003
842795bffffffff,2022,51,2.4671797379851341,28.704887781064944
842795bffffffff,2022,52,183.41700962933839,34.732200961092879
842795bffffffff,2022,53,86.947461626649485,33.139484119915849
8428adbffffffff,2022,42,0.19763517379760742,27.333387016220676
8444553ffffffff,2022,42,0.46202582120895386,42.498809602442464
8444553ffffffff,2022,53,0.076969720423221588,47
8428337ffffffff,2022,42,20.846852363762903,28.542404061960887
8428337ffffffff,2022,53,88.873855158686638,36.383197451639951
8428ab7ffffffff,2022,53,0.88889659941196442,39.504375298738914
8427895ffffffff,2022,42,0.25510075688362122,31.48961302774692
84444e1ffffffff,2022,53,59.040695508613304,78.836931774934712
84446c1ffffffff,2022,42,1.0138546898961067,33.167074703209259
8444427ffffffff,2022,42,0.15303811430931091,36
8444427ffffffff,2022,53,0.38321474939584732,35.401348009349341
8444f3bffffffff,2022,42,0.84319746494293213,27.908973786530751
8444f3bffffffff,2022,53,0.076724216341972351,56
8426ccdffffffff,2022,53,0.14739491045475006,33
8444dadffffffff,2022,53,3.2455240413546562,37.070733006334656
84262d5ffffffff,2022,42,1.4953588396310806,32.111042057398194
84262d5ffffffff,2022,53,231.7816949979055,48.571893908571219
84271adffffffff,2022,42,3909.719650384126,68.838427541023393
84271adffffffff,2022,52,0.29938805848360062,35.203718221937855
84271adffffffff,2022,53,188.37012594377293,58.871206974526338
84275b5ffffffff,2022,42,26.970023741879888,60.960702039686758
84275b5ffffffff,2022,53,0.33411479741334915,36.400003621432809
8426d1bffffffff,2022,53,2.0590357333421707,52.27858993446273
8427425ffffffff,2022,42,1451.2199408859015,68.710874419586474
8427425ffffffff,2022,53,923.26855930662623,64.261022779262078
84268a7ffffffff,2022,53,4.0665190368890762,39.702793575933363
8426047ffffffff,2022,42,0.19414509832859039,23.668054074121773
84289ebffffffff,2022,51,0.12405252456665039,27
84289ebffffffff,2022,52,0.061901606619358063,29
84289ebffffffff,2022,53,3.6580319739878178,38.759946093178264
8428b0dffffffff,2022,42,0.46722065657377243,20.856922964928884
8428b0dffffffff,2022,53,18.07536356896162,56.537522408108181
8426b43ffffffff,2022,42,0.58749333024024963,46.223159926657551
8426169ffffffff,2022,53,0.70800885558128357,27.822443909300208
84270b5ffffffff,2022,42,0.97709682211279869,39.49916927967471
84270b5ffffffff,2022,53,0.060979895293712616,32
842aa95ffffffff,2022,42,1.6942413002252579,31.374845386191136
842832dffffffff,2022,42,0.070086672902107239,35
842610bffffffff,2022,53,1.8281779273175727,24.788345181968673
8428957ffffffff,2022,42,0.44767193496227264,32.005072321097053
8428957ffffffff,2022,51,0.19138772785663605,38
8428957ffffffff,2022,52,0.063666567206382751,23
8428957ffffffff,2022,53,0.44743721187114716,35.723206808218592
844895dffffffff,2022,51,0.079651921987533569,23
8426221ffffffff,2022,42,97.823515124619007,61.956601906647407
8426221ffffffff,2022,53,0.25170070677995682,31.000011988385651
84264a9ffffffff,2022,53,1.750045120716095,53.250627544094804
842b8c5ffffffff,2022,42,4.7953717038035393,52.525142418772383
8448ca9ffffffff,2022,42,0.14672068506479263,39.500295112097653
8448c93ffffffff,2022,42,0.43650203198194504,36.499726292717085
8428897ffffffff,2022,42,3904.9670866312495,61.987600768293291
8428897ffffffff,2022,53,1429.3018096404917,51.471563813142126
8428159ffffffff,2022,42,0.069041088223457336,31
8428159ffffffff,2022,53,5.1710371226072311,61.119306970612591
84269e9ffffffff,2022,42,0.070151165127754211,81
842aa2dffffffff,2022,42,52.066984143239608,60.144621092738859
842aa2dffffffff,2022,53,0.13359357416629791,30
8426f15ffffffff,2022,53,0.14178760349750519,27
8444f0bffffffff,2022,53,6.0414795055985451,39.512780158119156
8427509ffffffff,2022,42,0.31303827837109566,32.203705584632871
8426c95ffffffff,2022,42,0.22646354138851166,19.999699296821738
8427687ffffffff,2022,42,781.63973093032837,70.197339093006633
8427687ffffffff,2022,53,0.19198883324861526,20.995341175913588
842611bffffffff,2022,42,227.89740734547377,66.357225034173055
842611bffffffff,2022,53,0.19853252917528152,17.33333618548118
84276a9ffffffff,2022,42,258.178829722574,63.119504357223576
842a8bdffffffff,2022,53,1.0839181244373322,32.265858720767355
84271b7ffffffff,2022,42,1127.8703116533802,61.0808050898277
84271b7ffffffff,2022,53,2.0893522202968597,29.319145137191455
842af39ffffffff,2022,42,0.14564913511276245,28
842aa59ffffffff,2022,42,3.9391247108578682,35.473495748591013
8444f41ffffffff,2022,53,0.23486147820949554,33
842740dffffffff,2022,42,0.062957882881164551,55
842740dffffffff,2022,53,2.3255060017108917,48.402564105488644
8448833ffffffff,2022,53,0.78051561117172241,41.204614853638589
8412d9dffffffff,2022,42,0.77249226346611977,18.846209313750144
8412d9dffffffff,2022,51,47.412449054419994,38.380683894877812
8412d9dffffffff,2022,52,7.0706415623426437,28.85724606368592
8412d9dffffffff,2022,53,95.158788923174143,57.1337802698967
842623dffffffff,2022,42,2389.1228770565458,80.646222724769473
842623dffffffff,2022,53,3.7409861013293266,30.647173579087497
8448989ffffffff,2022,53,0.774682529270649,51.2990341658132
8444e83ffffffff,2022,53,1.0477892532944679,30.995854524976068
8427919ffffffff,2022,42,0.061137925833463669,22
8427919ffffffff,2022,51,36.678006395697594,29.487441653902692
8427919ffffffff,2022,52,22.77435702458024,28.114998234874911
8427919ffffffff,2022,53,88.768334843320588,65.216266002448975
8448db9ffffffff,2022,42,0.07234424352645874,67
8426c57ffffffff,2022,53,2.324807234108448,43.056536847401816
842a337ffffffff,2022,42,0.0673987939953804,28
8427595ffffffff,2022,42,15.50681908428669,34.226476829327773
8427595ffffffff,2022,53,30.412389978766441,45.2689452273877
84262e9ffffffff,2022,42,75.434607969370546,64.5958334367014
84262e9ffffffff,2022,53,843.95097276583022,68.126300199588215
84268ddffffffff,2022,42,0.20939281582832336,32.991360018855524
84268ddffffffff,2022,53,0.069906711578369141,40
8428b1dffffffff,2022,42,6318.1618314514863,77.056267849180145
8428b1dffffffff,2022,53,548.44115398514509,67.161734344954937
8427aa1ffffffff,2022,51,20.426102745211594,37.064067710313573
8427aa1ffffffff,2022,52,1287.1516420701262,59.427483752785932
8427aa1ffffffff,2022,53,1727.1688306469105,70.329760216873908
8448915ffffffff,2022,51,0.078600972890853882,22
8426961ffffffff,2022,51,0.068057633936405182,52
8426961ffffffff,2022,53,0.68243297189474106,33.602207381148865
8427989ffffffff,2022,42,13.309173561632633,29.855406726959817
8427989ffffffff,2022,51,1328.8992984959016,45.771678245666905
8427989ffffffff,2022,52,2129.1088195125267,64.687995713190844
8427989ffffffff,2022,53,315.73346058936676,34.592892136407038
842a131ffffffff,2022,42,5.0319070443511009,30.919042217692898
842aab9ffffffff,2022,42,3.8752983659505844,33.237840334150057
84289dbffffffff,2022,42,0.12417851388454437,25.5
84289dbffffffff,2022,51,6622.2536594472549,80.866394018312818
84289dbffffffff,2022,52,1216.6222854173211,75.367008446073427
84289dbffffffff,2022,53,3675.5942495121963,74.520170318828818
842b115ffffffff,2022,42,18.421243984252214,50.573208688193212
842b115ffffffff,2022,53,13.240699149668217,43.556242180493278
84260a1ffffffff,2022,42,1.56658037006855,32.51980393988557
84260a1ffffffff,2022,53,1.5304929020650246,29.677384403597411
84278d1ffffffff,2022,42,2.6209861747920513,26.598244365036262
84278d1ffffffff,2022,51,4.3087062537670135,31.220597662238866
84278d1ffffffff,2022,52,1.123511865735054,26.225339604620068
84278d1ffffffff,2022,53,492.233414073639,71.5036061848055
8426f2dffffffff,2022,42,1.6919221580028534,25.419269460917942
8426f2dffffffff,2022,53,0.35262627899646759,25.40229283298687
8427533ffffffff,2022,42,4.2517209723591805,34.975146472089683
8427533ffffffff,2022,53,0.96597745269536972,30.659378152470342
8426c65ffffffff,2022,53,0.21680321544408798,22.333364823712014
8444e63ffffffff,2022,53,0.22948451267153608,57.268934518975591
84262c3ffffffff,2022,42,5.4386817961931229,27.059875176856156
84262c3ffffffff,2022,53,934.97606332684859,63.013408948280784
8429b09ffffffff,2022,52,1.6325492337346077,23.09116605983499
8444f11ffffffff,2022,42,0.23064032196998596,26.341650670854975
8444f11ffffffff,2022,53,0.076832301914691925,47
8426209ffffffff,2022,42,2698.3583973470709,77.550919247262911
8426209ffffffff,2022,53,12.817196388294299,36.16261244794314
84489d3ffffffff,2022,53,1.6233668327331543,32.855989905445732
8426711ffffffff,2022,42,4.6110038012266159,35.298723225546318
84488d7ffffffff,2022,53,0.30980832129716873,47.749901741794581
84288e1ffffffff,2022,42,0.37594194710254669,24.167268552501628
84288e1ffffffff,2022,51,1.2513610795140266,28.151387535772191
84288e1ffffffff,2022,52,0.75096840038895607,28.000219801376129
84288e1ffffffff,2022,53,73.015654638409615,62.652810328589958
8444e1bffffffff,2022,53,0.99732223153114319,39.84814718732023
8426215ffffffff,2022,42,1175.8772378076817,81.687938283583975
8426215ffffffff,2022,53,287.33129942417145,53.849713670444281
84279abffffffff,2022,42,479.80917637669575,66.6304248570288
84279abffffffff,2022,51,1.3975054770708084,28.363979812124551
84279abffffffff,2022,52,1.86899990883528,30.373868466421115
84279abffffffff,2022,53,12.392889223992825,33.157179766450618
8426143ffffffff,2022,51,2.3949441239237785,22.864821466437949
8426143ffffffff,2022,53,40.791211879808529,43.350521095233219
84281d5ffffffff,2022,42,0.19922955334186554,53.027695070234863
84281d5ffffffff,2022,53,1.2608231082558632,29.949104774605363
8428d01ffffffff,2022,42,0.119813472032547,18
842ab25ffffffff,2022,42,11.799546005094752,33.610071445231092
8444d1dffffffff,2022,53,17.162353552877903,60.319698182893831
8444cd9ffffffff,2022,42,0.07346498966217041,39
8426b23ffffffff,2022,42,0.40120192617177963,33.007687042055892
84266edffffffff,2022,42,149.76418782452163,76.023332726287578
842745dffffffff,2022,42,0.8123779222369194,45.162806928997149
842644dffffffff,2022,42,0.13818603754043579,28.501461960242015
842605bffffffff,2022,42,12.668960750102997,34.840446539560915
842605bffffffff,2022,53,19.041396230459213,35.897913937970969
8412db7ffffffff,2022,42,4.1935862116515636,35.593887545504764
8412db7ffffffff,2022,51,211.96766478268842,72.38922685834163
8412db7ffffffff,2022,52,650.23005521500522,76.875038504833313
8412db7ffffffff,2022,53,700.07551947772231,66.4734926358433
84278c7ffffffff,2022,52,5.8802906347986532,36.239798184200687
84278c7ffffffff,2022,53,24.85198348560462,37.990254197422523
8448d8dffffffff,2022,42,28.14004398137331,43.518975773706963
84274c7ffffffff,2022,42,2079.12017944312,68.423604996533157
84274c7ffffffff,2022,53,379.20335172116756,61.967467910745683
8426c5bffffffff,2022,53,0.072179540991783142,23
8426211ffffffff,2022,42,24.311871133744717,54.4054154939378
8426211ffffffff,2022,53,138.48861057062945,40.247983935702173
84289edffffffff,2022,51,0.498401191085577,32.37337626147098
84289edffffffff,2022,52,0.12469211220741272,27
84289edffffffff,2022,53,4.1143867373466492,35.379122974525323
8429b0dffffffff,2022,52,1.2609674334526062,21.23527666983227
84262a3ffffffff,2022,42,35.99410042911768,61.487976953868952
84276abffffffff,2022,42,38.841494318083221,33.172521877879809
8426767ffffffff,2022,53,0.4055713564157486,46.666677088908422
84269c3ffffffff,2022,42,2403.5939228369034,64.080547287082013
84269c3ffffffff,2022,53,43.298458963632584,38.409680295034939
8426a51ffffffff,2022,42,0.71604219079017639,29.996681315698336
8426a51ffffffff,2022,51,0.39153380692005157,35.49971789190257
842690bffffffff,2022,42,0.068724237382411957,89
84289d1ffffffff,2022,42,0.062052015215158463,21
84289d1ffffffff,2022,51,70.809695289751474,47.523722232339836
84289d1ffffffff,2022,52,4.858979229409905,34.905468243267038
84289d1ffffffff,2022,53,103.10968940332532,53.0837868323463
84276edffffffff,2022,42,0.5617251954972744,46.991684692042895
8426261ffffffff,2022,42,92.240684509277344,57.108281507143282
8426261ffffffff,2022,53,6.5173857800662516,32.952695750862986
8426c01ffffffff,2022,42,382.52885850518942,69.274184327919045
8426c01ffffffff,2022,53,34.063625930687962,61.4928844294567
8426c09ffffffff,2022,42,70.983710862696171,53.439565141363936
8426c09ffffffff,2022,53,4.19720533490181,41.600633629784838
8426ce1ffffffff,2022,53,1.9358730092644691,46.691317595645991
8427551ffffffff,2022,42,1.002368126064539,34.561716909481319
8427551ffffffff,2022,53,0.75193917751312256,27.8314113508155
8427087ffffffff,2022,42,0.30137648060917854,31.017506324742385
8426aa3ffffffff,2022,42,77.0536744967103,79.798842468309928
8426aa3ffffffff,2022,53,121.28010948747396,93.214464190542245
8426ad9ffffffff,2022,42,28.820076510310173,30.471802095401205
8426ad9ffffffff,2022,53,8.1466734334826469,30.334825511450983
8428b35ffffffff,2022,53,0.32713010162115097,47.202488146501878
8427431ffffffff,2022,42,448.94847480207682,58.421934461156383
8427431ffffffff,2022,53,27.354181321520432,48.22768158585675
8428f63ffffffff,2022,42,1.8292044028639793,42.863589325507348
84270e7ffffffff,2022,42,4.7448769882321358,32.936056127292659
84270e7ffffffff,2022,53,0.592523604631424,26.098273839034537
84275d5ffffffff,2022,42,76.480034588774046,37.695958589618982
84275d5ffffffff,2022,53,584.89047411098772,57.891894211214478
8428335ffffffff,2022,42,19.24636472761631,33.082453719073186
8428335ffffffff,2022,51,0.069427147507667542,17
8428335ffffffff,2022,53,155.53595960403192,69.122574608405117
8426a03ffffffff,2022,42,0.66068550199270248,34.501233951255671
842892dffffffff,2022,51,0.12713047862052917,43
842892dffffffff,2022,53,0.063605435192584991,27
842aab5ffffffff,2022,42,0.21182186901569366,23.667572743820404
8428a11ffffffff,2022,42,0.066644474864006042,19
8428a11ffffffff,2022,51,0.066800415515899658,30
8428a11ffffffff,2022,53,1.3343718945980072,28.001790097759887
84289c3ffffffff,2022,42,0.1241733692586422,27.500171859116026
8426c35ffffffff,2022,53,56.113749727606773,57.454515125607657
8426c8bffffffff,2022,42,0.30007240176200867,26.246262796636607
842891dffffffff,2022,51,2.5371686294674873,29.874630967126009
842891dffffffff,2022,52,0.25350925326347351,33.507633700858385
842891dffffffff,2022,53,0.12689662724733353,28.99844983879251
8426aebffffffff,2022,42,1104.9525066599833,65.903473323308845
8426aebffffffff,2022,51,60.321581805102966,57.062202739713165
8426aebffffffff,2022,53,427.06765536218882,66.003328439676025
842a33dffffffff,2022,42,0.13295704126358032,36
8448869ffffffff,2022,42,0.23976804316043854,22.333102556212925
842755dffffffff,2022,42,0.06236625462770462,27
842755dffffffff,2022,53,1.7971288338303566,53.931158380363875
8426c63ffffffff,2022,42,64.850182548165321,68.978307454157417
8426c63ffffffff,2022,53,5.7953484281897545,43.049536745802037
8448805ffffffff,2022,42,1.4245052859187126,44.108565357037634
8448805ffffffff,2022,53,0.15834304690361023,52.993096323415791
8428987ffffffff,2022,51,0.12167322635650635,24
8428987ffffffff,2022,52,1.5214531309902668,33.959807340610112
8428987ffffffff,2022,53,6.5755736492574215,34.315315461807906
84281bdffffffff,2022,42,5.8667805269360542,41.780105338996869
84281bdffffffff,2022,53,0.065070092678070068,32
84279ddffffffff,2022,51,1.1218310818076134,26.832375039084081
84279ddffffffff,2022,52,124.76277762651443,62.31882938779674
84279ddffffffff,2022,53,187.9133039308237,71.875949487496271
8428823ffffffff,2022,53,0.12665469944477081,76.499943703584137
842632bffffffff,2022,51,1.1992249265313148,21.526860844319248
842632bffffffff,2022,52,0.37910453975200653,23.99310136775771
842632bffffffff,2022,53,8.90145068615675,32.28171003773835
8426dd9ffffffff,2022,53,31.3687931522727,61.759738436386279
842695dffffffff,2022,42,2.3733255416154861,40.285788748562112
84275abffffffff,2022,42,2.7060072720050812,31.677164575349931
84275abffffffff,2022,53,2.9051123261451721,30.904936821827185
842ad4bffffffff,2022,42,0.073328062891960144,27
8428b57ffffffff,2022,42,54.111851178109646,85.198465319977757
8428b57ffffffff,2022,53,1.2634212747216225,31.947546012383903
842a92bffffffff,2022,42,0.4134034663438797,54.160077986415111
842ad6bffffffff,2022,42,1.3940582349896431,27.31396532842388
842ad6bffffffff,2022,53,0.43991466611623764,31.995509663270557
8427a97ffffffff,2022,42,4657.2683993662995,85.5272071256296
8427a97ffffffff,2022,51,1.4710001014173031,23.294891123308233
8427a97ffffffff,2022,52,10.396158989518881,27.408017069555171
8427a97ffffffff,2022,53,545.2844647988677,78.840012876127929
8426111ffffffff,2022,42,196.34346386045218,68.770615810708946
8426111ffffffff,2022,53,0.19866911321878433,24.334325398425204
842aad1ffffffff,2022,42,93.852177945860461,76.083828439333388
842a909ffffffff,2022,42,1.9173378795385361,34.570004692688876
8429abdffffffff,2022,42,3.090128481388092,39.534940321064333
8429abdffffffff,2022,51,0.21584659069776535,40.666656794534596
8428d07ffffffff,2022,42,0.059673942625522614,19
8426645ffffffff,2022,42,1.1439249068498611,15.882351654250149
842783dffffffff,2022,51,1.1013213396072388,25.998685143117111
842783dffffffff,2022,52,327.49899581074715,36.821387533664058
842783dffffffff,2022,53,1106.3128315172648,64.664356008065752
84275b1ffffffff,2022,42,10.054495389233619,65.419742452116836
8426f63ffffffff,2022,42,1.1923230141401291,27.58854511372261
8426f63ffffffff,2022,53,16.485440269112587,42.771002459688916
8427911ffffffff,2022,42,0.49074636399745941,32.8749599077606
8427911ffffffff,2022,51,0.67555125430226326,32.001140740169447
8427911ffffffff,2022,52,115.20824672478963,77.314349333782673
8427911ffffffff,2022,53,7.3660192564129829,29.641271439711566
8448eb3ffffffff,2022,42,0.074794910848140717,46
8427ae5ffffffff,2022,42,49.10834001749754,80.561700825177937
8427ae5ffffffff,2022,51,1325.3615559048951,75.6448657323547
8427ae5ffffffff,2022,52,18466.940083122852,83.308811003017553
8427ae5ffffffff,2022,53,13850.626570389302,83.095824634391633
8444c83ffffffff,2022,42,0.72678463906049728,43.9017826444406
8448e8dffffffff,2022,42,0.15235606580972672,42.5019691782706
8427531ffffffff,2022,42,115.76857375353575,53.168480343025905
84269d9ffffffff,2022,53,0.07028556615114212,34
8426c55ffffffff,2022,53,31.921641416847706,60.510089090929647
8427427ffffffff,2022,42,47.460423217626186,39.213668930759944
8427427ffffffff,2022,53,7.8402953820777874,29.887821961971309
8426269ffffffff,2022,42,423.61407347711571,55.672981759159384
8426269ffffffff,2022,53,0.76951079890131946,23.158618359556396
8428ae7ffffffff,2022,42,0.13031293451786041,25.500086104840019
8428ae7ffffffff,2022,51,0.78132076561450958,23.919372499465943
8428ae7ffffffff,2022,53,1.2382437065243721,32.796824615907155
8426063ffffffff,2022,42,0.06488335132598877,31
8426063ffffffff,2022,53,0.19467576593160629,23.330548247672819
8444ee9ffffffff,2022,53,2.9655102267861366,31.51336894483347
8427ab5ffffffff,2022,42,1.1641984581947327,34.270334800173394
8427ab5ffffffff,2022,51,7.0426922477781773,35.016432162142763
8427ab5ffffffff,2022,52,2.387143436819315,26.002006048943002
8427ab5ffffffff,2022,53,1062.5766384312335,75.247374890160444
8448ec7ffffffff,2022,42,1.9129707813262939,35.799970518151433
84261edffffffff,2022,42,0.33368540555238724,23.598461473778581
8426715ffffffff,2022,42,0.13716363906860352,51
8429a19ffffffff,2022,42,0.37137749791145325,28.800040260449883
842b8adffffffff,2022,42,1.4231937974691391,42.406006746867277
84270a5ffffffff,2022,42,205.50737764505195,52.945671913623165
84270a5ffffffff,2022,53,0.30106299370527267,20.397593040445887
842a161ffffffff,2022,42,0.067074544727802277,34
84274e9ffffffff,2022,42,394.98894419097439,56.976064581749377
84274e9ffffffff,2022,53,64.743435703217983,76.371741026820942
842aa3dffffffff,2022,42,2.1706803721540116,37.81228924867866
8426b6dffffffff,2022,42,0.12993021309375763,25
8426b6dffffffff,2022,53,0.77908593416213989,31.332703741052736
8426059ffffffff,2022,42,14.499287160325284,36.005444004571665
8426059ffffffff,2022,53,10.655931772379315,37.989733492426076
8448937ffffffff,2022,42,1.0123653784394264,18.001412729613914
8448937ffffffff,2022,51,0.15612277388572693,27
8448937ffffffff,2022,53,0.7025681808590889,33.777761013978107
8426aa5ffffffff,2022,42,273.21161870062349,51.563268832729563
8426aa5ffffffff,2022,53,0.13694107532501221,16
842744bffffffff,2022,42,0.31000262871384621,27.20251915933601
84276a5ffffffff,2022,42,435.48654186269818,61.257021933403827
84276a5ffffffff,2022,53,1.7878099158406258,22.441930629011509
842b1edffffffff,2022,53,0.12528645247220993,34.002888913746666
842aae1ffffffff,2022,42,6.8821040852981454,36.704178214137613
8426717ffffffff,2022,42,0.20752435177564621,37.002291062933793
8426c31ffffffff,2022,42,0.073603756725788116,28
8426c31ffffffff,2022,53,3.9058477953076363,35.456775594934349
842b8c3ffffffff,2022,42,0.19411467015743256,30.6668260814328
8428307ffffffff,2022,42,199.08838687913087,63.505182549075869
8428307ffffffff,2022,51,2.2454862222075462,20.311916225137839
8428307ffffffff,2022,53,2.6652945354580879,26.792529694837228
8426847ffffffff,2022,42,0.067668050527572632,93
8444e53ffffffff,2022,42,0.077111512422561646,21
8444e53ffffffff,2022,53,2.081833653151989,26.926499449752846
842883bffffffff,2022,42,0.19014906138181686,35.66848631784142
842883bffffffff,2022,51,0.063132025301456451,22
842883bffffffff,2022,52,0.88479181379079819,28.714288970696895
842883bffffffff,2022,53,0.63274507224559784,27.598578878554015
8426a9bffffffff,2022,42,95.95094208419323,34.763619358292374
8426a9bffffffff,2022,53,311.46207713335752,66.325041117074377
8426a99ffffffff,2022,42,2166.5224646868951,57.150254959087775
8426a99ffffffff,2022,51,0.13662706315517426,15
8426a99ffffffff,2022,53,335.87179759749597,50.26044841023328
8426c2bffffffff,2022,42,0.14632733166217804,23.000690437471569
8426c2bffffffff,2022,53,19.674035264376332,40.867785920526387
8426231ffffffff,2022,42,403.71228081341468,74.316019181448226
8426231ffffffff,2022,53,3.1960685923695564,36.465707465408954
8429a61ffffffff,2022,42,112.64157709479332,77.3926563870297
8426309ffffffff,2022,42,49.889695080062921,36.724711901054974
8426309ffffffff,2022,52,0.062308050692081451,23
8426309ffffffff,2022,53,3.6144513674080372,26.738555270067284
84445cdffffffff,2022,53,0.38112760335206985,37.598968692253507
844886bffffffff,2022,42,3.3502823114395142,34.739993481402514
844886bffffffff,2022,53,0.15944955497980118,25.499753211970848
84278abffffffff,2022,51,1.2679769769310951,59.006151130050604
84278abffffffff,2022,52,4.2381635308265686,43.308941417068958
84278abffffffff,2022,53,45.236353084445,39.008757036512065
8428103ffffffff,2022,53,0.20330967754125595,60.333351363393184
8426327ffffffff,2022,51,0.0636080950498581,23
8426327ffffffff,2022,53,3.4995357990264893,31.308954922487672
8448d2dffffffff,2022,53,6.9106965363025665,35.358368513527665
842832bffffffff,2022,42,96.796500273048878,60.847315422942444
842832bffffffff,2022,51,6.3684030473232269,27.402019831029747
842832bffffffff,2022,53,3.7844801545143127,53.980206509954371
842af63ffffffff,2022,42,0.50370433926582336,28.000016329898987
8426123ffffffff,2022,42,1960.3678507196262,67.560424996153
8426123ffffffff,2022,51,52.526014857344769,35.612785346406113
8426123ffffffff,2022,53,324.217696903646,73.405345569680577
8427421ffffffff,2022,42,89.761476355761886,55.970596900273691
8427421ffffffff,2022,53,36.530398927628994,66.877853038736191
8426d95ffffffff,2022,53,9.3045119527800413,32.561177876948989
8428931ffffffff,2022,51,35.0077443894218,65.198895705483892
8428931ffffffff,2022,52,1.3144340813159943,27.479460811200269
8428931ffffffff,2022,53,5.4402001239359379,28.9919293438458
842aa51ffffffff,2022,42,4.7668402194976807,36.832156462672991
8448e37ffffffff,2022,42,0.84180227667093277,29.181522603011633
8428953ffffffff,2022,42,1.1518852636218071,27.722312092663046
8428953ffffffff,2022,53,0.25638267397880554,28.496795626992451
842aa91ffffffff,2022,42,24.174227587878704,73.817471174130233
842618bffffffff,2022,53,2.3741280436515808,25.601094751988633
842ad3dffffffff,2022,53,1.4127902835607529,37.782988445055139
8427505ffffffff,2022,42,399.26173178334443,75.048941671355223
842659bffffffff,2022,53,2.5709082260727882,52.854505606466439
842618dffffffff,2022,53,22.908789843320847,65.896892404671547
842602dffffffff,2022,42,0.13096641004085541,18
842602dffffffff,2022,51,0.19603893160820007,17.334024034752336
842602dffffffff,2022,52,0.39122948795557022,26.168171172490354
842602dffffffff,2022,53,17.079146682251903,48.296459101276746
84446d9ffffffff,2022,51,0.077758729457855225,34
8426b21ffffffff,2022,42,0.4657333642244339,39.566666881033484
8427883ffffffff,2022,51,0.25298059731721878,31.500170920003164
842799dffffffff,2022,51,0.381053164601326,20.5019919408088
842799dffffffff,2022,52,5.973872609436512,29.766808915966934
842799dffffffff,2022,53,407.85148818790913,86.676028232333422
842a8d5ffffffff,2022,53,0.0714765414595604,29
8428327ffffffff,2022,53,0.41780786216259,43.020546345894239
8426803ffffffff,2022,53,2.8776314109563828,33.190936543759058
8426943ffffffff,2022,42,0.27115984261035919,47.500100976912471
8412db3ffffffff,2022,42,0.24288343638181686,21.249777748042955
8412db3ffffffff,2022,51,245.93038229225021,52.801167684811354
8412db3ffffffff,2022,52,226.14103316574119,38.390718369774369
8412db3ffffffff,2022,53,501.14088478753092,53.025374930199455
8444da1ffffffff,2022,53,0.66075628995895386,45.444007945496388
8448955ffffffff,2022,51,1.8238124400377274,33.347189278858409
84266a5ffffffff,2022,42,0.14178146421909332,43
8448c19ffffffff,2022,42,6.3116046654827453,54.083428523880933
8448c19ffffffff,2022,51,0.075478732585906982,41
842a84bffffffff,2022,42,0.1368238776922226,20
8426b4bffffffff,2022,42,1.037041075527668,34.742440045515856
842796bffffffff,2022,51,2358.8875966490928,64.036502667162253
842796bffffffff,2022,52,4258.5362962307736,52.937973237970411
842796bffffffff,2022,53,5248.3101744605628,52.127693316066612
8426dabffffffff,2022,53,0.15100674331188202,18.99967988603785
8429b07ffffffff,2022,52,0.0736134946346283,26
842680bffffffff,2022,53,0.2045932412147522,42.000005389649836
8448e9dffffffff,2022,42,1.5871511846780777,37.380896158535805
8426c41ffffffff,2022,42,0.2874763086438179,34.999367464849861
8426c41ffffffff,2022,53,0.28718801587820053,42.004331038232181
84260c9ffffffff,2022,42,0.79746528714895248,49.082682051837018
8448917ffffffff,2022,42,3.1298187747597694,39.72539065054869
8448917ffffffff,2022,51,0.078166976571083069,27
8428b21ffffffff,2022,53,3.8227392733097076,35.293069904699735
84275d1ffffffff,2022,42,83.705608141422275,43.254325215382437
84275d1ffffffff,2022,53,77.39004130918606,41.92321470849636
8428a1dffffffff,2022,53,0.066785909235477448,17
8427083ffffffff,2022,42,0.30220736190676689,30.808345867051965
8427083ffffffff,2022,53,0.84709127992391586,31.714296986330943
8448d23ffffffff,2022,42,0.37331356853246689,26.599880703236597
8444413ffffffff,2022,53,0.076166115701198578,100
84485bdffffffff,2022,52,58.169201840285,30.834396600392573
84485bdffffffff,2022,53,11.630253904561203,60.6144074278549
8426751ffffffff,2022,42,1.0156331434845924,40.533444506903088
842aa4bffffffff,2022,42,23.63437081300745,41.708111127298878
842aa4bffffffff,2022,53,0.53171806037426,32.49974710642983
8427b37ffffffff,2022,51,516.87465421230183,83.008127824490131
8427b37ffffffff,2022,52,2558.3908465451618,72.705081391127507
8427b37ffffffff,2022,53,8302.6028505410322,54.927981595366624
8428b37ffffffff,2022,42,12.335975848138332,38.74075444418807
8428b37ffffffff,2022,53,54.633437506854534,86.299797222425809
842aa13ffffffff,2022,42,65.455312168335212,48.081150087884488
84281e7ffffffff,2022,42,0.26332473754882812,31.0001964753944
8427833ffffffff,2022,51,11.703893825411797,35.881879035495359
8427833ffffffff,2022,52,55.616437923601445,35.433044229760256
8427833ffffffff,2022,53,54.369410612813979,36.93710922928782
8426c67ffffffff,2022,42,0.72405657172203064,27.600208159542913
8426c67ffffffff,2022,53,6.37027932703495,40.420895259046489
84441adffffffff,2022,53,0.15871550142765045,28
842613bffffffff,2022,42,3.2615554332733154,25.256847573694504
842613bffffffff,2022,53,0.066660426557064056,31
84274d7ffffffff,2022,42,26.287575031437125,30.8754214132653
84274d7ffffffff,2022,53,0.39678355306386948,29.336003003790019
842632dffffffff,2022,53,102.73744157745556,62.219325127581705
8427a99ffffffff,2022,42,776.91065101126821,61.619103305425455
8427a99ffffffff,2022,52,0.72386101260781288,17.501320017248112
8427a99ffffffff,2022,53,45.298711694777012,45.140546291924665
8444513ffffffff,2022,53,1.3743819147348404,33.111239835534725
8444e13ffffffff,2022,53,0.22943497449159622,30.999803794482222
842708bffffffff,2022,42,0.30063243582844734,33.800013048261654
842b88bffffffff,2022,42,0.13051141798496246,20.987756313229486
8428d6dffffffff,2022,42,73.758164118727052,37.53731550151138
8428d6dffffffff,2022,53,45.319742940366268,55.62798106056141
8426139ffffffff,2022,42,5.6800515800714493,26.990894380534304
8426139ffffffff,2022,53,1.1222423911094666,22.942651544608609
8428ae9ffffffff,2022,51,0.65828021615743637,29.699878809829336
8428ae9ffffffff,2022,53,0.78974224627017975,27.334052690532722
8428969ffffffff,2022,42,0.064610660076141357,46
842688bffffffff,2022,42,148.71713604219988,56.954851563310271
8426e33ffffffff,2022,53,0.64614634215831757,31.553081331512484
844452dffffffff,2022,53,0.38578758388757706,26.800125389311642
842aae3ffffffff,2022,42,272.8042658049394,73.459521921255742
8427401ffffffff,2022,42,0.75877897441387177,44.828621784086444
84444e7ffffffff,2022,53,1.8852852284908295,67.553288034597074
844448dffffffff,2022,53,0.60270003229379654,100
8426f67ffffffff,2022,42,3.9910664260387421,37.662776401392058
8426f67ffffffff,2022,53,1.0496999323368073,22.533238329019987
84489adffffffff,2022,42,2.0027607455849648,41.615005211360668
8426a67ffffffff,2022,42,0.26135224848985672,48.496840407998093
84288bbffffffff,2022,42,2542.925543095887,61.942261782802532
84288bbffffffff,2022,51,0.061282720416784286,26
84288bbffffffff,2022,53,1524.4802033907349,58.616818359392063
8444ec7ffffffff,2022,53,1.1347287222743034,29.266373017785845
84288a9ffffffff,2022,42,0.12380623817443848,26
84288a9ffffffff,2022,51,765.35066255478591,66.144109051452375
84288a9ffffffff,2022,52,42.038734968751669,33.137068142096773
84288a9ffffffff,2022,53,885.053679082338,76.8669987709503
84268a5ffffffff,2022,53,0.92411902546882629,55.304458357892628
8444a19ffffffff,2022,42,436.00937490016224,67.398537135745713
8426d37ffffffff,2022,42,0.66784033179283142,20.999261491017695
8426d37ffffffff,2022,53,5.3528866171836853,36.819456345799331
842aa0bffffffff,2022,42,12.655990034341812,47.566417985760935
8426259ffffffff,2022,42,7.6118652001023293,45.576173580726106
8426259ffffffff,2022,53,1.0521280579268932,26.058533995200023
842b8b7ffffffff,2022,42,19.6073939677547,36.617823127757035
8428a9bffffffff,2022,42,0.12929095327854156,30.994772818610674
8426619ffffffff,2022,42,0.068731747567653656,53
8444431ffffffff,2022,53,0.076092928647995,62
8426889ffffffff,2022,42,21.802920289337635,81.462685542599189
8426889ffffffff,2022,53,0.98384284973144531,34.999266295931989
842ad63ffffffff,2022,42,0.88225474953651428,45.99588082438877
842ad63ffffffff,2022,53,1.4707010090351105,39.711037158001261
8426339ffffffff,2022,51,1.3966538086533546,25.861826570961423
8426339ffffffff,2022,52,0.6349048987030983,26.793673493152237
8426339ffffffff,2022,53,7.4805916845798492,35.379480839588524
84489abffffffff,2022,42,1.2300037890672684,32.747453553859664
84489abffffffff,2022,53,1.3065720871090889,24.413303745772456
84278e5ffffffff,2022,42,0.24905595183372498,26
84278e5ffffffff,2022,51,21.2986731082201,61.677963559496511
84278e5ffffffff,2022,52,10.764164797961712,31.891113477365622
84278e5ffffffff,2022,53,9.7750718183815479,35.504663944010268
8426a95ffffffff,2022,42,1563.9226125406283,66.019265842084479
8426a95ffffffff,2022,53,8.5228080376982689,42.286174977398673
8428ad5ffffffff,2022,42,0.065483778715133667,56
8428ad5ffffffff,2022,53,0.13114042580127716,27.50208074712366
842792dffffffff,2022,51,192.76226662099361,53.962502404408326
842792dffffffff,2022,52,11.720098722726107,28.969291489239623
842792dffffffff,2022,53,119.5072471536696,63.682572665165758
8426147ffffffff,2022,51,0.064678303897380829,23
8426147ffffffff,2022,53,16.905830103830962,35.836568345413369
8412cb1ffffffff,2022,51,4.3544248533161252,30.967266670592888
8412cb1ffffffff,2022,53,3.6584395468235016,32.385655162076844
84269ebffffffff,2022,42,0.42207108438014984,22.169333837157243
8426cc7ffffffff,2022,53,0.2227405458688736,31.666343922693976
84289e1ffffffff,2022,52,2.5373488366603851,37.901465202044946
84289e1ffffffff,2022,53,0.55630199983716011,34.996984554752835
8427881ffffffff,2022,51,0.0630008652806282,46
8426d49ffffffff,2022,53,0.14323166012763977,51
8426863ffffffff,2022,42,0.068053007125854492,29
8426c93ffffffff,2022,42,0.15210506319999695,26
8426313ffffffff,2022,42,92.916269168257713,63.346291477860255
8426313ffffffff,2022,53,0.064007408916950226,21
8428817ffffffff,2022,42,3.2919435203075409,25.214716502581336
8428817ffffffff,2022,51,0.12648860365152359,24.5014275479438
8428817ffffffff,2022,52,0.19040381163358688,27.66943918716419
8428817ffffffff,2022,53,117.78705958276987,56.467035741972225
8427829ffffffff,2022,51,3.0200616344809532,29.138739150557054
8427829ffffffff,2022,52,16.193121835589409,31.846742208706559
8427829ffffffff,2022,53,14.138080794364214,32.998682167775037
8427839ffffffff,2022,51,107.74205893121805,51.988577787143392
8427839ffffffff,2022,52,138.48918450489347,38.472930850301026
8427839ffffffff,2022,53,1932.8793657942438,61.853210676128789
8448987ffffffff,2022,53,0.0769561156630516,46
8412d85ffffffff,2022,42,0.47567569091916084,37.626761093335304
8412d85ffffffff,2022,52,0.11840781569480896,33
8412d85ffffffff,2022,53,3.9838910959661007,30.53035031946542
8426cb7ffffffff,2022,42,0.38124679774045944,31.199719859725054
8426cb7ffffffff,2022,53,0.60955563932657242,24.87648946215544
8428f55ffffffff,2022,42,85.834605859892037,46.999218994226908
8428f55ffffffff,2022,53,142.27594505995512,64.292291874301341
8426d89ffffffff,2022,53,2.4673325568437576,25.151442453290748
8426ad7ffffffff,2022,42,228.8520784303546,55.2939749157358
8426ad7ffffffff,2022,51,20.485200963914394,48.930253970895819
8426ad7ffffffff,2022,53,1364.7757084112832,72.697752320394542
84445a7ffffffff,2022,53,0.81887830048799515,44.999405821151214
842badbffffffff,2022,53,0.6334172710776329,24.401009884900606
8444d01ffffffff,2022,53,0.75543659925460815,26.999730790051508
8428abdffffffff,2022,53,4.6807713881134987,26.949075408064441
842a809ffffffff,2022,42,0.1382506936788559,31.999619092662339
8444c2bffffffff,2022,42,1.6529569998383522,27.364155490801782
8444c2bffffffff,2022,53,6.5339054465293884,37.182361465794848
8444c5dffffffff,2022,42,2.8100346550345421,30.000608596219564
8444c5dffffffff,2022,53,4.0239338725805283,33.490078779741928
8428d2dffffffff,2022,42,5.3786444291472435,30.600166717588337
8428d2dffffffff,2022,51,0.11914265155792236,14
8428d2dffffffff,2022,53,16.913625799119473,33.491754085057188
842aa83ffffffff,2022,42,2.0382480695843697,26.384272049805347
8427a83ffffffff,2022,42,872.22939586652558,71.224391472922562
8427a83ffffffff,2022,51,2.8978394344449043,28.144757689413
8427a83ffffffff,2022,52,248.528107393533,59.831031997260929
8427a83ffffffff,2022,53,4430.5856147265022,75.47999495648483
84266b3ffffffff,2022,53,0.071900516748428345,25
8426151ffffffff,2022,51,635.15010803487962,81.19278895681235
8426151ffffffff,2022,52,14.371665256543487,54.977127330459766
8426151ffffffff,2022,53,3.3772824555635452,27.615300869588069
8426181ffffffff,2022,53,0.20353420823812485,25.333659224671706
8426f43ffffffff,2022,53,9.2101917564868927,38.04678534720405
8427499ffffffff,2022,42,7.1897092759609222,34.790219630277
8427499ffffffff,2022,53,0.066491149365901947,27
8428995ffffffff,2022,51,0.1216534823179245,49
8428995ffffffff,2022,53,0.12140892446041107,24
8448d81ffffffff,2022,42,0.14614906162023544,28.498729467757997
842a125ffffffff,2022,42,14.697834819555283,39.715740489409477
842a88bffffffff,2022,42,0.21538150310516357,29
8448eb9ffffffff,2022,42,0.7557672102953874,40.378246323590076
8448eb9ffffffff,2022,51,8.13184861374252,33.314672717383978
8427453ffffffff,2022,42,13.584867276251316,34.031806567287362
8427453ffffffff,2022,53,1.5229232907295227,25.540052703844747
8426f3dffffffff,2022,53,0.14209689199924469,31.9882403042546
842624dffffffff,2022,42,429.45733534874876,74.647212498181915
842624dffffffff,2022,53,5.1837329007685184,31.046911730264046
8429931ffffffff,2022,53,0.14082668721675873,45
842aa57ffffffff,2022,42,1.5643502302906094,36.061702479841237
84268e9ffffffff,2022,53,0.1395445391535759,38.499604551166776
8428339ffffffff,2022,42,0.34986156225204468,27.599030393871718
8428339ffffffff,2022,53,10.225910441781959,38.801008533999216
84288ddffffffff,2022,42,0.18930523097515106,46.997167676881851
84288ddffffffff,2022,53,20.709729611873627,50.39979231194058
84261e7ffffffff,2022,42,0.33723542094230652,28.2026310159218
84261e7ffffffff,2022,51,1.1452036052942276,25.823520386167345
84261e7ffffffff,2022,53,0.60693303495645523,25.665961488180386
8428959ffffffff,2022,42,1.4256738796830177,31.955498163322719
8428959ffffffff,2022,53,2.3957596197724342,24.9773518653338
84279edffffffff,2022,51,2.6119610965251923,31.666105700713523
84279edffffffff,2022,52,11.601231594821986,29.32989017889749
84279edffffffff,2022,53,47.523165486928292,29.757941690001253
842b8a1ffffffff,2022,42,2.4791318625211716,41.316777920848963
8427519ffffffff,2022,42,33.492487855255604,36.470685684627661
8427519ffffffff,2022,53,14.844517923891544,30.964787737340778
8427ab1ffffffff,2022,42,7.3842048198422967,29.169668174330845
8427ab1ffffffff,2022,51,1.713749323040247,29.568933443434009
8427ab1ffffffff,2022,52,108.42918665334582,65.467523839143809
8427ab1ffffffff,2022,53,385.03471130132675,56.926509909659316
84264b3ffffffff,2022,53,0.88912146538496017,38.581481913781445
8448cebffffffff,2022,42,5.7685347571969032,44.615701122940067
8429a47ffffffff,2022,42,0.15042772889137268,80
84274e3ffffffff,2022,42,3.0190714076161385,29.672951983106262
84274e3ffffffff,2022,53,4.195092906320796,24.953551666513054
8412da1ffffffff,2022,42,0.77969921007752419,32.99356696611224
8412da1ffffffff,2022,53,1.200044222176075,25.999870594392679
8427189ffffffff,2022,42,16941.604422158893,82.643133319247681
8427189ffffffff,2022,53,0.297807265073061,28.600358592349462
8426461ffffffff,2022,42,0.069732308387756348,25
8428b39ffffffff,2022,42,43.007921049086491,43.861935773760166
8428b39ffffffff,2022,53,8.4453223273158073,29.696081935084983
84291a7ffffffff,2022,42,0.1448533833026886,53.501060082012593
8426203ffffffff,2022,42,3657.3675291602808,75.3178586737473
8426203ffffffff,2022,53,672.24952133560885,59.472201375533437
84289a9ffffffff,2022,51,0.42850445583462715,23.285714484427487
84289a9ffffffff,2022,52,0.36797846853733063,28.833339711241521
84289a9ffffffff,2022,53,2.1484928950667381,28.629257368509
842719bffffffff,2022,42,2578.5410622051681,68.04773720610018
842719bffffffff,2022,53,162.39965591207147,62.306233733218065
8448907ffffffff,2022,42,0.15732032060623169,30
8448907ffffffff,2022,51,0.078850366175174713,32
84288c3ffffffff,2022,42,3.6454344391822815,29.105159091426732
84288c3ffffffff,2022,51,1.8277298097809156,28.077075445821123
84288c3ffffffff,2022,53,487.74682867296184,79.685790351520183
8426331ffffffff,2022,51,0.70365938544273376,23.998692266632379
8426331ffffffff,2022,52,2.5589609369635582,29.652102298423323
8426331ffffffff,2022,53,91.950428813169992,77.664635458127222
8426001ffffffff,2022,42,0.32687165588140488,23.9960932003716
842794bffffffff,2022,51,1765.7206554024826,63.786351925961348
842794bffffffff,2022,52,4756.2973818359278,57.856179158973077
842794bffffffff,2022,53,5340.0829556684275,48.899586303429849
8444e25ffffffff,2022,42,1.3885441049933434,26.944645994238204
8444e25ffffffff,2022,53,13.193771757185459,39.109107857111468
8426db9ffffffff,2022,53,0.377984955906868,38.999083601246241
8426b3dffffffff,2022,42,1.0683597475290298,42.996466664041712
84264ebffffffff,2022,53,93.7117595367864,70.423206262635944
8448951ffffffff,2022,42,5.8738084211945534,44.527216968811622
8448951ffffffff,2022,51,6.8295589685440063,36.2214474321682
8448951ffffffff,2022,53,0.23836322128772736,32.6658707006033
84289d3ffffffff,2022,51,1331.8992118329684,73.035843925595458
84289d3ffffffff,2022,52,597.83664047485752,65.750163578482272
84289d3ffffffff,2022,53,1514.9966312131316,64.782358559339187
8427493ffffffff,2022,42,27.590375855565071,45.31299141806722
8427485ffffffff,2022,42,42.996867284178734,42.225412263286792
8427485ffffffff,2022,53,2.0467419624328613,20.386459298232964
8426ee1ffffffff,2022,53,1.2243276759982109,39.053197622520713
8428f57ffffffff,2022,42,1.3913364708423615,53.416426495761371
8428f57ffffffff,2022,53,0.18947228044271469,21
842628dffffffff,2022,42,41.313800185918808,54.718961796027429
842628dffffffff,2022,53,494.59521722057286,60.744080564809622
842893bffffffff,2022,51,0.37510039657354355,27.501528420141113
842893bffffffff,2022,53,1.0002168230712414,29.686786994101787
8427a87ffffffff,2022,42,192.8442646635952,75.838688691898071
8427a87ffffffff,2022,51,1.508733443915844,23.99792055779103
8427a87ffffffff,2022,52,5.9220692291855812,29.079982051054106
8427a87ffffffff,2022,53,1476.1270494791806,80.041906349431542
84289abffffffff,2022,52,1.2205338664352894,37.838062278319136
84289abffffffff,2022,53,6.380714885452214,41.8361256706512
84265a3ffffffff,2022,53,4.7051277011632919,47.343908509670172
84262bbffffffff,2022,53,0.13297389447689056,49
84289bbffffffff,2022,53,0.18073447421193123,31
8448823ffffffff,2022,42,23.360870160162449,46.552702432439148
8448823ffffffff,2022,53,1.8855367973446846,49.414927961443773
842a91dffffffff,2022,42,1.2434498965740204,27.775439044724578
8426a59ffffffff,2022,51,0.064704112708568573,39
84289d5ffffffff,2022,42,0.061877917498350143,20
84289d5ffffffff,2022,53,0.061869110912084579,32
84289e7ffffffff,2022,51,0.24569707736372948,23.998442212744443
84289e7ffffffff,2022,52,0.492330614477396,35.496054740671333
84289e7ffffffff,2022,53,3.5656486712396145,37.967279632619928
842792bffffffff,2022,51,2.9393162205815315,34.313128243206108
842792bffffffff,2022,52,1.8369013145565987,30.9656270514914
842792bffffffff,2022,53,2.3874342627823353,30.996219532166958
8428b3bffffffff,2022,42,1.5057543590664864,37.515185689083985
8428b3bffffffff,2022,53,1.5706998780369759,44.539171445946245
8448db1ffffffff,2022,42,0.072085030376911163,54
8444e0bffffffff,2022,42,0.46276813745498657,42.166684827499779
8444e0bffffffff,2022,53,5.0228807032108307,30.874912152112294
8444d17ffffffff,2022,53,13.318563401699066,48.741802881550981
84488d1ffffffff,2022,53,0.23253416270017624,46.000593908268534
842611dffffffff,2022,42,288.84185986965895,84.627990512670564
842611dffffffff,2022,51,0.06560833752155304,23
842611dffffffff,2022,52,0.26225341856479645,27.753337887621878
842611dffffffff,2022,53,1.9058629721403122,25.791086219430966
8427099ffffffff,2022,53,0.060376092791557312,18
842786bffffffff,2022,51,38.159804437601686,33.085574136546519
842786bffffffff,2022,52,809.62282111768923,62.139109783564471
842786bffffffff,2022,53,1653.1634076000428,77.274510877621267
8428909ffffffff,2022,51,0.57623216509819031,31.33343924583335
8426a65ffffffff,2022,42,0.065143227577209473,58
8444525ffffffff,2022,42,0.23089253157377243,26.665097379721264
8444525ffffffff,2022,53,0.84734867513179779,26.634337084225344
842699bffffffff,2022,53,0.3571242094039917,26.802864367317305
8426ea1ffffffff,2022,53,0.29254335910081863,24.497488889774619
842a901ffffffff,2022,42,283.0258162021637,68.720523960341879
84444d5ffffffff,2022,53,0.075420200824737549,100
8427a95ffffffff,2022,42,2464.9542018445245,78.155045406690761
8427a95ffffffff,2022,51,0.42612290754914284,22.710231934106698
8427a95ffffffff,2022,52,1.4591960906982422,23.462264913945564
8427a95ffffffff,2022,53,1934.0644137369213,79.124867456835375
842a96bffffffff,2022,42,0.20408874750137329,24.3361630307581
8426367ffffffff,2022,42,5.1843548633158205,30.778475284842504
8426367ffffffff,2022,51,0.12452013045549393,20
8426367ffffffff,2022,53,14.326464857906103,33.081931964714805
84269d5ffffffff,2022,42,54.429541160078628,54.653215206295215
84269d5ffffffff,2022,53,0.28183522075414658,29.513629012160351
84274c5ffffffff,2022,42,289.0289929684763,53.286745376379969
84274c5ffffffff,2022,53,8.63828668743372,31.488708315606054
8448c3dffffffff,2022,42,0.22502699494361877,36.666641083890362
8428187ffffffff,2022,42,4.3852352276444435,42.986718328820807
8428187ffffffff,2022,53,0.45837568491697311,61.012806429711006
8426641ffffffff,2022,53,0.067433260381221771,45
8426267ffffffff,2022,42,407.40823478996754,62.978525138147724
8426267ffffffff,2022,53,7.7928657084703445,36.711634045936812
842660bffffffff,2022,42,0.13651388883590698,33
842660bffffffff,2022,53,45.542305515823408,49.653056673305173
842781dffffffff,2022,42,0.12097061797976494,18.500051258279122
842781dffffffff,2022,51,5252.2065424378152,81.528987063325516
842781dffffffff,2022,52,6883.8077439536073,75.361751839596764
842781dffffffff,2022,53,6672.931376953642,79.101010413821086
842620dffffffff,2022,42,695.02716201498527,78.597883540817577
842620dffffffff,2022,53,0.6232132725417614,31.48857098163834
84262e1ffffffff,2022,42,7.1734393313527107,31.951828316847241
84262e1ffffffff,2022,53,754.79439876149672,59.609753335735441
8444cddffffffff,2022,42,0.073511943221092224,55
8426cc9ffffffff,2022,53,0.22098422795534134,28.99786702636996
8444de1ffffffff,2022,53,0.88956598192453384,26.66575716300925
84278cbffffffff,2022,42,3.8281224444508553,29.593280549915914
84278cbffffffff,2022,51,16.842350408434868,34.148155699434504
84278cbffffffff,2022,52,7.4148815311491489,25.582714669245167
84278cbffffffff,2022,53,1030.1194610857206,69.730074521310371
8427837ffffffff,2022,51,0.49515319196324725,24.374001137701086
8427837ffffffff,2022,52,2.2918163966752734,36.119942640855889
8427837ffffffff,2022,53,4.4746798842268829,53.784928878658008
8448899ffffffff,2022,53,5.3968854323029518,36.742645723593959
84268c9ffffffff,2022,53,224.60467432439327,80.649409171472229
8429addffffffff,2022,42,129.49850060410944,74.900845203365023
8429addffffffff,2022,51,11.363616227110228,27.34861478270679
8426893ffffffff,2022,42,0.14307980239391327,40
842741bffffffff,2022,42,91.516921956106728,50.663160023144627
842741bffffffff,2022,53,2.8837822899222374,25.956773089960123
8426333ffffffff,2022,51,0.38539318740367889,24.998664574847933
8426333ffffffff,2022,52,1.4778444245457649,33.3044586119304
8426333ffffffff,2022,53,422.91454903462932,85.207422553274583
842895dffffffff,2022,42,2.5143994837999344,33.870285059971465
842895dffffffff,2022,53,0.452505499124527,21.713603886834218
84444c1ffffffff,2022,53,7.6599703580141068,87.2436826423691
8426a81ffffffff,2022,42,3.6487274980428173,38.239803481834549
8426a81ffffffff,2022,51,0.13561767339706421,22
8426a81ffffffff,2022,53,179.01696695290946,70.5357140778946
8426eebffffffff,2022,53,0.28843273222446442,50.500000852431548
842631dffffffff,2022,53,1.3243136405944824,25.238557960295424
8427737ffffffff,2022,53,2.9678681790828705,37.981389623818437
8448dc3ffffffff,2022,42,2.8032345771789551,35.761717177216511
8444c09ffffffff,2022,42,0.60468049347400665,25.000239394741488
8444c09ffffffff,2022,53,1.4398407936096191,48.686064735317835
8448865ffffffff,2022,42,232.56951499189816,67.3198998537346
8448865ffffffff,2022,53,555.02668888644848,55.182284855350112
842789dffffffff,2022,51,0.631027989089489,36.499311406794604
84288b3ffffffff,2022,42,143.22115210439352,64.9596881975165
84288b3ffffffff,2022,53,694.40084368678572,69.484195955427751
844893dffffffff,2022,42,2.9830866307020187,23.394369987285426
844893dffffffff,2022,51,0.078653022646903992,27
842b8bbffffffff,2022,42,2.5836192071437836,37.331412485310764
8444f03ffffffff,2022,53,0.92555253207683563,34.082678638481141
8428a17ffffffff,2022,51,0.19886155426502228,21.003402827331989
8428a17ffffffff,2022,53,1.4563691839575768,24.91017997426037
842773bffffffff,2022,53,117.1788915656507,66.708294749764832
8426125ffffffff,2023,42,4.5297195011202032,36.228672588032275
8426125ffffffff,2023,53,1.2548342049121857,27.474034377519061
844441dffffffff,2023,53,0.53787600994110107,49.007921543535495
8444f49ffffffff,2023,42,0.1570269912481308,72.50758884381456
8444f49ffffffff,2023,53,5.2589262127876282,42.06470441745072
8448dbbffffffff,2023,42,0.21630808711051941,29.333269990266039
842741dffffffff,2023,42,1.4037080183625221,33.001490994007561
8448803ffffffff,2023,42,0.078864127397537231,27
8427ae1ffffffff,2023,42,0.11866198480129242,21
8427ae1ffffffff,2023,51,548.90777579532823,73.385330281517639
8427ae1ffffffff,2023,52,4064.7993224168085,66.360810265734145
8427ae1ffffffff,2023,53,6594.3423335068073,74.739256366714244
84281b7ffffffff,2023,42,0.5790884867310524,29.669705361440691
8428a13ffffffff,2023,51,0.39833761751651764,22.999227479740092
8428a13ffffffff,2023,52,0.1984955370426178,23
8428a13ffffffff,2023,53,5.1699260324239731,29.474766642387419
84279d3ffffffff,2023,51,1.7658476382493973,30.613419763981188
84279d3ffffffff,2023,52,5.4864899665117264,38.713848097434372
84279d3ffffffff,2023,53,5.7346405759453773,37.952564466668193
8427487ffffffff,2023,42,67.041052383827235,37.918690861811839
8427487ffffffff,2023,53,3.1124311833989386,27.231844180520465
8428955ffffffff,2023,42,0.066079917550086964,30.000000000000004
8428955ffffffff,2023,51,2.0503227338194847,31.220047156641158
8428955ffffffff,2023,52,2.7511522024869919,46.9247349566706
8428955ffffffff,2023,53,4.92867311835289,46.519814746297605
842a90bffffffff,2023,42,105.51705809565735,63.880059957707559
8428829ffffffff,2023,53,0.0641150176525116,27
8426a3bffffffff,2023,42,511.08172763884068,73.030263507867218
8426243ffffffff,2023,42,1334.1111219155732,65.698436257992014
8426243ffffffff,2023,53,9.5514224544167519,36.751521814015675
842aaabffffffff,2023,42,0.28055787086486816,46.249911939290158
8426ca9ffffffff,2023,53,23.267689794301987,90.34477734587017
8444e3bffffffff,2023,53,1.3770056143403053,35.7211465092806
84270e3ffffffff,2023,42,1.4277749694883823,26.875196193343033
84270e3ffffffff,2023,53,0.17859523370862007,17.333333333333332
842615bffffffff,2023,51,1.8853841125965118,31.963285826517883
842615bffffffff,2023,53,134.6299257276105,57.4384675576779
8448c59ffffffff,2023,42,33.218313872901831,43.021897987460846
8426f4bffffffff,2023,53,0.13854943215847015,33
8444c49ffffffff,2023,42,21.817747376859188,45.189376812819809
8444c49ffffffff,2023,53,87.810734435915947,62.456335578850762
8426a53ffffffff,2023,51,0.39270839095115662,18.333754670125998
8426b3bffffffff,2023,42,0.73779752105474472,28.820648795062468
84489edffffffff,2023,53,0.0778672844171524,30
8426dd5ffffffff,2023,42,21.533591166138649,30.923393568810063
8426dd5ffffffff,2023,53,6.4326543137431145,44.675375006002454
84275d9ffffffff,2023,42,179.55708790886052,56.717057990749979
84275d9ffffffff,2023,53,90.990560306287279,43.347658680570873
8426a13ffffffff,2023,42,731.56842687091989,65.790880106319321
8426a13ffffffff,2023,53,1.6016329303383827,28.751695880512337
8444ee1ffffffff,2023,42,0.075653880834579468,24
8444ee1ffffffff,2023,53,0.15186877548694611,63.502438150655514
8444563ffffffff,2023,42,0.077457934617996216,26
8444563ffffffff,2023,53,0.077357850968837738,25
84288dbffffffff,2023,42,0.2513439804315567,23.503065882851363
84288dbffffffff,2023,53,1.4474281817674637,29.873599176307355
842758bffffffff,2023,42,61.306975013046873,41.291118213667339
842758bffffffff,2023,53,43.866021525333906,34.316299296822109
8444e67ffffffff,2023,53,0.2331051379442215,20.66609656545074
8426e85ffffffff,2023,53,0.14557576179504395,22
842ab13ffffffff,2023,42,1.2912978976964951,41.526131939940363
8426695ffffffff,2023,53,4.2886737734079361,43.5998773279515
8426c15ffffffff,2023,42,0.14675088226795197,43
8426c15ffffffff,2023,53,4.3296361267566681,29.240795130216153
8426159ffffffff,2023,51,0.64453492313623428,36.001039718713685
8426159ffffffff,2023,53,1.35788244754076,25.808726479264028
8444ebbffffffff,2023,53,0.22272204607725143,30.665882163954954
84288d5ffffffff,2023,42,819.60402235678,43.027903990785511
84288d5ffffffff,2023,51,21.886782996356487,26.368647428541244
84288d5ffffffff,2023,53,1158.5980737932609,59.31531661133414
8426353ffffffff,2023,42,76.337495496138615,35.805031566155435
8426353ffffffff,2023,53,0.5632953941822052,23.778445869455872
8444e07ffffffff,2023,42,25.737930960953236,54.688983361026004
8444e07ffffffff,2023,53,5.6259852573275566,29.342087014192117
84278d7ffffffff,2023,51,14.317222692072392,44.590177696164474
84278d7ffffffff,2023,53,0.25035745650529861,22.750023428379794
8444ec3ffffffff,2023,53,20.27810475230217,66.30558854611283
8426219ffffffff,2023,42,486.23388224761277,45.01499514295211
8426219ffffffff,2023,53,303.12572731998034,44.149409358360522
8429ab9ffffffff,2023,42,0.28757070004940033,26.239042009544452
8429ab9ffffffff,2023,51,14.755895686354123,33.481787170375604
8429ab9ffffffff,2023,53,2.5193003118038177,28.910192197806673
84268a9ffffffff,2023,53,1.9798935204744339,64.206649060022954
8427ad7ffffffff,2023,42,60.405673104363913,52.091916284683961
8427ad7ffffffff,2023,51,0.83758199959993362,33.562004871215287
8427ad7ffffffff,2023,53,345.51497281091468,42.065036658083613
8427aa9ffffffff,2023,42,0.06016150489449501,17
8427aa9ffffffff,2023,51,105.50469904765487,60.327309759710317
8427aa9ffffffff,2023,52,1978.7352680047791,63.061482971687191
8427aa9ffffffff,2023,53,2178.0675583222924,67.374252752757826
8427443ffffffff,2023,42,27.589168649166822,35.778933680111933
842a32dffffffff,2023,42,0.263137087225914,40.499871480733916
8426621ffffffff,2023,42,0.13709378242492676,33.492580982951687
842674dffffffff,2023,53,0.066470935940742493,23
842a121ffffffff,2023,42,13.208909533917904,33.484185513187143
8448ddbffffffff,2023,42,0.073457598686218262,37
8428865ffffffff,2023,42,0.51717805862426758,32.877504881403389
844890bffffffff,2023,53,0.079127110540866852,28
842898bffffffff,2023,53,0.12291128188371658,27
8427481ffffffff,2023,42,103.03651696954871,36.2504058660472
8427481ffffffff,2023,53,4.5609666112883414,29.959466930892663
84488bdffffffff,2023,53,0.076536551117897034,28
842af67ffffffff,2023,42,0.2870698943734169,19.501422857160506
8428851ffffffff,2023,42,224.75703186492126,54.526202447242554
8428851ffffffff,2023,53,187.17811582108925,54.865789002422744
842a961ffffffff,2023,42,0.13577564060688019,42
8426105ffffffff,2023,53,1101.2268302428665,75.205894763513967
8444ac7ffffffff,2023,53,0.15981957316398621,32
842a895ffffffff,2023,42,0.36209528148174286,46.197707261248169
84278cdffffffff,2023,42,15.879574535699451,38.492144886624345
84278cdffffffff,2023,51,149.83039251977908,60.558414081439061
84278cdffffffff,2023,52,1979.5098366840359,70.135276073645159
84278cdffffffff,2023,53,2497.2331150715695,66.669711817992479
8427553ffffffff,2023,42,45.470175660562276,42.176344862323027
8427553ffffffff,2023,53,21.137232407927513,31.586459485841711
84261e5ffffffff,2023,42,1.0757610350847244,36.1249783064451
84261e5ffffffff,2023,51,0.0671197697520256,27
8444f19ffffffff,2023,53,40.502349922528452,33.561285684077248
8444c03ffffffff,2023,42,0.07510744035243988,26
842aa9bffffffff,2023,42,20.390661619603634,63.466522781343031
842635dffffffff,2023,42,509.75788118069369,60.6018455370474
842635dffffffff,2023,52,0.062062311917543411,21
842635dffffffff,2023,53,2.5355493202805519,26.045877693630381
84269c7ffffffff,2023,42,0.42225119471549988,33.334647090331096
8444c0dffffffff,2023,42,0.07567548006772995,21
8444c0dffffffff,2023,53,0.37873402237892151,38.405090412060552
8427ad3ffffffff,2023,42,50.786137050828515,55.406166679002126
8427ad3ffffffff,2023,53,325.58536656945944,62.107462369504262
842aa49ffffffff,2023,42,14.051019325852394,39.909245042153415
842aa49ffffffff,2023,53,0.46177833527326584,25.997923791376603
84279d1ffffffff,2023,42,0.06267896294593811,82
84279d1ffffffff,2023,51,1.9453926756978035,34.738628370676089
84279d1ffffffff,2023,52,6.9056115117143184,31.185203475952008
84279d1ffffffff,2023,53,12.405578473210335,46.12610729368344
8427081ffffffff,2023,42,1.6754175759851933,34.214949816914931
8426191ffffffff,2023,42,0.068451382219791412,32
8426d39ffffffff,2023,53,1.0297248065471649,28.503272952452217
8426149ffffffff,2023,53,1.0504949282489571,30.471063683816631
842aa15ffffffff,2023,42,17.866433255374432,34.790485646554131
84288cbffffffff,2023,42,0.18980655074119568,21.000435243342952
84288cbffffffff,2023,53,3.2274335324764252,30.348584675414259
842ad09ffffffff,2023,42,2.3594257783363846,47.394878526578964
8426d19ffffffff,2023,53,3.9463238641619682,32.867634563033434
8428f45ffffffff,2023,42,0.25597965717315674,29.003291322690263
8428f45ffffffff,2023,53,0.064199626445770264,22
8428101ffffffff,2023,53,8.834383839661,58.494777812853151
8426a27ffffffff,2023,42,1.0641889125108719,37.38804057196355
84275c5ffffffff,2023,42,7249.9676968694921,66.146141146375328
84275c5ffffffff,2023,53,2167.5598496004645,62.188609731827867
8426d87ffffffff,2023,42,0.15077122300863266,36.007461045866826
8426d87ffffffff,2023,53,0.075463496148586273,52
8426de5ffffffff,2023,53,48.605133011937141,48.657268877013344
8428839ffffffff,2023,42,0.12670396268367767,23
84288adffffffff,2023,42,0.18566472083330154,19
84288adffffffff,2023,51,20018.331220182808,85.622937782379452
84288adffffffff,2023,52,1993.0457545572492,73.977389317782141
84288adffffffff,2023,53,1050.9557017582451,68.7685806868778
84276b3ffffffff,2023,42,17817.193576591853,85.875338300938623
84276b3ffffffff,2023,53,1.8254231214523315,25.606969860068979
842aac7ffffffff,2023,42,5.12935845553875,31.226234196260794
842aac7ffffffff,2023,53,0.069180503487586975,25
8426133ffffffff,2023,42,2.5405437052249908,25.368761308455348
8426133ffffffff,2023,51,0.066840581595897675,25
8426133ffffffff,2023,53,7.9496230225937037,24.246168065953292
84489a7ffffffff,2023,53,0.2296094074845314,48.999379803517158
8426759ffffffff,2023,42,49.043209001305044,44.138732846172431
8426759ffffffff,2023,53,0.13468915969133377,23.0000020467236
8426c51ffffffff,2023,42,11.299524652578082,66.954376949753367
8426c51ffffffff,2023,53,2.53104005753994,44.5996040139431
8426037ffffffff,2023,42,0.13372744619846344,53
8426037ffffffff,2023,53,163.29597866535187,60.898410776925544
8444e1dffffffff,2023,42,0.3073902428150177,24.250143999038229
8444e1dffffffff,2023,53,37.644274868071079,39.782798963998829
8444d33ffffffff,2023,42,23.374926108355616,59.205142797535828
8444d33ffffffff,2023,53,136.23058620095253,61.187404181627961
8448b37ffffffff,2023,53,0.23984869569540024,28.335172644264109
8448db5ffffffff,2023,42,10.446351200342178,35.118513263389204
8444c43ffffffff,2023,42,0.37905110418796539,20.399830110353186
8444c43ffffffff,2023,53,26.73613977432251,59.141741547935681
8426c03ffffffff,2023,42,72.6258382126689,61.172793796794906
8426c03ffffffff,2023,53,5.6249477937817574,29.20007793763758
84276e1ffffffff,2023,42,0.93838813155889511,34.731703470160532
842674bffffffff,2023,42,9.677851602435112,36.930748243443261
8427907ffffffff,2023,51,13.147850785404444,43.285821399995108
8427907ffffffff,2023,52,3.0568453185260296,41.140068621710931
8427907ffffffff,2023,53,7.8254895806312561,28.698441041505934
84261ddffffffff,2023,42,0.80581086128950119,50.416764632590962
84261ddffffffff,2023,53,6.2549657598137856,35.09627961076901
842aa65ffffffff,2023,42,632.88228041474144,57.674315693870689
842aa65ffffffff,2023,53,39.923828989968584,32.06237230047514
8428369ffffffff,2023,42,84.648891516029835,53.395667014607355
8428369ffffffff,2023,51,1.3555774912238121,28.105131339521709
8428369ffffffff,2023,53,22.642685942351818,32.6410212700745
84488a1ffffffff,2023,42,0.46200913935899734,33.334761333032155
8428d25ffffffff,2023,42,9.5930889048704913,31.43990424384052
8428d25ffffffff,2023,52,0.059411928057670593,28
8428d25ffffffff,2023,53,6.466856743409938,31.592075551684406
8428805ffffffff,2023,42,0.064070478081703186,24
8427193ffffffff,2023,42,3163.132253538452,73.17551126924981
8427193ffffffff,2023,53,51.103030156344175,48.207803804004179
84278c3ffffffff,2023,42,0.062312275171279907,37
84278c3ffffffff,2023,51,905.26648116208173,74.397244161698993
84278c3ffffffff,2023,52,3.4773063659667969,34.452842879920851
84278c3ffffffff,2023,53,778.33639355104629,70.04244012407861
84268dbffffffff,2023,42,0.0699881762266159,23
84268dbffffffff,2023,53,5.4691227376461029,34.89835205656231
8427843ffffffff,2023,42,0.23721618205308914,39
8427843ffffffff,2023,51,1354.5261740423739,76.324818420154
8427843ffffffff,2023,52,6210.374304337478,75.061141368901275
8427843ffffffff,2023,53,4695.6020057021124,76.806190040231314
84488e7ffffffff,2023,42,0.38738168776035309,44.993609373019581
8428845ffffffff,2023,42,1.2413849458098412,29.472742803060889
8428845ffffffff,2023,51,0.065298989415168762,22
8428845ffffffff,2023,53,0.19653478264808655,29.662033389980579
84279a1ffffffff,2023,42,5.5423594191670418,35.310066369869141
84279a1ffffffff,2023,51,0.063594497740268707,38
84279a1ffffffff,2023,52,0.38164737820625305,48.662343380555349
84279a1ffffffff,2023,53,0.57251478731632233,35.447669007142665
8428137ffffffff,2023,53,0.53074879944324493,46.125332960637344
84289cdffffffff,2023,53,0.31331319361925125,36.60060629429838
84260cdffffffff,2023,42,0.59876696765422821,41.665920642559186
84260cdffffffff,2023,53,0.06666826456785202,70
8426a1bffffffff,2023,42,17.122017048299313,36.31664520748275
8426a1bffffffff,2023,53,6.479572556912899,30.317467044560665
8426d33ffffffff,2023,53,19.304559245705605,31.334048923165984
8427513ffffffff,2023,42,710.94030419684509,74.995202838114082
8427513ffffffff,2023,53,312.3864504315689,77.456940265866947
8427983ffffffff,2023,42,0.31825520098209381,34.6013827302461
8427983ffffffff,2023,51,24.279984764754772,62.636730374713672
8427983ffffffff,2023,52,12.1255699172616,46.697801507667954
8427983ffffffff,2023,53,49.660403035581112,43.834662335864657
84271a5ffffffff,2023,42,1163.2122513871711,65.9422938399013
84271a5ffffffff,2023,52,0.5445098988711834,30.674187613962648
84271a5ffffffff,2023,53,325.59086764397864,65.40686223463689
8426acbffffffff,2023,42,6.1411123797297478,34.412147931279812
8426acbffffffff,2023,51,1.5359537601470947,24.347694420216392
8426acbffffffff,2023,53,0.1336730495095253,21.502600230652273
84266e5ffffffff,2023,42,24.26253829151392,30.668162821447154
8444c07ffffffff,2023,53,0.45155893266201019,37.333118397423782
8428f47ffffffff,2023,42,7.7210063855437667,36.356442613785653
8428f47ffffffff,2023,53,2.4220104813575745,33.739017344162889
842a16bffffffff,2023,53,1.0751617103815079,29.998257075833187
842746bffffffff,2023,42,0.49881932139396667,23.638176598686584
8427865ffffffff,2023,51,18.10217997059226,29.044015025488612
8427865ffffffff,2023,52,2564.2257152036705,54.562398320022652
8427865ffffffff,2023,53,1735.7143859721136,73.9459824383418
84268ebffffffff,2023,53,0.21009772270917892,37.67487452231633
842718dffffffff,2023,42,1585.3173756730178,67.545398180622129
842718dffffffff,2023,53,2696.5533906775217,78.64655028048179
84275b9ffffffff,2023,42,18.764049397058347,37.477672913013777
84275b9ffffffff,2023,53,19.417100191116333,30.611450403061244
84276a7ffffffff,2023,42,30.021303378045559,40.833469602432594
84276a7ffffffff,2023,53,0.90064933896064758,25.93174632803121
842aae9ffffffff,2023,42,26.323787041008472,61.645356109328482
842753bffffffff,2023,42,5.5058595463633537,30.1386281444304
8426c3dffffffff,2023,42,6.6873684227466583,33.056420616332709
8426c3dffffffff,2023,53,6.3905439153313637,35.670584520059379
8427939ffffffff,2023,51,5.4779389910399914,35.922155597532267
8427939ffffffff,2023,52,2.0288533195853233,33.843926055988575
8427939ffffffff,2023,53,26.552649728953838,34.771022596450507
84275ebffffffff,2023,42,1509.5036558099237,64.230355589551152
84275ebffffffff,2023,53,209.35281259873335,58.482114038123456
8426189ffffffff,2023,42,0.54040368646383286,47.623790559045482
8426189ffffffff,2023,53,0.067679300904273987,21
8427899ffffffff,2023,51,168.69003289192915,75.565339371679826
8427899ffffffff,2023,53,118.10612078756094,66.475822570948878
842681bffffffff,2023,42,3.9886617213487625,32.893207061513884
8426a01ffffffff,2023,42,0.19727300107479095,25.666770553481303
8444411ffffffff,2023,53,0.68935561180114746,100
8428809ffffffff,2023,42,6.5963214410286319,33.960755674012283
8428809ffffffff,2023,53,9.0363998121782831,49.3192767385259
8427847ffffffff,2023,51,11.85257562994957,33.243463200255469
8427847ffffffff,2023,52,1336.5807735569338,76.60951752336139
8427847ffffffff,2023,53,1671.646068606073,84.687834306061333
84278d3ffffffff,2023,51,175.79263442009687,72.593683855243782
84278d3ffffffff,2023,53,19.831557564437389,40.597669852042891
84269b3ffffffff,2023,42,1943.0350066184699,87.179521177193323
8448ea1ffffffff,2023,42,0.75396443158388138,35.300273471935625
8427909ffffffff,2023,51,3891.2634050396582,56.828109133441927
8427909ffffffff,2023,52,1148.6985662774421,56.832508682421057
8427909ffffffff,2023,53,4603.7741862632047,62.104696581069462
8444c2dffffffff,2023,53,0.075603947043418884,18
842743dffffffff,2023,42,291.35198254930037,58.987413492362045
842743dffffffff,2023,53,5.3738944604992867,31.92777765827438
842b99bffffffff,2023,42,33.227671222827013,37.760845916709926
842b99bffffffff,2023,53,4.8529553338885307,30.107862558303076
84268a3ffffffff,2023,53,117.62152798473835,67.523233407799637
8426f33ffffffff,2023,53,1.0040513128042221,31.285772813457992
8426d8dffffffff,2023,42,0.074958287179470062,36
8426d8dffffffff,2023,53,0.22411771863698959,32.6490933300435
84260c5ffffffff,2023,42,0.133768692612648,41
84260c5ffffffff,2023,53,0.13365494459867477,24.499499215752973
842620bffffffff,2023,42,163.71651854028596,37.84141623192582
842620bffffffff,2023,53,15.25433649122715,29.115772061037347
8427685ffffffff,2023,42,587.47803235574088,61.340433086484033
8426d15ffffffff,2023,53,0.51398216187953949,34.286701710350279
8427187ffffffff,2023,42,6009.4440129504046,76.220120273585223
8427187ffffffff,2023,53,6.3309192210435867,30.105525841208642
8428a87ffffffff,2023,53,0.19401686638593674,50.999105470428127
842a90dffffffff,2023,42,0.88813739269971848,30.382556944522474
84278a5ffffffff,2023,42,0.82587113231420517,37.388293259148611
84278a5ffffffff,2023,51,4.5107768699526787,46.93602765204308
84278a5ffffffff,2023,52,6.2924713975074242,37.055448128563327
84278a5ffffffff,2023,53,3.5534605458378792,40.377996763562685
8427931ffffffff,2023,51,0.80612397938966751,30.156441317785038
8427931ffffffff,2023,52,3.5320707820355892,32.614193023510431
8427931ffffffff,2023,53,258.52101487293839,68.310206225825425
8428a3bffffffff,2023,53,0.59460112452507019,40.998787534954133
8426dd1ffffffff,2023,42,8.82315293699503,30.669582716055803
8426dd1ffffffff,2023,53,0.14949140697717667,90.499367611197087
8426c27ffffffff,2023,42,0.14700517058372498,31.995251562286182
8426c27ffffffff,2023,53,1.6905349567532539,32.654097617141169
84268b5ffffffff,2023,42,3.4704748498458486,36.311620503345864
84268b5ffffffff,2023,53,118.14313599467278,71.719261652163453
842a32bffffffff,2023,42,0.19823434948921204,35.999931445488414
8444ca5ffffffff,2023,42,0.073026768863201141,28
84489d5ffffffff,2023,53,3.7957824617624283,51.312436786905842
842a14bffffffff,2023,42,0.33491545915603638,33.400005410264448
8444eedffffffff,2023,42,0.076066590845584869,23
842aa61ffffffff,2023,42,498.65252291566014,54.810685464502313
842aa61ffffffff,2023,53,393.41684012132527,63.357892887030062
8444d3dffffffff,2023,42,0.1502833366394043,26
8444d3dffffffff,2023,53,0.15007773041725159,20
8426b09ffffffff,2023,42,2.2929806485772133,30.090691529638324
842814bffffffff,2023,42,2.2829011231660843,32.9998291644621
8429a97ffffffff,2023,42,7.5789448395079262,31.629893821328796
8429a97ffffffff,2023,51,8.1153022944927216,24.741642574109509
8429a97ffffffff,2023,53,21.427541084587574,31.034342231274305
8426cbdffffffff,2023,42,0.22701575607061386,33.666666666666664
8444ad9ffffffff,2023,53,0.079862788319587708,34
8427901ffffffff,2023,51,412.51537088798545,55.331622200079515
8427901ffffffff,2023,52,73.999215990713992,35.368398880185495
8427901ffffffff,2023,53,1417.3235455815552,71.412329019423765
8426b49ffffffff,2023,42,3.2137220054864883,37.959321320997141
8428a91ffffffff,2023,42,0.19389760494232178,26.666635695845944
8428a91ffffffff,2023,53,0.58081740140914917,33.227885843592368
842746dffffffff,2023,53,21.47858252376318,34.685675563300293
8427447ffffffff,2023,42,4.6268295682966709,29.501998005877763
8426d1dffffffff,2023,53,0.5129237100481987,31.429611021120309
8429a81ffffffff,2023,42,0.36330723017454147,27.399886010231146
8429a81ffffffff,2023,51,96.398255544813239,80.524807997521691
8429a81ffffffff,2023,53,16.451279670000076,35.322552321629111
8427733ffffffff,2023,53,2.4688174203038216,34.143613345842823
84445dbffffffff,2023,53,0.52742625027894974,63.715344111049205
8426cb9ffffffff,2023,42,0.45407553017139435,27.164865966168243
84260edffffffff,2023,53,0.534002773463726,28.499955150249178
8426dadffffffff,2023,53,6.3193633332848549,34.089865207528433
8426b27ffffffff,2023,42,0.26782733201980591,36.251838503252664
8444eebffffffff,2023,53,0.075731962919235229,32
8428d43ffffffff,2023,42,0.3657262846827507,25.6644555291283
842af6bffffffff,2023,42,0.42933962494134903,32.499626420752982
842603bffffffff,2023,53,0.33229931443929672,27.799421324341079
84276bdffffffff,2023,42,174.64188450127841,52.811944001633833
8428811ffffffff,2023,42,0.57434806972742081,26.77877951283352
8428811ffffffff,2023,51,0.19113336503505707,39.000175882529184
8428811ffffffff,2023,53,3.6352137997746468,29.314872304036594
842884dffffffff,2023,42,766.94789046764959,73.97725463256738
842884dffffffff,2023,53,1.7757725343108177,35.959983969130171
84268adffffffff,2023,53,0.14159692823886871,35
8427ae7ffffffff,2023,42,0.95544492080807686,29.309558706693824
8427ae7ffffffff,2023,51,835.95172238349915,65.000541663575575
8427ae7ffffffff,2023,52,10337.611373924783,75.298354802151451
8427ae7ffffffff,2023,53,12325.286504376927,80.279194457201172
84270bbffffffff,2023,42,1.1000038981437683,58.329768992722464
84270bbffffffff,2023,53,0.12215142697095871,18.500001250389833
8427489ffffffff,2023,42,567.35060585719691,70.257535378285638
8427489ffffffff,2023,53,2.627776212990284,29.750199513514474
84489a3ffffffff,2023,42,0.076508030295372009,18
84489a3ffffffff,2023,53,0.15313898026943207,39.532046370029022
8426629ffffffff,2023,42,0.13631656020879745,21.498978115498829
84269c9ffffffff,2023,42,1.3212001025676727,33.474922127002323
8426aedffffffff,2023,42,2.0768677368760109,30.509796614572767
8427905ffffffff,2023,51,377.612680639385,69.089066712919816
8427905ffffffff,2023,52,24.128902554760376,37.290935971023842
8427905ffffffff,2023,53,1397.071334322133,79.350790552301049
8428913ffffffff,2023,51,0.062702946364879608,29
8428913ffffffff,2023,52,0.87783556431531906,34.856603115087331
8428913ffffffff,2023,53,0.25110892951488495,41.5155065369028
8412d87ffffffff,2023,42,1.6125573441386223,32.371594276481318
8412d87ffffffff,2023,51,1.0142317451536655,26.41362243203368
8412d87ffffffff,2023,52,0.89533805474638939,24.535405735793677
8412d87ffffffff,2023,53,2.5719972589144522,25.880202416192549
842ad47ffffffff,2023,42,0.88160167634487152,37.654215882224392
842ad47ffffffff,2023,53,0.29361902177333832,19.250652505255289
84279b1ffffffff,2023,42,153.58121185004711,46.926242627883923
84278bbffffffff,2023,51,2.5000464916229248,30.107068094298516
8412d99ffffffff,2023,51,0.53497505933046341,44.999069594967693
8412d99ffffffff,2023,53,0.53472926840186119,28.667628522011885
842aa8bffffffff,2023,42,176.68739412724972,56.568966737644359
842aa8bffffffff,2023,53,0.070126205682754517,21
84489dbffffffff,2023,42,0.15490376949310303,32
8426199ffffffff,2023,53,0.27294997125864029,20.249614757583139
8428ac5ffffffff,2023,51,0.19842462241649628,22.333251201876593
8428ac5ffffffff,2023,52,0.19833189994096756,17.998197722833169
8428ac5ffffffff,2023,53,1.5214159116148949,24.343043234164192
844458bffffffff,2023,53,0.075088381767272949,19
8448cc7ffffffff,2023,42,0.22259420156478882,31
8444eb3ffffffff,2023,53,0.073924824595451355,27
8428a9dffffffff,2023,53,0.064781203866004944,39
8426c3bffffffff,2023,53,0.66305995732545853,36.4438425401616
84288d7ffffffff,2023,42,580.67189477934846,62.428791152850273
84288d7ffffffff,2023,53,514.5304055167619,71.342220808503441
84441e7ffffffff,2023,42,0.23860981315374374,67.666572096687318
84441e7ffffffff,2023,53,0.079499825835227966,37
842621bffffffff,2023,42,47.529334807863428,35.048040414091986
842621bffffffff,2023,53,58.386690494564235,31.005746526508585
842a959ffffffff,2023,42,0.20495173335075378,29.000132033568516
842656dffffffff,2023,53,0.069186612963676453,21
8426a89ffffffff,2023,42,50.286823657359562,34.312656252211546
8426a89ffffffff,2023,51,82.574635564842652,60.725489957086239
8426a89ffffffff,2023,53,726.48802266868893,61.861204053852894
8444433ffffffff,2023,53,1.288063682615757,57.358045851209049
8426cc3ffffffff,2023,53,0.2228802964091301,40.999202025426676
8427411ffffffff,2023,42,310.9724398170909,58.759282071494553
8427411ffffffff,2023,53,0.96275850385427475,23.865553477597331
8444d07ffffffff,2023,42,1.281462699174881,26.527883430712514
8444d07ffffffff,2023,53,0.37700444459915161,28.994806729870032
84264bdffffffff,2023,53,4.19584309309721,38.454101592966175
8428181ffffffff,2023,42,0.92241750657558441,37.073982400776735
8429acbffffffff,2023,42,176.43913864344358,43.618832533006795
8429acbffffffff,2023,51,30.12007399648428,84.198669883221513
8429acbffffffff,2023,53,0.88369941711425781,24.001381380878044
8426355ffffffff,2023,42,44.12460309858708,33.284213270785955
8426355ffffffff,2023,52,0.12442348897457123,18
8426355ffffffff,2023,53,76.610340608028224,46.720700978237652
842ad0bffffffff,2023,42,0.28542968455482931,48.778868497806542
84279b7ffffffff,2023,42,42.276275290519585,40.171218995396714
8444c61ffffffff,2023,53,1.8995240926742554,23.643472945859209
8412cbdffffffff,2023,53,0.53356413543224335,43.2050958051836
8428b17ffffffff,2023,42,18.045752234815382,37.184615441295911
8428b17ffffffff,2023,53,3.0169494822621346,33.95508593803337
842ab53ffffffff,2023,42,246.75397133920706,70.362709275942123
842ab53ffffffff,2023,53,0.13362371921539307,48.5
842669dffffffff,2023,53,0.42691910266876221,29.833579819180809
8426369ffffffff,2023,42,474.43267799528206,79.9269936932761
8426369ffffffff,2023,52,19.705943176281806,53.049254127494955
8426369ffffffff,2023,53,297.35214853659272,62.113729794943239
8426325ffffffff,2023,53,6.2013755366206169,25.623278751734119
84489cdffffffff,2023,53,0.94030053168535233,34.659411499866
8444e19ffffffff,2023,42,0.23065310716629028,32.333410815312853
8444e19ffffffff,2023,53,10.385966405272484,33.78751896150559
8426229ffffffff,2023,42,5.2031590193510056,32.395571669758624
84489b7ffffffff,2023,53,0.98617028445005417,80.604475930261771
8428d69ffffffff,2023,42,1.097499180585146,29.77903230110152
8428d69ffffffff,2023,53,3.4141195341944695,31.086244919851417
8428b2dffffffff,2023,42,0.13249723613262177,26
8428b2dffffffff,2023,53,36.677350707352161,59.900945470205912
8426c2dffffffff,2023,53,1.527803398668766,64.090419650946
84289a1ffffffff,2023,52,0.1217268779873848,27
84289a1ffffffff,2023,53,0.485770083963871,26.623688389677767
8448debffffffff,2023,42,2.1382837519049644,46.550120075539695
8426c85ffffffff,2023,53,0.22491224855184555,94.333334702566589
84261abffffffff,2023,42,0.20486591011285782,26.333334654707045
84279e9ffffffff,2023,42,0.12441865354776382,42
84279e9ffffffff,2023,51,21.031359117478132,58.785371425546046
84279e9ffffffff,2023,52,6.2150956876575947,58.003328458772621
84279e9ffffffff,2023,53,87.655424626259247,77.75171457040743
8444535ffffffff,2023,53,0.15292303264141083,24
8426a5bffffffff,2023,51,0.1957884207367897,23.332843549826347
8426881ffffffff,2023,42,84.679660836125109,40.191614521866406
8426881ffffffff,2023,53,0.91140818578355454,45.175969269941092
8426469ffffffff,2023,42,0.34704631567001343,35.399780093365855
8448d65ffffffff,2023,53,0.15168388187885284,26.5
842a86dffffffff,2023,42,0.0680440291762352,45
842799bffffffff,2023,42,0.12745055556297302,35
842799bffffffff,2023,51,0.12721027433872223,22.500167273109781
842799bffffffff,2023,52,0.69982846081256866,36.363632165124557
842799bffffffff,2023,53,0.063574701547622681,26
8427ad1ffffffff,2023,42,33.37643139064312,31.327006911536319
8427ad1ffffffff,2023,53,239.81818315671649,46.160270963393323
842a327ffffffff,2023,42,2.3232957869768143,46.743027803431389
8427aadffffffff,2023,42,36.871644508093596,46.5079718784795
8427aadffffffff,2023,51,92.842449676566844,36.326261990810742
8427aadffffffff,2023,52,2079.9184319089441,65.127505303668542
8427aadffffffff,2023,53,4695.2153274728535,75.678378889028025
8426235ffffffff,2023,42,101.37415058481342,56.97490473212747
8426235ffffffff,2023,53,1.7884598225355148,22.390356488358375
8428883ffffffff,2023,42,1652.0066655016706,52.551283900256919
8428883ffffffff,2023,51,0.24729739502072334,20.990764948743429
8428883ffffffff,2023,53,1291.8588033619319,49.662720794181531
8428b19ffffffff,2023,42,1458.80155313164,69.848799906104574
8428b19ffffffff,2023,53,201.22123478285823,62.095223067955914
8448d37ffffffff,2023,42,1.1853502318263054,41.125208649686478
8426ac5ffffffff,2023,42,8144.978694591131,72.258633613705655
8426ac5ffffffff,2023,51,0.49736828327763316,25.752074267314711
8426ac5ffffffff,2023,53,38.586228609085083,58.633249246088972
8426805ffffffff,2023,42,0.956225611269474,30.358245915697918
8428b09ffffffff,2023,42,18.498200118541718,27.349815103626522
8428b09ffffffff,2023,53,0.20048939436674118,34.002072894613747
842aad9ffffffff,2023,42,14.449688501656055,31.949020066682216
84275e7ffffffff,2023,42,0.39040981233119965,71.983736386763042
84275e7ffffffff,2023,53,0.0653809979557991,28
844899dffffffff,2023,42,0.15400507301092148,32.000001402985191
8426f1bffffffff,2023,42,5.2572465986013412,41.027849797229706
842aa8dffffffff,2023,42,5.0766072645783424,37.712612149287146
8412de7ffffffff,2023,42,2.3684854619205,31.151374367273803
8412de7ffffffff,2023,51,0.059106305241584778,23
8412de7ffffffff,2023,52,0.059132847934961319,21
8412de7ffffffff,2023,53,1.5396932363510132,25.575252399506869
8448c07ffffffff,2023,42,0.22573933005332947,33.002003484033054
8429a93ffffffff,2023,42,13.569534718990326,29.337712214032024
8429a93ffffffff,2023,51,1.7236761972308159,32.74902549689417
8429a93ffffffff,2023,53,0.071794338524341583,15
842755bffffffff,2023,42,29.61583541953096,41.469450614702552
842755bffffffff,2023,53,14.162964176386595,35.434588201443091
84262a1ffffffff,2023,42,4.2751113399863243,36.39625724925444
84262a1ffffffff,2023,53,10.123107068240643,48.781482976507569
8426103ffffffff,2023,42,57.546496376395226,69.477205355934728
8426103ffffffff,2023,51,1.4498002082109451,34.5026019162759
8426103ffffffff,2023,53,5.5268585607409477,30.598008918005668
842ab51ffffffff,2023,42,0.13317413628101349,53
84289c1ffffffff,2023,53,0.0625200942158699,29
84489e1ffffffff,2023,42,0.15518201142549515,19.00131005224317
84276e7ffffffff,2023,42,49.110482588410378,52.770621978038513
84276e7ffffffff,2023,53,2.211632639169693,33.401590174202354
8444d35ffffffff,2023,42,0.074779324233531952,18
8444d35ffffffff,2023,53,1.8709828779101372,34.119378750807819
84279d5ffffffff,2023,51,0.12535518407821655,27.999270247742512
84279d5ffffffff,2023,52,1.8802336975932121,30.399202225211816
84279d5ffffffff,2023,53,16.073462015068998,50.277628871599305
8426865ffffffff,2023,42,0.27093642204999924,36.25375394571256
842a12dffffffff,2023,42,1.6258166581392288,51.497867954206193
842b895ffffffff,2023,42,1.120355948805809,30.175515687367358
842b895ffffffff,2023,53,0.065948575735092163,23
8427ac7ffffffff,2023,42,1.4825004749000072,23.963184750635971
8427ac7ffffffff,2023,51,3.3737566918134689,32.537805067571988
8427ac7ffffffff,2023,52,197.11767183989286,54.638491957771087
8427ac7ffffffff,2023,53,2473.24017802471,64.328687424833561
8444dd5ffffffff,2023,42,0.14738114178180695,21.500234718263769
84444cdffffffff,2023,53,58.061492912471294,76.506949817261713
84281a3ffffffff,2023,42,0.777622401714325,29.500156835185717
8428a07ffffffff,2023,53,0.066778369247913361,27
8426b39ffffffff,2023,42,3.6687216386198997,31.998260142200156
8412d83ffffffff,2023,42,0.11887986958026886,18
8412d83ffffffff,2023,51,0.53523056209087372,25.219852742504848
8412d83ffffffff,2023,52,1.0134377591311932,23.705369063356382
8412d83ffffffff,2023,53,0.83371508121490479,27.350230811004575
8448b17ffffffff,2023,42,0.88241417706012726,37.908810791442093
8448b17ffffffff,2023,53,11.684671350641578,45.467546125459521
8427565ffffffff,2023,42,0.37156335264444351,47.353762690722142
8427565ffffffff,2023,53,2.6060464531183243,29.234978843730186
84274a3ffffffff,2023,42,0.2002398818731308,24.667311436461922
8444455ffffffff,2023,53,0.077303983271121979,100
842af05ffffffff,2023,42,4.3973713666200638,27.639641903930787
84444c7ffffffff,2023,53,1.8905757442116737,72.157984037763711
8428b0bffffffff,2023,42,931.39080069988381,66.351180090942961
8428b0bffffffff,2023,53,49.488808605600809,64.932803759013936
8448ea7ffffffff,2023,42,0.67734390497207642,26.777540655995782
842ab3dffffffff,2023,42,0.0674208551645279,19
8426ca1ffffffff,2023,53,1.5093847960233688,86.3493701333
8427459ffffffff,2023,42,0.1248445026576519,40.992936825037418
8428a33ffffffff,2023,42,0.98820964992046356,35.331370496715749
8428a33ffffffff,2023,53,0.13169050216674805,51
842619bffffffff,2023,53,2.6034025996923447,26.71052798726787
8426835ffffffff,2023,42,5.9615156948566437,35.033947146661482
84266c9ffffffff,2023,42,2.5726790130138397,50.189188535232113
8426f61ffffffff,2023,42,161.46152570098639,62.809879903018164
8426f61ffffffff,2023,51,0.83689336478710175,34.166378009650238
8426f61ffffffff,2023,53,125.57192786403147,62.093244157684609
84271d1ffffffff,2023,42,7.9625605382025242,28.208998935676394
84271d1ffffffff,2023,53,0.2380300760269165,20.498455013694816
8427933ffffffff,2023,51,0.31138110533356667,25.597454345346442
8427933ffffffff,2023,52,0.56117173656821251,32.888472985614932
8427933ffffffff,2023,53,0.99727771803736687,42.758489808951765
8427811ffffffff,2023,42,0.7332027442753315,49.490290398959367
8427811ffffffff,2023,51,357.5532965186618,58.295838055157581
8427811ffffffff,2023,52,2868.0924468903131,81.108128248352884
8427811ffffffff,2023,53,5632.1646088936459,81.11025566223482
8426ab1ffffffff,2023,42,0.0692017525434494,30
8426ab1ffffffff,2023,53,14.109745889902115,38.994341673735626
84445a3ffffffff,2023,53,0.89300033450126648,40.502080279750594
84278b3ffffffff,2023,51,0.064179733395576477,24
84269abffffffff,2023,42,1.7033700474337037,43.644094918040373
84268c3ffffffff,2023,42,0.1400962620973587,40
84268c3ffffffff,2023,53,0.84047382324934006,33.416140288102405
8426d11ffffffff,2023,53,1.54425248503685,46.960189449251843
84271bbffffffff,2023,42,6434.3665758400421,73.999815749307132
84271bbffffffff,2023,53,4.762357372790575,39.3131399575017
84441b5ffffffff,2023,53,1.3339576870203018,40.297535321145013
8444521ffffffff,2023,42,1.3082131072878838,34.942800856365096
8444521ffffffff,2023,53,2.3092239424586296,38.900475684568313
8426051ffffffff,2023,42,8.3144660145044327,30.941242324340529
8426051ffffffff,2023,53,4.1628098338842392,24.704395542936762
8444d03ffffffff,2023,42,0.30105775594711304,29.503189919600644
8444d03ffffffff,2023,53,1.4306786805391312,23.523766482461461
842ad4dffffffff,2023,42,0.29139965027570724,53.255145617732751
842ad4dffffffff,2023,53,0.072903640568256378,30
8448999ffffffff,2023,42,0.997929573059082,30.231577669496993
8448999ffffffff,2023,53,0.15373581647872925,28.007562249467775
8427593ffffffff,2023,42,0.13355393707752228,19
8427853ffffffff,2023,42,34.275968383997679,43.725481532453372
8427853ffffffff,2023,51,224.35254956036806,80.9688736436626
8427853ffffffff,2023,52,1391.9084043991334,69.141947409987154
8427853ffffffff,2023,53,3385.34253809005,79.98939434830173
84288b1ffffffff,2023,42,170.44602959411694,65.039678572144112
84288b1ffffffff,2023,51,8.76745866984129,36.382537404345
84288b1ffffffff,2023,52,0.24386433511972427,26.756418587355803
84288b1ffffffff,2023,53,985.66410524890409,75.636763352331613
84275b3ffffffff,2023,42,61.225982281185836,45.564947161445396
84275b3ffffffff,2023,53,10.468963541090488,40.280715575439459
8448d89ffffffff,2023,42,4.0426918938755989,36.760737219611173
8448867ffffffff,2023,42,1.430747427046299,32.77722514612941
8448867ffffffff,2023,53,0.87385544925928116,48.633872473712813
8444f01ffffffff,2023,42,0.38702597469091415,79.99307902916479
8444f01ffffffff,2023,53,0.077536016702651978,30
842a929ffffffff,2023,42,0.068686656653881073,27
8427ab9ffffffff,2023,42,520.3315668387886,74.785629302653064
8427ab9ffffffff,2023,51,2.0131291900487507,27.792762570213579
8427ab9ffffffff,2023,52,204.42231830443237,52.479591020815221
8427ab9ffffffff,2023,53,1059.3099361468035,69.386265748112748
8426a05ffffffff,2023,42,0.32793273776769638,51.989157408917222
842ad03ffffffff,2023,42,0.15919884469579249,51.729850987884809
842ad03ffffffff,2023,53,0.074309438467025757,39
84279d9ffffffff,2023,42,12.003384735435247,48.554422772766976
84279d9ffffffff,2023,51,238.19692160561681,79.7436086145804
84279d9ffffffff,2023,52,130.61396808922291,74.50882446781273
84279d9ffffffff,2023,53,301.37777970433234,68.84687082262036
8444c69ffffffff,2023,42,0.22916650772094727,53.682440017311805
8444c69ffffffff,2023,53,0.076194986701011658,25
8444e15ffffffff,2023,42,1.8396834880113602,44.747275139422932
8444e15ffffffff,2023,53,9.4981716200709343,50.612214036628451
842af31ffffffff,2023,42,5.4822887256741524,59.479928769623015
842670dffffffff,2023,42,0.067638151347637177,29
842670dffffffff,2023,53,1.7591248601675034,36.117706002253854
842610dffffffff,2023,53,0.58474967628717422,27.333712817297915
84274d1ffffffff,2023,42,557.16825441098683,67.722215761124687
84278d9ffffffff,2023,42,1.1800540462136269,39.84587096653906
84278d9ffffffff,2023,51,94.009920280426741,62.683753250557636
84278d9ffffffff,2023,52,10.651488199830055,32.162774253419627
84278d9ffffffff,2023,53,302.14908025974739,67.839495062776379
8426251ffffffff,2023,42,26.295687906444073,45.885151200330078
8426251ffffffff,2023,53,44.199401549994946,44.87599263733096
84275cdffffffff,2023,42,1674.0681141053051,69.750347544423263
84275cdffffffff,2023,53,707.91664456172907,70.4187527311932
842889dffffffff,2023,42,63.3548948291616,52.831792681771894
842889dffffffff,2023,53,8.6339066216466467,30.888416820559513
84445b7ffffffff,2023,53,0.73751451820135117,54.198231872111805
8429a8dffffffff,2023,42,20.684251852333546,29.609771796764832
8429a8dffffffff,2023,51,15.529615499079227,31.188815309782548
8429a8dffffffff,2023,53,25.372353576123714,38.725442683774538
842622dffffffff,2023,42,21.445487583750019,33.980046926993793
842622dffffffff,2023,53,2.7518524639308453,30.022517747049275
842782dffffffff,2023,52,1.5107856132090092,32.639826353659245
842782dffffffff,2023,53,5.862526535987854,32.608384548445493
8427a93ffffffff,2023,42,2446.7720380714709,77.754469653862657
8427a93ffffffff,2023,52,0.30645358189940453,19.802509249388368
8427a93ffffffff,2023,53,1110.9936686344445,69.4634580030691
8428131ffffffff,2023,42,0.20039425045251846,52.666909970051449
84288c5ffffffff,2023,42,162.12409120324781,53.115288269729966
84288c5ffffffff,2023,51,340.24928392002397,65.4608430727136
84288c5ffffffff,2023,52,48.063661590218544,46.004005140938048
84288c5ffffffff,2023,53,137.31646076589823,55.427225533255047
84264a5ffffffff,2023,53,0.80525784939527512,32.7255029772933
842893dffffffff,2023,51,25.305665858089924,36.096464992089928
842893dffffffff,2023,52,6.9429010278161831,33.2066352662146
842893dffffffff,2023,53,1487.6472300275286,69.243208222620069
84269cdffffffff,2023,42,12.395375438034534,39.376519170722851
842a165ffffffff,2023,42,0.40226057916879654,34.330018867578204
8426033ffffffff,2023,53,0.80260221660137177,39.087020099598377
842636dffffffff,2023,42,156.52859171852469,52.523149142538429
842636dffffffff,2023,51,75.650351833552122,52.977332044826959
842636dffffffff,2023,53,23.38003650529712,32.820755259273511
84288e3ffffffff,2023,42,1.12020942568779,38.333031585806225
84288e3ffffffff,2023,51,1055.5889196515377,81.458815152129588
84288e3ffffffff,2023,52,18.821881200650743,34.928907709672885
84288e3ffffffff,2023,53,1291.9370101559539,82.683695464255365
842815dffffffff,2023,42,1.4453126639127731,27.425300864365969
842ad29ffffffff,2023,42,41.896435538869277,62.761742760929458
842ad29ffffffff,2023,53,4.8676395937800407,46.81653027780829
84274cbffffffff,2023,42,2302.7912667749265,78.88240324021335
84274cbffffffff,2023,53,0.0649879053235054,21
8426dbbffffffff,2023,42,0.91240618377923965,32.251057542075507
8426f65ffffffff,2023,42,47.466130889952183,70.8695432462383
8426f65ffffffff,2023,53,33.784637913107872,29.689736213765322
84279e3ffffffff,2023,42,3.2102102786302567,40.90204160619075
84279e3ffffffff,2023,52,0.31427657604217529,35.198201092384416
84279e3ffffffff,2023,53,58.218091783395,72.571386206634543
8428847ffffffff,2023,42,1.2374011427164078,32.475513647934925
8428847ffffffff,2023,53,0.45556197315454483,36.709299625724263
8428b31ffffffff,2023,42,0.45610304176807404,34.142934441502746
8428b31ffffffff,2023,53,97.885038077831268,92.6424906017925
842a95bffffffff,2023,42,0.068528227508068085,35
8426aa9ffffffff,2023,42,2.0406901463866234,33.999379003321309
8412c95ffffffff,2023,51,622.02583564245231,76.73322213416175
8412c95ffffffff,2023,52,2064.9175743336477,71.070071944693936
8412c95ffffffff,2023,53,1798.7636764256251,74.354641799847357
8448eadffffffff,2023,42,160.23836145550013,74.803220725668211
8426d99ffffffff,2023,42,0.22573322802782059,35
8444f13ffffffff,2023,42,0.22944708913564682,25.995168182795439
8444f13ffffffff,2023,53,0.68901735544204712,32.334906418739507
8444c59ffffffff,2023,53,1.2149351760745049,42.878353871530379
842683dffffffff,2023,42,0.069279745221138,48
842a945ffffffff,2023,42,11.479917965829372,48.658721315068647
84262e7ffffffff,2023,42,5.0077022686600685,39.972883600620129
84262e7ffffffff,2023,53,115.73953859940464,47.719968199177075
8444eb9ffffffff,2023,53,0.44722036272287369,28.167283657827273
8448d31ffffffff,2023,42,0.81626089662313461,41.63691012806585
8412cb5ffffffff,2023,52,0.059879064559936523,25
8412cb5ffffffff,2023,53,0.83714285865426064,40.854357648941964
8426c81ffffffff,2023,42,0.22518409043550491,30.666654545934602
8426c81ffffffff,2023,53,0.075102448463439941,35
842898dffffffff,2023,42,0.12381170690059662,28.000004934489834
842898dffffffff,2023,51,0.1237461194396019,28
842898dffffffff,2023,52,2.4092408195137978,35.156039473232092
842898dffffffff,2023,53,4.8161684100388307,38.43216448827571
8444505ffffffff,2023,42,0.077293910086154938,32
8444505ffffffff,2023,53,0.30840417742729187,40.999864325895381
842ab6dffffffff,2023,42,8271.3254492325523,84.745467380231375
8448b33ffffffff,2023,42,0.15980470180511475,30.499539923866443
8448b33ffffffff,2023,53,4.2091584302046723,43.3871849527166
8426131ffffffff,2023,42,0.26605619490146637,24.502389030939646
8426131ffffffff,2023,53,0.066474594175815582,32
842892bffffffff,2023,51,1.6419443488121033,36.876568205253122
842892bffffffff,2023,52,16.315344505012035,33.729939199326445
842892bffffffff,2023,53,46.190547854818554,72.3207597385126
84274b3ffffffff,2023,42,1.3483961969614029,24.697151963882771
8428ab3ffffffff,2023,42,0.063540399074554443,19
8428ab3ffffffff,2023,53,6.9232768043875694,53.500393156573431
8428d29ffffffff,2023,42,0.17969534918665886,23.000830033574296
8428d29ffffffff,2023,53,0.05987781286239624,22
842a915ffffffff,2023,42,2.7033577412366867,36.494139310462543
8448c1dffffffff,2023,42,0.90314461290836334,39.750829352778233
84264edffffffff,2023,53,0.071783602237701416,17
8426311ffffffff,2023,51,0.19017133116722107,14
8426311ffffffff,2023,53,0.44418800622224808,25.276078067486605
8428ad1ffffffff,2023,53,0.13122181594371796,21
842745bffffffff,2023,42,7.57150162756443,48.107616273220167
842745bffffffff,2023,53,0.37863178551197052,22.00053287053619
842ab11ffffffff,2023,42,0.13515464961528778,24.000113780757051
842698bffffffff,2023,42,0.14183285087347031,29.004821688964292
8426d0dffffffff,2023,53,9.2084124237298965,28.698550285518333
8444d19ffffffff,2023,42,0.45152296870946884,20.166761649173985
8444d19ffffffff,2023,53,4.8917939737439156,30.768899468157077
8426223ffffffff,2023,42,45.852675043046474,76.827074405751489
8426257ffffffff,2023,42,1810.9283645562828,79.655438654005451
8426257ffffffff,2023,53,1032.2081274501979,67.829520437582573
84489a1ffffffff,2023,53,0.38407237827777863,28.401576920837098
842a913ffffffff,2023,42,0.0697399154305458,36
84262d7ffffffff,2023,53,0.58728664368391037,38.777713488505235
8426b59ffffffff,2023,42,0.71502620726823807,34.544524282912327
8428b29ffffffff,2023,42,0.066185697913169861,26
8428b29ffffffff,2023,51,107.44302341713041,80.159580908083271
8428b29ffffffff,2023,53,0.26532357186079025,22.996152831669718
84278b9ffffffff,2023,53,0.1905054897069931,18.333187793727255
84262bdffffffff,2023,53,0.7948269322514534,47.090272114611317
8428ac1ffffffff,2023,53,0.3975384309887886,37.51076793441424
8428905ffffffff,2023,51,4.8310975730419159,36.329171552268356
8428905ffffffff,2023,53,1.2092069238424301,36.844613313445841
84281b1ffffffff,2023,42,0.12967501580715179,40
8428d15ffffffff,2023,42,2.5663479380309582,29.163979480648781
8428d15ffffffff,2023,53,0.11944068968296051,26
842aa5bffffffff,2023,42,0.87444600462913513,37.466786558128391
844443dffffffff,2023,53,0.45899917185306549,65.998638959893171
84288d1ffffffff,2023,42,123.76729848235846,53.677183554767261
84288d1ffffffff,2023,53,69.644340537488461,31.823572094301777
842888bffffffff,2023,42,675.26183561129017,46.014467891622921
842888bffffffff,2023,51,0.062494531273841858,22
842888bffffffff,2023,53,1100.4412001795042,48.804623905926007
8444e03ffffffff,2023,53,23.018655434250832,32.903384926369888
84489ddffffffff,2023,53,0.70011530071496964,24.444458699905823
8426115ffffffff,2023,42,185.44357592612505,73.884531418493779
8426115ffffffff,2023,51,0.65955833345651627,32.998607740117272
8426115ffffffff,2023,53,1.4525423273444176,23.363550137132595
842813bffffffff,2023,42,0.40071597695350647,26.50039813556608
842813bffffffff,2023,53,0.40047881752252579,43.333377871743778
842b1a1ffffffff,2023,42,0.063991561532020569,40
8428ab1ffffffff,2023,42,0.31977944076061249,27.799288537973027
8428ab1ffffffff,2023,53,2.8116225451231003,33.814445671152249
842719dffffffff,2023,42,13546.771869186954,79.223094668604347
8448d87ffffffff,2023,42,1.818185992538929,45.321033915306622
8444eb7ffffffff,2023,53,0.73953929543495178,33.800749681007169
84262adffffffff,2023,42,0.52217875421047211,35.139218007635975
84262adffffffff,2023,53,3.5388371901184903,39.287307784626265
842a84dffffffff,2023,42,7.4694739863276478,40.238806652451892
842748dffffffff,2023,42,915.23514413702139,70.269353236436245
842748dffffffff,2023,53,1.9668987020850182,27.863512784966478
842636bffffffff,2023,42,1349.3273854391978,76.970582487962133
842636bffffffff,2023,51,0.12422694265842438,21
842636bffffffff,2023,52,0.80530809238553047,28.309701360129
842636bffffffff,2023,53,89.156511781802948,43.752539482362138
8444ec1ffffffff,2023,53,0.076054729521274567,30
842646bffffffff,2023,42,0.13936643302440643,21
8426957ffffffff,2023,42,0.6171153336763382,31.777295400924363
8426187ffffffff,2023,53,1.0921763107180595,26.689486341726035
8427991ffffffff,2023,42,0.12766797840595245,27
8427991ffffffff,2023,53,0.127273790538311,33
842836bffffffff,2023,42,110.56817997246981,57.086207268845229
842836bffffffff,2023,51,9.5871064811944962,29.46062645032427
842836bffffffff,2023,53,64.624771200120449,60.575961026415278
8448c43ffffffff,2023,42,146.11522892862558,71.4773886689601
8426ab3ffffffff,2023,42,0.90078045427799225,41.0744306158146
8426ab3ffffffff,2023,53,22.138407163321972,37.361063841103253
8426a29ffffffff,2023,42,95.13324611634016,70.795413148670434
8426a5dffffffff,2023,42,0.12965910136699677,26
84276b9ffffffff,2023,42,17.114788255855153,58.080248495938839
8427817ffffffff,2023,42,625.86644438242206,71.483880045186325
8427817ffffffff,2023,51,1304.8020863572171,79.3133995469603
8427817ffffffff,2023,52,442.96379329154593,63.677705881540774
8427817ffffffff,2023,53,872.60214597693835,62.580763886139664
842a859ffffffff,2023,42,5.6405001655220985,34.131731966088807
8426ac1ffffffff,2023,42,1311.5886018900019,57.253399132603988
8426ac1ffffffff,2023,51,2.5281554911943043,25.482833581777328
8426ac1ffffffff,2023,53,28.08984020375738,35.590643875631692
842aa09ffffffff,2023,42,238.45912734991779,69.323023011533053
842aa09ffffffff,2023,53,0.20048969238996506,32.999977702851929
8426ad1ffffffff,2023,42,53.994383916258812,32.954566947779824
8426ad1ffffffff,2023,51,3.3857675790786743,26.819163197383045
8426ad1ffffffff,2023,53,16.239621102809906,29.409741071290245
8444ee7ffffffff,2023,53,0.15118003636598587,38.5063917124804
8428939ffffffff,2023,51,6.4865487068891525,36.403204152886715
8428939ffffffff,2023,52,9.6439814538055781,31.733727483874798
8428939ffffffff,2023,53,14.376808777451515,30.187652368977993
8427195ffffffff,2023,42,21439.82351477681,82.8995500746755
842b1e7ffffffff,2023,53,3.361661970615387,39.093872599530393
84260c7ffffffff,2023,53,0.33545464277267456,21.798127263794655
842834dffffffff,2023,42,47.462891824543476,27.528702673208809
842834dffffffff,2023,51,2.229277491569519,23.709844751767797
842834dffffffff,2023,53,18.54719328135252,28.027395704233619
8426157ffffffff,2023,42,0.72051172703504562,23.636361972454353
8426157ffffffff,2023,51,5.266311177523697,30.550507495492646
8426157ffffffff,2023,53,5.4216122160063067,29.471397907200789
84266ddffffffff,2023,53,1.1224666610360146,31.248849295832844
8428b03ffffffff,2023,42,4633.5823413591761,74.041862042535172
8428b03ffffffff,2023,51,0.066135987639427185,28
8428b03ffffffff,2023,53,67.804256497878654,41.492451352492118
84261b1ffffffff,2023,53,0.069145694375038147,30
842aa33ffffffff,2023,42,14.74012341350317,44.182413224113823
8444d15ffffffff,2023,42,1.6480626910924911,27.908330598619173
8444d15ffffffff,2023,53,10.935608096420765,35.198215564512289
84275c9ffffffff,2023,42,123.58571982979774,39.446454289161693
84275c9ffffffff,2023,53,28.384476996958256,34.0660131509415
842b8a9ffffffff,2023,42,0.6482347697019577,41.208419755011107
842b8a9ffffffff,2023,53,0.25953333079814911,20.997834700112023
8427511ffffffff,2023,42,2.6769989058375359,33.024887512677367
8427511ffffffff,2023,53,11.902307205691057,38.958130419786194
842ad01ffffffff,2023,42,0.29556006193161011,37.762989911619535
8427a8dffffffff,2023,42,3.5821767821907997,25.91846370831885
8427a8dffffffff,2023,51,5.9056041724979877,30.545609538205952
8427a8dffffffff,2023,52,324.55599117279053,58.737412412915042
8427a8dffffffff,2023,53,2064.6973430467,70.1886186037444
84271dbffffffff,2023,42,3.0865931026637554,37.019207304657655
8444589ffffffff,2023,53,0.15045979619026184,17
8448ee1ffffffff,2023,42,1.3746607154607773,46.817915912405034
8426c83ffffffff,2023,53,0.075463272631168365,26
84268d5ffffffff,2023,42,0.14077682793140411,22.9999928022319
84268d5ffffffff,2023,53,0.492516353726387,39.143185601520841
8428acdffffffff,2023,52,0.13255082070827484,16
8428acdffffffff,2023,53,0.73160417377948761,40.827163209658409
8428869ffffffff,2023,42,1.6343607306480408,33.915878402983104
8428869ffffffff,2023,53,1.4387656822800636,35.727789828297048
8428f5dffffffff,2023,42,7.8197790458798409,39.486287099541045
8428f5dffffffff,2023,53,2.0999173086355714,27.353164485192011
842a943ffffffff,2023,42,1.1571847125887871,36.824183084585364
8426dc9ffffffff,2023,42,8.2599984481930733,34.169030749413317
8426dc9ffffffff,2023,53,1.6219425871968269,31.048108512443111
8426ac3ffffffff,2023,42,83.415987581014633,43.852476322856809
8426ac3ffffffff,2023,51,18.646105658657412,37.824603918331249
8426ac3ffffffff,2023,53,157.28947159647942,72.461159683219776
8444ea3ffffffff,2023,53,0.22379064559936523,33.336090096799005
842aa85ffffffff,2023,42,5.4348604455590248,39.601193483974107
842786dffffffff,2023,51,2.6080762818455696,28.86345673323142
842786dffffffff,2023,52,2861.4873167894489,62.998459687402473
842786dffffffff,2023,53,1260.6116844548606,58.1496746082065
8448c35ffffffff,2023,42,32.619379088282585,40.591256057152385
8429ac7ffffffff,2023,42,9.296884149312973,29.643950226911272
8429ac7ffffffff,2023,51,4.4618205949664116,24.59160059572509
8429ac7ffffffff,2023,53,133.704062089324,55.849257429361657
842b885ffffffff,2023,42,0.26058883219957352,42.000641675159
8427969ffffffff,2023,51,859.60103016524943,57.231261961329444
8427969ffffffff,2023,52,364.71643594697707,49.025404676037908
8427969ffffffff,2023,53,3013.2970748871412,60.424917523114182
8426d29ffffffff,2023,42,0.65714121609926224,42.33345601662748
842aa63ffffffff,2023,42,60.257443342021865,40.554379829810038
842aa63ffffffff,2023,53,75.2666695455418,66.1488329150991
8427185ffffffff,2023,42,2844.4445090267145,62.78171232919798
8427185ffffffff,2023,53,385.5743939466044,65.480923513842029
8427523ffffffff,2023,42,213.03312167341218,66.482017536106724
8427523ffffffff,2023,53,3.8772262632846832,29.672446318884305
8427889ffffffff,2023,42,0.249833382666111,26.494518605457959
8427889ffffffff,2023,51,53.810174226877734,34.076179102042161
8427889ffffffff,2023,52,2.6838632002472878,36.150969497503318
8427889ffffffff,2023,53,187.59839310283755,62.51937177614348
842671dffffffff,2023,42,0.89062967896461487,26.616444176732927
8428aedffffffff,2023,53,0.5939093753695488,36.444842656922667
8426d93ffffffff,2023,42,0.75940842926502228,32.499803749921732
8426d93ffffffff,2023,53,0.075921289622783661,22
8426a91ffffffff,2023,42,1393.053250439611,50.643705823094692
8426a91ffffffff,2023,51,17.372699595987797,25.832189570953084
8426a91ffffffff,2023,53,199.82234030322115,61.51232866788343
8428991ffffffff,2023,51,2.9215416945517063,31.185981703274994
8428991ffffffff,2023,52,0.48653807118535042,30.499403996364002
8428991ffffffff,2023,53,0.66915140673518181,31.182070395585249
84489bbffffffff,2023,42,0.38114358484745026,27.999102162071143
84489bbffffffff,2023,53,1.2952068969607353,82.769799241573821
8427517ffffffff,2023,42,0.8963741660118103,74.559868137879008
842aae5ffffffff,2023,42,42.661333777244181,39.607340233066473
8412da3ffffffff,2023,42,0.90275325367555892,35.125908193390721
8412da3ffffffff,2023,51,1.6889671050012112,33.293226605473961
8412da3ffffffff,2023,52,0.541164755821228,26.444856702181394
8412da3ffffffff,2023,53,2.2259406037628651,24.08286942622393
8448d19ffffffff,2023,42,0.22494617849588394,31.000397757467972
84288a5ffffffff,2023,42,0.12290821224451065,24
84288a5ffffffff,2023,51,6052.1966811625243,75.384971680105991
84288a5ffffffff,2023,52,3149.1536756153191,73.352158092600661
84288a5ffffffff,2023,53,541.57914676507016,66.4711345748273
84275c7ffffffff,2023,42,702.12675048285257,67.986898406525583
84275c7ffffffff,2023,53,169.03913268952394,56.181370593825832
842aabbffffffff,2023,42,0.42493757605552673,31.831746296026541
8427587ffffffff,2023,42,14.969049857586038,31.895382762252744
8427587ffffffff,2023,53,58.039154753088951,52.733383304932268
8444f55ffffffff,2023,53,70.891617984456175,46.729764041032084
8426481ffffffff,2023,53,0.218797504901886,40.342083688272872
8426cb1ffffffff,2023,53,0.22747375816106796,30.004085550917395
8448c5bffffffff,2023,42,80.071544123367943,74.877361863292037
842aa1dffffffff,2023,42,17.950644582509995,31.557651978462882
8427599ffffffff,2023,42,388.11843108417941,63.823813833955811
8427599ffffffff,2023,53,13.696074813604355,30.702438850787207
84489cbffffffff,2023,42,0.31261333078145981,22.49707846497224
84489cbffffffff,2023,53,1.9505113139748573,57.847725065216267
8428899ffffffff,2023,42,117.98084420487285,34.237625495008956
8428899ffffffff,2023,51,0.12418880313634872,16
8428899ffffffff,2023,53,71.529484042247731,33.191834269568815
8426727ffffffff,2023,53,18.083345610253961,66.272382038788734
842af69ffffffff,2023,42,1.7819819003343582,31.276573449200878
8444ad5ffffffff,2023,53,0.079510323703289032,37
84276e3ffffffff,2023,42,224.0902938604647,58.418615860732928
84289a3ffffffff,2023,53,0.30268304049968719,34.597299696273986
8426d43ffffffff,2023,53,145.04552960395813,72.846491531967459
84262a7ffffffff,2023,42,0.26415816694498062,50.50149287644696
84262a7ffffffff,2023,53,1.3889581933617592,28.653036503638639
8426b63ffffffff,2023,42,0.065527230501174927,22
8412cbbffffffff,2023,51,545.11649039700342,68.2689009073072
8412cbbffffffff,2023,52,892.28945755385882,74.407183847175659
8412cbbffffffff,2023,53,3302.3023143015657,77.210798299626475
84488a7ffffffff,2023,42,0.15324121713638306,26.495764229795785
8426757ffffffff,2023,42,4.7582909911870956,27.085499552157927
842b8d3ffffffff,2023,53,0.13115216791629791,31
8428889ffffffff,2023,42,149.07598027912718,35.330935258774993
8428889ffffffff,2023,51,7.4947619736194611,24.17669547327235
8428889ffffffff,2023,52,0.12487529218196869,16.499645594833275
8428889ffffffff,2023,53,518.68831646170679,47.686663852836048
8426321ffffffff,2023,53,1.514936238527298,24.665748957489576
84265d9ffffffff,2023,53,9.9057281762361526,51.408123351905864
842884bffffffff,2023,42,581.49462167121055,48.410537020865256
842884bffffffff,2023,51,0.13082902133464813,22
842884bffffffff,2023,53,117.36053243261925,46.467479628473249
8448931ffffffff,2023,42,0.47008667886257172,25.999959267103293
842a33bffffffff,2023,42,8.1412679647990309,38.280330277962847
8448d25ffffffff,2023,53,0.6733672171831131,35.892907405664516
84274c9ffffffff,2023,42,362.41522431321005,59.279825501971935
84274c9ffffffff,2023,53,6.9943741485476494,30.156835661277853
8427aa7ffffffff,2023,42,0.12215787172317505,21
8427aa7ffffffff,2023,51,7.0985750951749438,35.565362874878737
8427aa7ffffffff,2023,52,26.089768949896097,32.768496852721164
8427aa7ffffffff,2023,53,177.99366400390863,68.686557092492961
8427801ffffffff,2023,51,287.30643061175942,69.717360683477608
8427801ffffffff,2023,52,1534.3397373027219,73.22299149578869
8427801ffffffff,2023,53,1940.3324063808309,78.188225454687839
8426c17ffffffff,2023,53,60.924109220504761,78.93465866007152
8426d4dffffffff,2023,42,0.49992629140615463,26.854869309396712
8426d4dffffffff,2023,53,0.14295358210802078,23.500703213988917
8448db3ffffffff,2023,42,1.2948701679706573,41.277699444537184
8448db3ffffffff,2023,53,0.071703866124153137,49
842aa93ffffffff,2023,42,4.4719615802168846,36.616958448842972
8426913ffffffff,2023,42,0.20928137004375458,46.330673242843261
842622bffffffff,2023,42,445.67460080183605,74.657205541559634
84279e7ffffffff,2023,51,0.18839250504970551,28.996578054224827
84279e7ffffffff,2023,53,8.68909938978214,37.660806679455675
8426285ffffffff,2023,42,2.1972960496650025,39.801383644043653
8426285ffffffff,2023,53,51.560146413743496,58.75193701998986
84278bdffffffff,2023,51,1.2076261043548584,36.790010455759365
84278bdffffffff,2023,52,0.12703819572925568,27
84278bdffffffff,2023,53,0.48478124325766281,43.245875622192152
8427423ffffffff,2023,42,480.22180650608209,50.711297203158253
8427423ffffffff,2023,53,30.676674887742482,32.5244821117231
8444ad7ffffffff,2023,53,0.079374074935913086,38
842aa39ffffffff,2023,42,27.827898446339017,42.683771580811282
842a147ffffffff,2023,53,0.067457236349582672,32
842aacbffffffff,2023,42,10.24894776192366,36.106139228074454
842aacbffffffff,2023,53,0.41482234746217728,28.999355455324583
8428107ffffffff,2023,53,11.721492585276856,48.423625641164108
842628bffffffff,2023,53,216.3372613364867,64.0208724889764
84445bdffffffff,2023,53,0.074360102415084839,23
84289e9ffffffff,2023,52,0.49795170500874519,39.504267056861593
84289e9ffffffff,2023,53,0.81129968538880348,30.92629494444758
8427859ffffffff,2023,42,0.41573207080364227,87.7142944357005
8427859ffffffff,2023,51,2010.1086349940913,79.805240052069038
8427859ffffffff,2023,52,12272.939397017397,82.525614433427933
8427859ffffffff,2023,53,10328.744483884846,82.3960432231856
84278c1ffffffff,2023,42,0.061812590807676315,20
84278c1ffffffff,2023,51,47.229694539483859,36.584218817687784
84278c1ffffffff,2023,52,500.00185798951514,78.163608450532749
84278c1ffffffff,2023,53,2238.7653079775328,72.769737217305135
84261cdffffffff,2023,42,2.2560708597302437,27.378589381561955
842b8a3ffffffff,2023,42,0.722151555120945,30.453717611955348
842b8a3ffffffff,2023,53,0.328051820397377,26.005104408616145
8426725ffffffff,2023,53,30.789117485518549,50.371896655539658
842693bffffffff,2023,42,0.069786064326763153,26
8444e43ffffffff,2023,53,0.077800728380680084,31
842648dffffffff,2023,53,15.796862185001373,56.370849575350839
8444503ffffffff,2023,53,0.076886497437953949,23
8426ac7ffffffff,2023,42,1264.1616749303598,58.641325033418426
8426ac7ffffffff,2023,51,2.7514386659159378,26.458418713477734
8426ac7ffffffff,2023,53,137.56747739294582,54.067176247279747
84445bbffffffff,2023,53,0.518474854528904,24.277050651905686
84278a3ffffffff,2023,42,0.25530505180358887,22.511138879109325
84278a3ffffffff,2023,51,0.44505330920219421,40.428352080096907
84278a3ffffffff,2023,52,0.76320990175008774,41.669503649287449
84278a3ffffffff,2023,53,2.1780523925143127,38.994846725589476
8427181ffffffff,2023,42,15350.828134307356,77.883585276564318
8427181ffffffff,2023,52,0.059972815215587616,17
8427181ffffffff,2023,53,60.5099554695189,74.438164454776938
8426109ffffffff,2023,53,1.5596464425325394,25.58399716733501
8448d61ffffffff,2023,53,0.075950630009174347,20
84268cdffffffff,2023,42,0.48457174748182297,31.713468635216834
8448c0dffffffff,2023,42,50.360397055745125,60.99027682146761
8448d95ffffffff,2023,42,0.14519162476062775,41.500164928012055
84260e9ffffffff,2023,42,0.13344669342041016,27
84260e9ffffffff,2023,53,0.13399131596088409,22
8448dabffffffff,2023,42,0.581363782286644,25.624342058266656
8427557ffffffff,2023,42,0.0630381628870964,45
8448837ffffffff,2023,42,0.39082876592874527,29.200983015356311
8448837ffffffff,2023,53,0.23439609259366989,32.334415380797608
8427803ffffffff,2023,51,494.23967712407608,73.678414044974147
8427803ffffffff,2023,52,651.25692189768233,68.5781419603144
8427803ffffffff,2023,53,456.17786884386754,70.0695178068257
8428c65ffffffff,2023,42,0.42989838868379593,16.285715706858504
8426d41ffffffff,2023,53,0.14346477389335632,28
8426dc5ffffffff,2023,53,1.1106781661510468,34.794681058302423
8426703ffffffff,2023,42,4.5704027392408424,33.406114738811631
842a93dffffffff,2023,42,0.48526308685541153,40.575525101300215
84489a9ffffffff,2023,42,0.0770571306347847,30
84489a9ffffffff,2023,53,0.077229395508766174,35
84274ddffffffff,2023,42,1265.2008135440303,67.469805704600816
84274ddffffffff,2023,53,0.1962675154209137,37.645795514334587
8428963ffffffff,2023,51,0.1912483423948288,30.000564028448725
8428963ffffffff,2023,53,0.063752993941307068,35
84289e5ffffffff,2023,51,1.6093928329646587,37.572853601672833
84289e5ffffffff,2023,52,0.2478424645960331,28.981195242035117
84289e5ffffffff,2023,53,2.2948863580822945,40.187207506604082
8444e3dffffffff,2023,42,1.9949149265885353,28.500168769383002
8444e3dffffffff,2023,53,3.6839685589075089,37.893540756651745
8427abdffffffff,2023,42,0.60929539427161217,22.500504397603013
8427abdffffffff,2023,51,63.37520589943901,49.320834285804047
8427abdffffffff,2023,52,12.526155197006815,36.298008332733339
8427abdffffffff,2023,53,307.30547676903069,75.513027662698818
8448c09ffffffff,2023,42,37.365539193153381,50.433743348243951
84271d7ffffffff,2023,42,2309.8326604162071,71.919548247264032
84271d7ffffffff,2023,53,0.059872496873140335,18
84278adffffffff,2023,51,4.7843104675412178,32.188696240185315
84278adffffffff,2023,52,3.5253565907478333,40.928017958508512
84278adffffffff,2023,53,11.459366784989834,41.694301901402817
8448c2dffffffff,2023,42,1.2042932063341141,28.123809791958053
8444d1bffffffff,2023,42,0.37479016184806824,16.99929748404703
8444d1bffffffff,2023,53,0.524646207690239,28.857311765646
84279e1ffffffff,2023,42,0.2500683069229126,25
84279e1ffffffff,2023,51,1.5003364644944668,31.872164544886527
84279e1ffffffff,2023,52,1.5630453042685986,38.922000654855118
84279e1ffffffff,2023,53,281.45819921829536,69.658381593503663
842af21ffffffff,2023,42,0.14495569467544556,54
842af21ffffffff,2023,53,0.072554007172584534,15
842ad49ffffffff,2023,42,0.29173817485570908,44.264672843684572
8426749ffffffff,2023,42,0.13344947993755341,25
84270adffffffff,2023,42,1.8582216426730156,41.579075683044032
842830bffffffff,2023,42,0.28293166309595108,20.004488465861712
842626dffffffff,2023,42,1329.8888032787863,74.711210203585139
842626dffffffff,2023,53,0.18452942743897438,16.666903930152074
842af35ffffffff,2023,42,0.073059596121311188,27
8426153ffffffff,2023,51,3.8567919954657555,30.640480966498245
8426153ffffffff,2023,53,8.30766432410946,29.863917179287213
842684bffffffff,2023,42,0.33631989359855652,32.399074463561128
842a169ffffffff,2023,53,24.260397993028164,60.462122200557715
84281b5ffffffff,2023,42,55.1998823669319,40.727906203668084
84281b5ffffffff,2023,53,34.649729669094086,71.826544436257009
84269b1ffffffff,2023,42,673.85337562309758,88.780117301732886
8444415ffffffff,2023,53,0.30586500465869904,69.502706899305977
84275bdffffffff,2023,42,3.5777786076068878,29.389290199279671
84275bdffffffff,2023,53,5.3666704249732629,30.663214391943253
8426d83ffffffff,2023,42,0.075527548789978027,35
8426d83ffffffff,2023,53,0.15057062357664108,36.000166211041908
8448d67ffffffff,2023,53,10.184821501374245,31.123561728723647
84489b3ffffffff,2023,42,0.15172282606363297,30.500011662799444
84489b3ffffffff,2023,53,2.2792756929993629,86.633970191573951
8426cebffffffff,2023,53,2.2317888885736465,36.49866112553655
8428d4bffffffff,2023,42,0.30607779696583748,25.401391648388682
842b899ffffffff,2023,53,9.350895069539547,36.115237303005493
842a93bffffffff,2023,42,1.9533774182200432,38.500582499563208
8427545ffffffff,2023,42,0.37007782235741615,27.991681937900008
8426b35ffffffff,2023,42,1.4762246459722519,51.406588196872406
842a947ffffffff,2023,42,0.20459025353193283,25.666666666666668
842aa6dffffffff,2023,42,254.35393374039265,40.689652537630884
842aa6dffffffff,2023,53,212.21369724431457,56.575522744221878
842aa99ffffffff,2023,42,81.730372129293045,70.0676678690665
842aa99ffffffff,2023,53,2.8866976499557495,26.0243204911136
84289a5ffffffff,2023,51,3.523511964827776,33.857767449870018
84289a5ffffffff,2023,52,100.89528908552784,92.565616126060135
84289a5ffffffff,2023,53,2.7001796153684454,39.690422898137157
84260d1ffffffff,2023,53,1.0123442336916924,32.66128282028518
8428aa7ffffffff,2023,53,0.12835624068975449,21
8426e4dffffffff,2023,42,0.06875186413526535,32
8426a3dffffffff,2023,42,0.13280247896909714,29.00148632942161
842880dffffffff,2023,42,0.38709499686956406,26.661972470759366
842880dffffffff,2023,53,0.19399920105934143,40.999241112995357
842614dffffffff,2023,53,31.379680426389555,59.195009476609115
84268e3ffffffff,2023,53,1.4091225564479828,82.703235974716719
84260d9ffffffff,2023,53,61.828472644090652,35.80549474055524
842798bffffffff,2023,51,1.7040528953075409,32.77290435883387
842798bffffffff,2023,52,7.0249805748462677,35.182010608357956
842798bffffffff,2023,53,109.16550628315,41.0491687852503
8427955ffffffff,2023,51,785.30319272346935,63.696665372659567
8427955ffffffff,2023,52,111.07290577888489,33.008597053131211
8427955ffffffff,2023,53,1189.6799766473912,56.566227481872573
84262cdffffffff,2023,42,8.1963795945048332,28.896645691159957
84262cdffffffff,2023,53,101.25084562021144,35.186027350368327
8444d99ffffffff,2023,42,0.29230472445487976,34
8444e55ffffffff,2023,53,0.38724115490913391,36.008349650910439
842616dffffffff,2023,53,1.0965963006019592,29.294085694766334
8426c25ffffffff,2023,42,0.14653775095939636,23
8426c25ffffffff,2023,53,2.1931535676121712,28.926355960573176
842680dffffffff,2023,42,1.0175577029585838,45.864818071203054
8426747ffffffff,2023,42,0.13496679067611694,26
8426747ffffffff,2023,53,0.13494253903627396,24
84275cbffffffff,2023,42,492.60661692651468,68.055115169827943
84275cbffffffff,2023,53,547.22266129042009,69.798623912797737
8444c65ffffffff,2023,53,2.9647104889154434,38.244065829696531
84261d9ffffffff,2023,42,0.13419070839881897,32
84261d9ffffffff,2023,53,0.33536148071289062,32.401965157492349
8426081ffffffff,2023,42,0.47518815845251083,34.153203386555148
8426081ffffffff,2023,53,0.13572729378938675,57.500001015534437
8427525ffffffff,2023,42,40.578973781507386,59.49274221414953
8427525ffffffff,2023,53,16.44463036635927,33.052444069891784
8412dadffffffff,2023,42,5.7681687556937629,41.127526944901284
8412dadffffffff,2023,51,0.059746038168668747,18
8412dadffffffff,2023,53,1.7863443823421703,37.566111292323946
8426d13ffffffff,2023,42,0.073950931429862976,47
8426d13ffffffff,2023,53,1.2547100335359573,29.7639045801257
8426c6bffffffff,2023,53,0.3602057471871376,44.000016547388611
8426de7ffffffff,2023,53,5.1564402505755424,40.404572052309213
842a89bffffffff,2023,42,0.21727334707975388,48.000605721122412
842818dffffffff,2023,42,1.3922283202409744,30.76493881395356
842818dffffffff,2023,53,0.1987573504447937,29.677421845831354
84275d7ffffffff,2023,42,67.755675666034222,37.017068555390395
84275d7ffffffff,2023,53,22.105572029948235,30.158865686752613
8448895ffffffff,2023,53,0.076880529522895813,52
842810bffffffff,2023,53,0.13569313287734985,50
84275d3ffffffff,2023,42,3.8252522498369217,44.501072943354743
8444a8bffffffff,2023,53,0.079283080995082855,37
8426d01ffffffff,2023,53,0.43674306571483612,23.663968140385055
84269e1ffffffff,2023,42,1.195743203163147,37.596603322217042
842af27ffffffff,2023,42,0.21800690889358521,54.668131035291665
842a85dffffffff,2023,42,4.1969944536685944,35.045263755339725
84281e9ffffffff,2023,42,0.26697345077991486,30.7518513743223
84281e9ffffffff,2023,53,0.33334073424339294,27.799605348527887
8428f0bffffffff,2023,42,105.57277189811656,39.371066400183729
8428f0bffffffff,2023,53,14.203414641320705,30.169339631084743
8426657ffffffff,2023,42,0.13705606013536453,27.001173611618107
8426485ffffffff,2023,53,0.510455422103405,28.996598560369577
842a949ffffffff,2023,42,13.5141836181283,36.936255919249142
842895bffffffff,2023,42,16.750014953315258,35.334020107371437
842895bffffffff,2023,53,0.25702478736639023,19.498126939446216
8426b41ffffffff,2023,42,0.19441049546003342,28.667693876616386
842623bffffffff,2023,42,4846.3727564644869,78.599041928997408
842623bffffffff,2023,53,836.95655852690629,63.730623384255708
8428b53ffffffff,2023,42,0.93417032063007355,32.714485757462036
8426447ffffffff,2023,53,0.0700192078948021,23
842836dffffffff,2023,42,40.64110434607548,37.116669982138816
842836dffffffff,2023,51,0.42895503342151642,25.000333487513412
842836dffffffff,2023,53,107.04941427707672,33.871713417330511
84264abffffffff,2023,53,0.51205875724554062,32.000906945898684
84262c9ffffffff,2023,42,48.379996761679649,49.242556013931448
84262c9ffffffff,2023,53,1769.5035406185423,66.88937817623821
8426107ffffffff,2023,42,0.13182678818702698,21
8426107ffffffff,2023,51,2.2419166341423988,20.912536206573691
8426107ffffffff,2023,53,456.17077410416857,73.962954145807487
8444e47ffffffff,2023,53,0.23311110585927963,21.999738778660955
842606dffffffff,2023,51,0.0641809031367302,26
842606dffffffff,2023,53,0.83554062247276306,26.684056293725114
84262b9ffffffff,2023,53,0.79384440183639526,40.842876907525387
8427845ffffffff,2023,51,1.2448883354663849,33.628283852172871
8427845ffffffff,2023,52,222.32208226141978,66.002581740211454
8427845ffffffff,2023,53,63.87869575472147,66.524957626145167
842a891ffffffff,2023,42,0.72539021074771881,52.697013110877535
842a891ffffffff,2023,53,0.94267301261425018,35.082782785765453
8426c05ffffffff,2023,42,23.059603243803274,63.641287816478496
8426c05ffffffff,2023,53,0.58070369809865952,32.006210642289204
8427403ffffffff,2023,42,0.19033315032720566,23.000006106611334
8426b0dffffffff,2023,42,0.06556980311870575,36
8448c05ffffffff,2023,42,32.93453124165535,40.241869567546239
842694bffffffff,2023,42,0.60803624242544174,39.887770567851
84278c5ffffffff,2023,42,1.2816703631013047,40.162595545855467
84278c5ffffffff,2023,51,39.271983854472637,39.686029456832223
84278c5ffffffff,2023,52,134.15673038363457,52.414668762448777
84278c5ffffffff,2023,53,945.878427181349,73.0579774030235
8426213ffffffff,2023,42,79.477135591208935,60.686728733264161
8426213ffffffff,2023,53,495.31081597615122,68.319567858614292
8426291ffffffff,2023,42,0.132339209318161,16
842aa35ffffffff,2023,42,3.4083581790328026,36.177043150882639
8428f4bffffffff,2023,42,583.2373755374083,51.304203486217936
8428f4bffffffff,2023,53,105.43972257524729,39.257482019047124
8427569ffffffff,2023,42,0.61756567656993866,34.701175650178307
8428aa9ffffffff,2023,42,0.064719192683696747,22
8428aa9ffffffff,2023,51,0.25928590446710587,21.000864521225324
8428aa9ffffffff,2023,53,1.6842461079359055,33.880746596217
8428f1dffffffff,2023,42,0.12597785890102386,32
84270b3ffffffff,2023,42,1.1717483811080456,42.635061623603583
84270b3ffffffff,2023,53,0.30653096735477448,44.400079748402419
8427821ffffffff,2023,51,0.36560152843594551,44.502733996034841
8427821ffffffff,2023,52,0.91331435739994049,42.713019457726013
8427821ffffffff,2023,53,5.052095927298069,46.893686943994851
842791dffffffff,2023,51,57.696990035298995,36.505626805244411
842791dffffffff,2023,52,325.10490838306794,69.844794105626519
842791dffffffff,2023,53,97.466290265321732,64.966026684040784
8429a85ffffffff,2023,42,0.072609744966030121,24
8429a85ffffffff,2023,51,2.6100149229168892,24.47211237507728
8429a85ffffffff,2023,53,48.281098142266273,68.541592995595536
8426d91ffffffff,2023,42,0.37839972227811813,25.8031435448144
842634dffffffff,2023,42,217.37845965847373,46.27121117297262
842634dffffffff,2023,52,10.594644773751497,36.555690103347239
842634dffffffff,2023,53,13.535145379120813,35.451915554336381
8426045ffffffff,2023,42,0.70575872808694839,26.727120800937168
8426045ffffffff,2023,53,21.550189711153507,53.806449521271929
842831dffffffff,2023,42,0.14100366830825806,14
842a851ffffffff,2023,42,1.7273047789931297,36.000013626074789
842ab5bffffffff,2023,42,376.90078313654544,58.294244674849764
842ab5bffffffff,2023,53,3.5233458802103996,39.266857567060818
8426827ffffffff,2023,42,0.27666662633419037,34.755601306914613
84269c1ffffffff,2023,42,4.6085541024804115,37.652523831873864
8427501ffffffff,2023,42,6.91612221300602,32.665139205056271
8428d17ffffffff,2023,42,0.11865568906068802,23
8426d97ffffffff,2023,42,1.5187520086765289,29.949060211129478
8426d97ffffffff,2023,53,0.37976228445768356,57.406485073786612
8426995ffffffff,2023,42,4.652664490044117,34.416048116459166
844889dffffffff,2023,53,0.77029642462730408,51.800876733223177
8426201ffffffff,2023,42,468.50666980255465,63.844516309551324
8426201ffffffff,2023,53,118.65678415447474,45.827016400557063
8426887ffffffff,2023,42,0.21249385923147202,37.333329359575515
8426887ffffffff,2023,53,0.35425566136837006,41.399581806698535
842b891ffffffff,2023,53,3.3745743110775948,33.645306776193905
8448ca7ffffffff,2023,42,4.7922242805361748,51.18463170298643
8427457ffffffff,2023,42,1.1423372179269791,41.888715960783841
8444e89ffffffff,2023,53,9.5094492807984352,32.944637910769686
8428945ffffffff,2023,42,0.25913462787866592,35.746356294702359
8428945ffffffff,2023,53,24.420628376305103,54.005576867781443
8426ad3ffffffff,2023,42,34.737556517124176,42.477289617613238
8426ad3ffffffff,2023,51,1.9690345525741577,26.312444509473281
8426ad3ffffffff,2023,53,6.4558068215847015,31.810162309523083
8427809ffffffff,2023,51,1802.5425669553817,79.936280641331209
8427809ffffffff,2023,52,1328.3675462427968,68.007351027818714
8427809ffffffff,2023,53,8940.7024459902859,84.232926311120664
84488a5ffffffff,2023,42,0.2309717983007431,41.6657239832506
8426069ffffffff,2023,53,0.32046709954738617,24.400500311933548
842830dffffffff,2023,42,144.86209698021412,59.880550189566776
842830dffffffff,2023,51,1.2758848071098328,21.999211603680219
842830dffffffff,2023,53,0.637786254286766,27.444395170022574
8444c67ffffffff,2023,42,0.075681492686271667,20
8444c67ffffffff,2023,53,1.2119497805833817,29.311532459448934
8427547ffffffff,2023,42,4.1508610360324383,31.413529160089208
8427913ffffffff,2023,42,0.49340932071208954,38.245496326890873
8427913ffffffff,2023,51,0.061723150312900543,28
8427913ffffffff,2023,52,107.08840404078364,84.824847506241568
8427913ffffffff,2023,53,8.83450037613511,32.682752141567761
84262c5ffffffff,2023,42,1.9913608357310295,28.387610198055736
84262c5ffffffff,2023,53,76.681044661794232,47.329980508228935
84281ebffffffff,2023,42,2.7922538742423058,29.974900040750597
8426cedffffffff,2023,53,1.9238177388906479,40.150476758790774
84279c1ffffffff,2023,51,0.12379531562328339,25
84279c1ffffffff,2023,52,283.98975507169962,59.105118051818827
84279c1ffffffff,2023,53,341.35192277422721,68.145291396700046
8448f2bffffffff,2023,53,0.92371742427349091,25.750019079805078
84279bbffffffff,2023,42,0.064320608973503113,33
8428915ffffffff,2023,51,2.2701870203018188,30.867358867697465
8428915ffffffff,2023,52,0.945590928196907,36.46040749015566
8428915ffffffff,2023,53,2.3344740495085716,31.970842769417434
842aa03ffffffff,2023,42,11.750435253013583,36.345750407143683
84269a7ffffffff,2023,42,0.78906120359897614,46.181970583687978
84262d3ffffffff,2023,42,4.5059949234128,37.100105450636448
84262d3ffffffff,2023,53,9.4049231112003326,44.955560136566795
8427a9dffffffff,2023,42,417.94084739557962,71.069913211663589
8427a9dffffffff,2023,51,0.48387159034609795,38.878171227920767
8427a9dffffffff,2023,52,0.42254744470119476,45.994855488895581
8427a9dffffffff,2023,53,1658.4632496894719,68.626022786188642
8427893ffffffff,2023,53,1124.6679430380464,82.5321654010738
8448e83ffffffff,2023,51,337.39513904388042,89.257021609414522
84274dbffffffff,2023,42,72.85353951708359,52.73652747063862
84274dbffffffff,2023,53,0.13194137811660767,22
8444d39ffffffff,2023,42,0.1500607505440712,27.000921263704697
8444d39ffffffff,2023,53,0.52575273066759109,30.851227961966654
8426283ffffffff,2023,53,30.086988784372807,45.337955435515404
8428d3bffffffff,2023,42,7.2293138541281223,42.753981721983948
8428855ffffffff,2023,42,1245.768046288134,58.094172272944292
8428855ffffffff,2023,52,0.0647168755531311,19
8428855ffffffff,2023,53,928.14518417666352,58.300559278662028
8428183ffffffff,2023,42,0.98376708477735519,36.736423484873406
8428183ffffffff,2023,53,0.13151077926158905,22
8444e11ffffffff,2023,42,0.38367424160242081,25.800067694729396
8444e11ffffffff,2023,53,1.2276341170072556,39.818271794700429
842b139ffffffff,2023,53,0.30815400928258896,62.939666435451429
8427941ffffffff,2023,51,1754.9274528904875,61.589941043433988
8427941ffffffff,2023,52,3888.7309474903732,62.483794501855442
8427941ffffffff,2023,53,4000.8248813999348,66.548022300793349
842aa4dffffffff,2023,42,186.30703931827753,60.023931813774446
842aa4dffffffff,2023,53,8.03342255204916,27.408434803340704
8426301ffffffff,2023,42,4.5658945627510548,29.617469105152669
8426301ffffffff,2023,52,0.062528505921363831,19
8426301ffffffff,2023,53,1.9387762695550919,27.290844032836972
84488b5ffffffff,2023,42,0.076323673129081726,29
842798dffffffff,2023,42,0.25132128596305847,34.001838504066733
842798dffffffff,2023,51,578.62323397015234,86.656299760507721
842798dffffffff,2023,52,20.391208373010159,36.517184500848018
842798dffffffff,2023,53,498.75176356545842,60.988541788856963
8428f15ffffffff,2023,42,1.1245910227298737,34.723937129689077
8428f15ffffffff,2023,53,0.24982500076293945,27.001276820598907
842742bffffffff,2023,42,362.51148460992408,63.862507201758405
842742bffffffff,2023,53,35.886994771659374,33.939668651263055
84445b5ffffffff,2023,53,2.0009049475193024,50.633291112115693
8448da9ffffffff,2023,42,0.073006480932235718,36
842899bffffffff,2023,51,154.49379605732719,41.56004013505482
842899bffffffff,2023,52,56.925710868294914,37.343204153854323
842899bffffffff,2023,53,5.6710606552660465,25.529712884358339
8428b07ffffffff,2023,42,84.466500807188311,39.803102180537643
8428b07ffffffff,2023,51,1.3573361625566203,38.93887035635057
8428b07ffffffff,2023,53,0.7923491969704628,30.332221852458908
8429ac9ffffffff,2023,42,0.88744264841079712,25.585277485444276
8429ac9ffffffff,2023,51,0.14808686822652817,56.991185297277106
8427981ffffffff,2023,42,0.063187681138515472,40
8427981ffffffff,2023,51,2284.9556729570031,93.228826941123174
8427981ffffffff,2023,52,362.32220471650362,75.592959445626292
8427981ffffffff,2023,53,3265.2913147583604,88.39774641137079
84266e1ffffffff,2023,42,0.41980479657649994,23.499041338820316
84488b3ffffffff,2023,53,0.30428610742092133,49.499527308493832
8448913ffffffff,2023,42,0.0784134790301323,27
8448913ffffffff,2023,53,0.23516441136598587,44.304592403446122
84289c7ffffffff,2023,42,0.12456843256950378,26
84289c7ffffffff,2023,52,1.9270608238875866,35.031100732418636
84289c7ffffffff,2023,53,2.2137467941524935,34.876110736112317
8426801ffffffff,2023,42,0.205137237906456,35.666141467633778
8428f6dffffffff,2023,42,0.12772566080093384,19
8428f6dffffffff,2023,53,17.644437126815319,40.283152307719014
84274b5ffffffff,2023,42,66.50870489919302,42.720575261687394
84274b5ffffffff,2023,53,0.67012060433626175,24.500634369468834
8444ecbffffffff,2023,53,0.15189927816390991,20
8428a31ffffffff,2023,42,6.2561225742101669,50.574709383209552
8428a31ffffffff,2023,53,0.52749711275100708,36.989955333560154
8427635ffffffff,2023,42,0.12353456020355225,27
8426b5dffffffff,2023,42,3.1972818120437512,35.958314198887791
8426135ffffffff,2023,42,12.825565725564957,41.615670653626353
8426135ffffffff,2023,51,3.5907582193613052,28.815393857133557
8426135ffffffff,2023,53,2.4598719477653503,26.272706147882509
842aa81ffffffff,2023,42,1.7468570470809937,27.400812083351788
8426025ffffffff,2023,42,12.839278742671013,36.076679293506615
8426025ffffffff,2023,51,0.52543629705905914,29.375984620364125
8426025ffffffff,2023,53,4.4652012512087822,27.910779597669663
842608dffffffff,2023,42,0.540720246732235,26.499979173051795
842608dffffffff,2023,53,0.13502880185842514,34.021212244442346
84289b5ffffffff,2023,52,8.7064739279448986,34.013416322863428
84289b5ffffffff,2023,53,736.0166812796657,70.033294053261045
8428d09ffffffff,2023,42,0.90887494385242462,26.603707157468168
8448c17ffffffff,2023,42,0.59703201055526733,47.998309595084528
84489d9ffffffff,2023,42,0.077819637954235077,35
842750dffffffff,2023,42,6.7596151791512966,36.226606610128115
8426ca3ffffffff,2023,53,4.61490772664547,88.133087136903868
84262d9ffffffff,2023,42,1.4864337220788002,30.434867877020711
84262d9ffffffff,2023,53,157.98344232141972,68.7724614049647
8444417ffffffff,2023,53,0.22881636023521423,63
842788bffffffff,2023,51,337.72853656379033,77.001734789957979
842788bffffffff,2023,53,8.2223979676471046,37.1101880601289
84488b9ffffffff,2023,53,1.4594717994332314,52.211337624879214
8427409ffffffff,2023,42,142.47508262842894,60.239045359485253
842b997ffffffff,2023,42,3084.9259822723916,62.135897843292263
842b997ffffffff,2023,53,1425.286679042496,66.6911130087401
8426a15ffffffff,2023,42,0.39728689938783646,33.5060752177135
842a8d3ffffffff,2023,42,0.43184098601341248,45.336228455148827
84276b5ffffffff,2023,42,2727.8753777428296,78.6689367789546
84276b5ffffffff,2023,53,0.19441764056682587,17
8426335ffffffff,2023,42,0.25608302652835846,19.000022926382861
8426335ffffffff,2023,53,0.9585333913564682,26.065298717765934
84278d5ffffffff,2023,42,1.5615237131714821,26.399298883100258
84278d5ffffffff,2023,51,461.62867956725404,65.92643849079046
84278d5ffffffff,2023,52,481.02388462051749,67.7948706401654
84278d5ffffffff,2023,53,267.67365561812824,60.610484912662756
8448ca1ffffffff,2023,42,1.2389559000730515,45.173429194227531
8427a9bffffffff,2023,42,355.9000651582345,62.014406765776826
8427a9bffffffff,2023,52,0.30361645296216011,36.768009235078246
8427a9bffffffff,2023,53,125.13113588353291,51.331398009144372
8444e23ffffffff,2023,42,0.30713637173175812,35.494650650874632
8444e23ffffffff,2023,53,5.2221938148140907,44.586698618588784
842782bffffffff,2023,51,51.645216509699821,24.214895204516868
842782bffffffff,2023,52,237.96367110110381,57.311141291572781
842782bffffffff,2023,53,285.655769970268,41.446378325179346
8427b33ffffffff,2023,51,29.621174588799477,34.578461702418117
8427b33ffffffff,2023,52,1173.5757768322733,47.550519637059011
8427b33ffffffff,2023,53,2481.4280686529096,72.739371727413683
844883dffffffff,2023,42,0.23559537529945374,28.333578338700431
844883dffffffff,2023,53,5.270825020968914,67.136544438225584
84446cdffffffff,2023,42,0.078193917870521545,23
8426745ffffffff,2023,53,0.20095375925302505,23.663271979441156
8426117ffffffff,2023,42,1.0615783482789993,33.500037288754783
8427469ffffffff,2023,42,0.06191040575504303,28
8444e01ffffffff,2023,53,4.7902580127120018,35.794614774613557
8427827ffffffff,2023,51,0.7361115999519825,31.078899281665937
8427827ffffffff,2023,52,1.1662024632096291,40.7404314338322
8427827ffffffff,2023,53,8.0983930788934231,36.318113037245666
842b8e7ffffffff,2023,42,0.064483575522899628,18
8427961ffffffff,2023,51,1176.0563905538734,57.161498925505846
8427961ffffffff,2023,52,627.7054201409951,64.972945114126887
8427961ffffffff,2023,53,843.466933843844,54.715652419213896
84276adffffffff,2023,42,473.04081281408946,67.931942428835583
84276adffffffff,2023,53,11.508441932499409,33.652997526514532
8428f03ffffffff,2023,42,39.940721785087206,32.973744589944992
8428f03ffffffff,2023,53,3.2711649313569069,33.193441127465867
84269e7ffffffff,2023,42,0.35337517410516739,40.595341925660883
8426da5ffffffff,2023,53,5.1988950222730637,44.440954474158829
8426a49ffffffff,2023,42,0.12787943333387375,28.499994319402351
8448e87ffffffff,2023,51,0.60505776107311249,44.744386498827147
842ab1bffffffff,2023,42,1.2159690409898758,43.444609889125552
8426825ffffffff,2023,42,0.20702115446329117,39.666900262287619
8444d57ffffffff,2023,53,1.2849621027708054,32.06143921259617
8428b3dffffffff,2023,42,334.29548138470625,80.203737292418523
8428b3dffffffff,2023,51,2.6972839087247849,43.393749426936083
8426357ffffffff,2023,42,18.206223323941231,31.471449085529386
8426357ffffffff,2023,53,0.37527468055486679,26.831180966919511
84444e9ffffffff,2023,53,2.425992451608181,74.782294797941447
8444de7ffffffff,2023,42,0.81285317242145538,25.6366216023409
8444de7ffffffff,2023,53,0.44308046251535416,30.665700593212428
8448cc5ffffffff,2023,42,1.7860436663031578,33.1615423923312
842a907ffffffff,2023,42,1.5175258442759514,34.681704387491422
842aad3ffffffff,2023,42,85.266671464285437,77.183088493504073
842aad3ffffffff,2023,53,0.14020742475986481,26.000853636153106
8427097ffffffff,2023,42,0.1830449290573597,35
8428365ffffffff,2023,42,0.28448538482189178,53.499579079496726
8428365ffffffff,2023,53,0.071148566901683807,39
842688dffffffff,2023,42,0.70391491800546646,30.100820138169723
842688dffffffff,2023,53,0.70289994031190872,31.301341815866174
8428a2bffffffff,2023,53,0.066557079553604126,23
8429a91ffffffff,2023,51,0.7192719578742981,25.299999105025357
842b8abffffffff,2023,42,1.3745518550276756,28.89947647729046
84274b9ffffffff,2023,42,97.895110718905926,52.287416833203153
84274b9ffffffff,2023,53,1.6022979319095612,28.03925035837511
8426899ffffffff,2023,42,0.21216204017400742,17.333328100839772
8426899ffffffff,2023,53,0.35354758054018021,33.8000850453085
842b8d7ffffffff,2023,53,1.7022041007876396,32.851325659370524
842625dffffffff,2023,42,105.50711218960146,38.079934790389785
842625dffffffff,2023,53,0.31026541441679,28.805215382642206
8426e3dffffffff,2023,53,1.4200547784566879,23.1474984544052
842aa55ffffffff,2023,42,5.76066280901432,31.85904277697626
8427aa3ffffffff,2023,51,47.232191544026136,67.020142791055292
8427aa3ffffffff,2023,52,13.513111367821693,28.266175228240975
8427aa3ffffffff,2023,53,179.21990091872274,64.084241558693336
84289b9ffffffff,2023,52,2.3018456622958183,39.075632603421489
84289b9ffffffff,2023,53,56.100696650585704,49.896558268686981
8427aabffffffff,2023,42,1.0258881449699402,22.058139537079381
8427aabffffffff,2023,51,12.57712808996439,32.546233060861816
8427aabffffffff,2023,52,611.03964673612347,62.4086625323823
8427aabffffffff,2023,53,789.21759853195044,60.910135055987219
84262a9ffffffff,2023,42,1.0436486825346947,63.625536416244437
84262a9ffffffff,2023,53,41.515239842236042,58.936423265516865
8444c45ffffffff,2023,53,1.6765906736254692,48.772307914966973
8428163ffffffff,2023,53,0.47624581307172775,28.718530532028073
842ad27ffffffff,2023,42,1.7829326018691063,28.585606514582629
842ad27ffffffff,2023,53,46.244664438068867,64.271826208940638
8426ca7ffffffff,2023,53,1.6628979668021202,75.821419239709456
8448c27ffffffff,2023,42,0.074604183435440063,26
844443bffffffff,2023,53,0.7618585005402565,67.29366806879321
84274b1ffffffff,2023,42,326.91712268327962,60.573128526053011
84274b1ffffffff,2023,53,95.749907876609612,60.443816432588079
842608bffffffff,2023,53,0.61215740442276,54.331801565719083
842891bffffffff,2023,42,1.265915222465992,34.300654850427669
842891bffffffff,2023,52,0.12660601735115051,55
842891bffffffff,2023,53,1.1398931294679642,32.775006679025942
8448ca3ffffffff,2023,42,16.26946309953928,39.0616210271863
8448dc9ffffffff,2023,42,0.074545353651046753,35
842684dffffffff,2023,42,0.20082208514213562,49.334948425243653
8426287ffffffff,2023,53,3.7464671209454536,46.811983178304779
84268c7ffffffff,2023,42,0.14016708731651306,39.499960931079876
84268c7ffffffff,2023,53,0.41946899890899658,27.337997913185919
84444ebffffffff,2023,53,6.9881830907919831,72.865868863817013
8426f4dffffffff,2023,53,5.310579352080822,51.32450529771436
8448827ffffffff,2023,42,3.3717385940399822,25.5898648053486
8448827ffffffff,2023,53,0.15717131644487381,37.001250380596474
84271b5ffffffff,2023,42,2156.1384762501307,61.903803694396579
84271b5ffffffff,2023,53,30.238541011161665,30.024744881466255
8426237ffffffff,2023,42,89.837935470044613,58.373607647047017
8426237ffffffff,2023,53,6.28996779769659,24.6726312987864
8428a81ffffffff,2023,42,0.13012807071208954,24
8448863ffffffff,2023,42,0.31793806701898575,27.499113313652625
84445b3ffffffff,2023,53,0.81249159574508667,46.910511622585794
8448dc7ffffffff,2023,42,203.44460014998913,42.392903976025472
8426b51ffffffff,2023,42,236.30185600370169,68.8805341469781
8448ea9ffffffff,2023,42,3.4836499691009521,36.24376039507478
84262d1ffffffff,2023,42,9.0088287964463234,37.203997248689539
84262d1ffffffff,2023,53,58.429336436092854,42.840701579093512
8426c5dffffffff,2023,42,8.6229163068766681,63.664255257663932
8426c5dffffffff,2023,53,0.36040228605270386,41.196482430385473
8426f59ffffffff,2023,53,0.0695522129535675,25
8426d4bffffffff,2023,53,1.7922896966338158,31.200041365655085
8427855ffffffff,2023,51,471.55965068007214,78.484452162233737
8427855ffffffff,2023,52,2174.8594171221353,70.506041636616956
8427855ffffffff,2023,53,6962.7940797560495,83.150785537305168
842aac1ffffffff,2023,42,12.069244503974915,35.033809584954732
8429aebffffffff,2023,42,1.1693628206849098,29.563545708837893
8429aebffffffff,2023,51,0.21953421086072922,16.33483216559581
8429aebffffffff,2023,53,5.6307861134409904,28.792995808188593
8426265ffffffff,2023,42,712.97531035915017,67.9855447961399
8426265ffffffff,2023,53,31.463673319667578,30.3092424286538
842a9edffffffff,2023,42,0.13986463844776154,47
8428935ffffffff,2023,51,866.72885383293033,82.630159868455564
8428935ffffffff,2023,52,9.903383727240211,32.456068132258565
8428935ffffffff,2023,53,278.25969942482368,74.63942443611964
8428b67ffffffff,2023,42,128.4315682798624,69.74522202145738
8428b67ffffffff,2023,53,92.196000605821609,71.383968871296688
8426061ffffffff,2023,53,0.64607459306716919,28.399977148040382
8429ad1ffffffff,2023,42,0.95098003745079041,36.100316166657706
8429ad1ffffffff,2023,53,0.073098421096801758,29
842aa43ffffffff,2023,42,2.9973472356796265,32.1241330139621
842aa43ffffffff,2023,53,0.466779388487339,22.995148449078325
8448e33ffffffff,2023,42,1.6851765885949135,54.04546822418741
8448c3bffffffff,2023,42,0.2237357497215271,32.999585604781252
842a141ffffffff,2023,42,0.066987313330173492,42
8429a9bffffffff,2023,42,32.835934445261955,23.420331731532606
8429a9bffffffff,2023,51,10.619219429790974,29.76296946629024
8429a9bffffffff,2023,53,13.29823974519968,26.735990053895136
8426aa7ffffffff,2023,42,21.923290316848195,36.377003741898207
8426aa7ffffffff,2023,53,0.068732015788555145,33
8426ae9ffffffff,2023,42,1906.4938522781224,66.979615970151
8426ae9ffffffff,2023,51,0.53182299216003981,29.423406051680498
8426ae9ffffffff,2023,53,8.3183451294898987,31.687505392445225
8448c03ffffffff,2023,42,1.6547025069594383,44.681346760171472
8427835ffffffff,2023,51,0.30856234580278397,29.603355024831014
8427835ffffffff,2023,52,2.6539016328752041,28.258207329620308
8427835ffffffff,2023,53,69.164660575445367,60.972632492869906
844886dffffffff,2023,42,0.71862277388572693,32.223403431405139
844886dffffffff,2023,53,0.56039918214082718,49.854736852461471
84268c1ffffffff,2023,42,0.069329820573329926,24
84268c1ffffffff,2023,53,0.139129176735878,77
8428a15ffffffff,2023,53,2.3929285481572151,31.47127071372681
8426113ffffffff,2023,42,0.13305637985467911,29.499997900162526
84446c9ffffffff,2023,42,13.3213633320203,40.524089945510873
8448d05ffffffff,2023,42,0.15065424144268036,40
84269a9ffffffff,2023,42,3.1305067539215088,45.955378453644272
8426ab5ffffffff,2023,42,0.34573159366846085,28.599437574591931
8426ab5ffffffff,2023,53,117.88561055064201,61.134775617646532
8426d17ffffffff,2023,53,0.66488435119390488,31.224593362023022
8428105ffffffff,2023,53,1.560610331594944,36.564370028864438
8426a93ffffffff,2023,53,4.1355064213275909,41.890887228208811
8426821ffffffff,2023,42,0.41288265585899353,34.671048949393331
8426a23ffffffff,2023,42,0.066428236663341522,53
842b103ffffffff,2023,53,1.1660312153398991,69.568685205905
8426f35ffffffff,2023,53,0.78775769472122192,46.363099758549637
84275a3ffffffff,2023,42,4.0397573709487915,28.508443200709657
84275a3ffffffff,2023,53,2.2324298805173708,28.868175744557014
84289b7ffffffff,2023,51,0.41941219940781593,32.433498312232331
84289b7ffffffff,2023,52,1.3778305761516094,32.479965492432179
84289b7ffffffff,2023,53,112.48822491291691,44.164964715030607
8426359ffffffff,2023,42,1583.8201845364824,59.031283999056988
8426359ffffffff,2023,53,3.6519324667751789,25.441413541150407
8426161ffffffff,2023,51,0.19407311081886292,24.663185715384781
8426161ffffffff,2023,53,1.8108886778354645,26.356336055484508
842662dffffffff,2023,42,2.6568757966160774,35.001820466360115
842662dffffffff,2023,53,0.068190239369869232,21
842a149ffffffff,2023,42,1.3366357907652855,42.049965401658731
8426c87ffffffff,2023,42,0.075182422995567322,32
8426c87ffffffff,2023,53,0.15069571137428284,37.018791027564667
8426a9dffffffff,2023,42,955.16125707410129,59.706305297892527
8426a9dffffffff,2023,51,2.81610648927151,27.563386648938405
8426a9dffffffff,2023,53,495.73427432360609,79.374816309967159
8427581ffffffff,2023,42,84.86021102330848,34.880012847798206
8427581ffffffff,2023,53,43.732578717172146,67.860851286005158
8428b2bffffffff,2023,42,103.60492335259914,77.554534217934133
8428b2bffffffff,2023,51,3.4311442747712135,35.61897979505094
8428b2bffffffff,2023,53,0.13183916360139847,19.996280845946909
8444f5dffffffff,2023,53,270.41813667396121,56.513203640389314
8426f03ffffffff,2023,53,0.070875160396099091,23
8426b31ffffffff,2023,42,1.2762475460767746,33.376208276332754
84268d7ffffffff,2023,42,0.2121761366724968,26.667839322835306
84268d7ffffffff,2023,53,0.14114196598529816,51.500226934957034
84279c3ffffffff,2023,51,2.4320539422333241,34.3079329389524
84279c3ffffffff,2023,52,2.429312951862812,34.535781263185484
84279c3ffffffff,2023,53,284.43172796443105,79.175676547422484
84271d3ffffffff,2023,42,6.1742275170981884,32.653614284559389
842ab37ffffffff,2023,42,0.33991953730583191,38.395340790002848
8428b63ffffffff,2023,42,1.4688928723335266,39.322757486599237
8428b63ffffffff,2023,51,2.2336570472109551,28.220124106789008
8428b63ffffffff,2023,53,2.3316962867975235,45.1708565313187
8427937ffffffff,2023,51,6.9168031623988764,35.8622005063717
8427937ffffffff,2023,52,2.0597456395626068,33.670778299841011
8427937ffffffff,2023,53,15.30830692127347,33.788771453992261
8444c95ffffffff,2023,42,0.072425104677677155,39
84288edffffffff,2023,53,1.5759232416749,32.445272760957558
8427823ffffffff,2023,51,3.4857935644686222,35.294590209215173
8427823ffffffff,2023,52,28.942239608615637,39.4803611775919
8427823ffffffff,2023,53,92.081413350999355,33.472220411383219
842af29ffffffff,2023,42,0.14397558569908142,23
8428853ffffffff,2023,42,41.93875914812088,61.420789280451466
8428853ffffffff,2023,53,73.900851280110729,73.500392331977466
8426337ffffffff,2023,42,0.19259887933731079,17.666690960497611
8426337ffffffff,2023,51,51.411039985716343,79.895754581741812
8426337ffffffff,2023,53,94.5154708787799,68.129305162828274
842ad43ffffffff,2023,42,0.22028353810310364,42.333323231624917
8448c65ffffffff,2023,42,0.07609403133392334,21
8428d21ffffffff,2023,51,0.11902075260877609,19
8428d21ffffffff,2023,52,0.23786624893546104,22.498375698013533
8428d21ffffffff,2023,53,0.11897862702608109,30
8428129ffffffff,2023,53,0.067823059856891632,36
8426ab9ffffffff,2023,42,38.463770866394043,53.294120263713012
8426ab9ffffffff,2023,53,97.190170541405678,76.366651869242133
8426c07ffffffff,2023,42,0.43869679421186447,26.002080420425731
8426c07ffffffff,2023,53,130.92470172047615,72.050951460390891
8428951ffffffff,2023,42,0.51496868580579758,31.251498543930577
8428951ffffffff,2023,53,0.19331762939691544,46.333413754752875
8426985ffffffff,2023,42,3126.5110310117407,64.429827037083214
842616bffffffff,2023,53,57.991395369172096,57.384397916861623
8428301ffffffff,2023,42,4.1636370122432709,32.134267769009718
8428301ffffffff,2023,51,0.56539508700370789,42.625320223571016
8428301ffffffff,2023,53,0.070539712905883789,32
842698dffffffff,2023,42,0.9880167618393898,37.570144461516726
842ab35ffffffff,2023,42,3.982256606221199,32.644607023232567
8444c41ffffffff,2023,42,24.58875448256731,65.161749616516019
8444c41ffffffff,2023,53,23.387857712805271,61.004628640509651
84444e3ffffffff,2023,53,2.2605330422520638,73.965981821923549
8428999ffffffff,2023,51,1.470752339810133,26.21022897865975
8428999ffffffff,2023,52,1.7161884568631649,28.46370363407161
8428999ffffffff,2023,53,1.4698409400880337,33.999441115571152
842aa0dffffffff,2023,42,94.1668558344245,47.594075199800415
842aa0dffffffff,2023,53,21.0187643840909,38.5863134006228
84262b1ffffffff,2023,53,1.7306228280067444,38.997894999809368
8428a27ffffffff,2023,42,72.0279588333824,55.952996951811322
8428a27ffffffff,2023,51,0.32974223047494888,30.397040277217386
8428a27ffffffff,2023,53,1.3853391259908676,39.335015094085328
842aab1ffffffff,2023,42,0.070821225643157959,37
842af37ffffffff,2023,42,0.14684812724590302,26.499999188213756
8444e21ffffffff,2023,42,0.46218502521514893,19.667834069581584
8444e21ffffffff,2023,53,1.6179979145526886,41.473681844620991
84271a9ffffffff,2023,42,4395.9576360552774,68.374705133723182
84271a9ffffffff,2023,52,0.17898325994610786,19.999053646137959
84271a9ffffffff,2023,53,196.97990529288847,50.126694762691443
8426351ffffffff,2023,42,1265.2280428946603,65.184425000516953
8426351ffffffff,2023,53,5.5825074983724186,32.918326988543768
8428abbffffffff,2023,42,0.064062558114528656,22
8428abbffffffff,2023,53,0.12819898128509521,21
84261c3ffffffff,2023,42,14.905282832682133,51.056935467235164
84261c3ffffffff,2023,53,0.46952538192272186,39.713317109559505
8427445ffffffff,2023,42,0.43426431715488434,28.005349932410837
8427925ffffffff,2023,51,1.8464946039021015,32.595380048316983
8427925ffffffff,2023,52,0.73894636705517769,32.159135721343787
8427925ffffffff,2023,53,0.36949346587061882,42.814615256858971
8448923ffffffff,2023,42,15.185739284111005,51.881730403803232
8444d3bffffffff,2023,42,91.537272989749908,83.655768953978452
8444d3bffffffff,2023,53,323.7689513862133,83.996557659577647
8428841ffffffff,2023,42,80.8828666523099,36.625290010164235
8428841ffffffff,2023,51,0.065503224730491638,19
8428841ffffffff,2023,53,12.86593236359311,33.209688231044026
8448dcbffffffff,2023,42,24.379606417435056,43.546224662883859
8428b1bffffffff,2023,42,679.55241332650189,75.279826492904007
8428b1bffffffff,2023,53,17.681262604892254,37.219436845056642
8448d09ffffffff,2023,42,3.1720132678747177,42.644180444189637
8426343ffffffff,2023,42,45.917631028344232,32.815644298043715
8426343ffffffff,2023,52,1.485593169927597,26.79246527735636
8426343ffffffff,2023,53,123.93277733027935,58.762056690801735
842b8ebffffffff,2023,42,0.19304173439741135,43.720984207296262
842886dffffffff,2023,42,1.1745349764823914,30.950243174126598
842886dffffffff,2023,53,0.13070410490036011,27
84274bbffffffff,2023,42,5.6990981698036194,43.695007571301495
84274bbffffffff,2023,53,0.46913819760084152,28.711584509409366
842b8bdffffffff,2023,42,196.92132149192634,67.557673982527092
842b8bdffffffff,2023,53,0.13152444362640381,16
8426011ffffffff,2023,42,0.39717439562082291,25.670694472830405
8426011ffffffff,2023,53,0.26408138126134872,32.999988235095962
842aa17ffffffff,2023,42,6.76676132529974,33.734637746881432
8428f51ffffffff,2023,42,0.19153560698032379,42.022175107519317
8444d53ffffffff,2023,42,0.075508743524551392,18
8448935ffffffff,2023,42,0.46936472505331039,33.498214829588811
8428f59ffffffff,2023,42,0.70490114390850067,47.004827236970037
8429965ffffffff,2023,42,0.071730382740497589,33
842a8d1ffffffff,2023,42,0.071482077240943909,55
8428a83ffffffff,2023,53,0.19380640238523483,25.667262795939838
84270a9ffffffff,2023,42,0.83972575142979622,31.851534281656892
84288e9ffffffff,2023,42,0.25240138918161392,38.002557890677856
84288e9ffffffff,2023,51,0.12610818445682526,24.496520905114121
84288e9ffffffff,2023,53,25.892329767346382,29.667900924472391
8444c55ffffffff,2023,53,0.83279599249362946,50.909036311252045
842748bffffffff,2023,42,178.0477282280431,74.9697314275018
842748bffffffff,2023,53,0.59464564174413681,27.554535799240281
8428f35ffffffff,2023,53,0.061979576945304871,19
842691dffffffff,2023,42,0.34479823708534241,30.996195171290328
842671bffffffff,2023,42,498.59370078146458,61.854878134434962
84278a7ffffffff,2023,42,0.6361931785941124,35.200352242212567
84278a7ffffffff,2023,51,0.63588295131921768,38.400153350862212
84278a7ffffffff,2023,52,4.8302294289072352,36.166759327834754
84278a7ffffffff,2023,53,2.4164121076464653,32.711399383303821
842a10dffffffff,2023,53,0.13535585999488831,26
8448eebffffffff,2023,42,0.38209971785545349,34.798882220994564
84260c1ffffffff,2023,42,0.20058321952819824,33.982243773675961
84260c1ffffffff,2023,53,0.133432999253273,20.499113968706588
84489e3ffffffff,2023,42,0.46473051607608795,25.831718644534192
84489e3ffffffff,2023,53,0.619399182498455,29.614737992000443
8426165ffffffff,2023,51,0.12952551990747452,24.001196632356841
84489d7ffffffff,2023,42,0.15418495982885361,31.000268962236319
8426667ffffffff,2023,42,0.13546769320964813,26
8444419ffffffff,2023,53,0.76839611679315567,65.499417171411949
84264e1ffffffff,2023,53,0.072331696748733521,23
842882dffffffff,2023,42,1.5362076014280319,32.79397726601556
842882dffffffff,2023,53,0.1283419132232666,29
842aa6bffffffff,2023,42,86.404235950784354,48.048834419756531
842aa6bffffffff,2023,53,165.74613837742919,55.45111702808029
8428985ffffffff,2023,51,0.24527344107627869,17.998593926545176
8428985ffffffff,2023,52,0.30734100565314293,31.199537054135551
8428985ffffffff,2023,53,7.2489784881472588,39.082584256462475
8426a4bffffffff,2023,42,0.064425326883792877,33
8429135ffffffff,2023,42,223.91084832896789,64.8725654474757
8429135ffffffff,2023,51,92.753534207420017,83.891944011360223
8429135ffffffff,2023,53,1.4033302515745163,37.368892634621943
84260d7ffffffff,2023,53,1.2230704799294472,39.615974753210082
842b107ffffffff,2023,53,134.44641992546178,82.186321534023008
8426a69ffffffff,2023,42,0.12927301228046417,41
8426ab7ffffffff,2023,53,10.961702860891819,59.607658811916252
8428ae1ffffffff,2023,42,0.26223284006118774,31.505832772857691
8428ae1ffffffff,2023,51,0.91720028221607208,25.711708182520454
8428ae1ffffffff,2023,52,0.52430953085422516,24.252588564307032
8428ae1ffffffff,2023,53,10.929442591965199,27.740345242460403
84274c1ffffffff,2023,42,408.89029304148517,61.688518863972895
84274c1ffffffff,2023,53,31.635632909834385,32.459945928123943
842796dffffffff,2023,51,1087.4945575074969,49.256619539496306
842796dffffffff,2023,52,873.33989258319434,45.909226379347217
842796dffffffff,2023,53,842.69288308867351,56.646646663101777
8426205ffffffff,2023,42,1904.9547777697444,77.341328489432073
8426205ffffffff,2023,53,0.12571972608566284,25
84279a9ffffffff,2023,42,3.8073731139302254,44.066015719724561
84279a9ffffffff,2023,51,0.063275977969169617,21
84279a9ffffffff,2023,52,0.50645109266042709,34.126193291137739
84279a9ffffffff,2023,53,16.010037064552307,37.293319535442251
8448b3bffffffff,2023,42,1.6845924630761147,26.096162773278611
8448b3bffffffff,2023,53,40.609100557863712,40.639855515471218
84288ebffffffff,2023,42,0.25160993635654449,29.262933249994358
84288ebffffffff,2023,51,0.37762591242790222,34.6747217647699
84288ebffffffff,2023,53,1.0056720450520515,33.93316562677294
8428f25ffffffff,2023,42,13.662892270833254,28.364851849981957
8428f25ffffffff,2023,53,11.435133112265783,30.688149026946114
842818bffffffff,2023,42,0.52865058183670044,34.37463546948824
8412d8bffffffff,2023,51,0.47326527535915375,24.500577080597015
8412d8bffffffff,2023,52,0.53283017873764038,30.334428321140319
8412d8bffffffff,2023,53,0.65105674788355827,31.276496511363735
8428aadffffffff,2023,42,0.19448631256818771,26.666882933870468
8428aadffffffff,2023,51,0.0648605078458786,26
8428aadffffffff,2023,52,0.32439998537302017,29.000101630149903
8428aadffffffff,2023,53,3.50144262611866,24.555820075065206
842af65ffffffff,2023,42,0.21452721208333969,31.667666897449081
8427915ffffffff,2023,51,408.54243124416638,70.292698891628817
8427915ffffffff,2023,52,177.8043111546659,50.764447449206457
8427915ffffffff,2023,53,88.7390677779913,64.988960089957388
8427491ffffffff,2023,42,75.690437667071819,64.578212426021523
8426dcdffffffff,2023,42,0.1475629061460495,20
8426dcdffffffff,2023,53,1.6208858042955399,33.820773075409555
84268b9ffffffff,2023,42,0.28571429848670959,30.000012308358595
84268b9ffffffff,2023,53,0.1427537277340889,51
8426eadffffffff,2023,42,0.29031582176685333,22.999976286733428
8426eadffffffff,2023,53,0.7991352453827858,27.821753135942149
8428997ffffffff,2023,51,0.060617566108703613,32
84446a7ffffffff,2023,53,0.38217297196388245,67.807181206645836
8444c63ffffffff,2023,53,0.83383522182703018,18.454533126247274
8426b03ffffffff,2023,42,0.066232547163963318,51
8428d61ffffffff,2023,42,0.3628203310072422,25.164332999249922
8428d61ffffffff,2023,53,70.837054748088121,74.475463671928054
84278c9ffffffff,2023,51,1.0428319536149502,33.645999253871651
84278c9ffffffff,2023,52,2.152989434173294,28.348590303199764
84278c9ffffffff,2023,53,464.82295334578725,68.993449729704935
8427483ffffffff,2023,42,27.890235610306263,43.047253488120994
8427483ffffffff,2023,53,2.5232326984405518,30.890300968019613
8427923ffffffff,2023,51,9.0644296005368226,35.837438758373047
8427923ffffffff,2023,52,1.6068070903420448,33.459583838964448
8427923ffffffff,2023,53,3.9574446976184845,32.138245051621396
842a82dffffffff,2023,42,0.068845883011817932,25
8426ae7ffffffff,2023,42,56.542593303352007,43.196010276808153
8427589ffffffff,2023,42,412.44194935896229,57.50245758498702
8427589ffffffff,2023,53,213.91765340712723,65.399665651386115
8427867ffffffff,2023,51,208.40327886492014,70.803646366705777
8427867ffffffff,2023,52,407.4619337395564,83.176540229205216
8427867ffffffff,2023,53,737.94197369920562,73.669835882749226
8426ae1ffffffff,2023,42,146.87238591909409,79.4514032032907
8426ae1ffffffff,2023,51,123.64780357699183,76.601026750967179
8426ae1ffffffff,2023,53,3.5153539529033733,41.143919269702387
842b8b3ffffffff,2023,42,15.752721339464188,76.683140955936139
8427597ffffffff,2023,42,0.0667886957526207,36
8427597ffffffff,2023,53,0.066887125372886658,21
84264b1ffffffff,2023,53,169.61861852556467,76.633193220580324
84274b7ffffffff,2023,42,5.3996560573577881,36.457445937958475
8426c43ffffffff,2023,42,3.6787405610084534,47.000901990917711
8426c43ffffffff,2023,53,2.0901954248547554,28.830036214884185
84289e3ffffffff,2023,51,0.061517354100942612,28
84289e3ffffffff,2023,52,2.7103382873914992,32.842395378013236
84289e3ffffffff,2023,53,1.6011930108070374,33.842880268181872
8428ad9ffffffff,2023,53,0.19814204424619675,38.998348059302458
842b893ffffffff,2023,42,0.19927284866571426,36.993422405763205
842b893ffffffff,2023,53,79.853177852928638,57.643144100202534
8427aa5ffffffff,2023,42,323.40029011294246,58.28305755214479
8427aa5ffffffff,2023,51,170.49816408055085,68.572888822560529
8427aa5ffffffff,2023,52,551.71422272851942,64.3905869700875
8427aa5ffffffff,2023,53,1342.5029651597288,68.679124399178221
8448cabffffffff,2023,42,0.14641893655061722,53.499884006817211
8426c33ffffffff,2023,53,0.73988787829875946,37.898678489643181
8426365ffffffff,2023,42,9.6069935187697411,27.809253874818122
8426365ffffffff,2023,51,0.062164288014173508,54
8426365ffffffff,2023,53,14.33989912782814,30.019228223827636
842614bffffffff,2023,42,0.064186751842498779,17
842614bffffffff,2023,51,9.4426347985863686,40.448913235165172
842614bffffffff,2023,53,0.4498969167470932,23.143305290319436
84288a7ffffffff,2023,42,1.2209898568689823,45.499454185518786
84288a7ffffffff,2023,51,11085.170110338913,74.86644670710298
84288a7ffffffff,2023,52,11689.265056830864,74.683771796558517
84288a7ffffffff,2023,53,1635.9465555338447,63.569750738525777
8428aabffffffff,2023,51,0.12912454456090927,33.49999437417874
8428aabffffffff,2023,53,0.3226437121629715,27.400876827921788
8427413ffffffff,2023,42,117.89685098853182,38.384470146968177
8427413ffffffff,2023,53,6.0750196352601051,32.185389227368248
8426829ffffffff,2023,42,0.34150685369968414,37.613758395806776
8426da7ffffffff,2023,53,0.7569890171289444,35.503004153114269
8448b31ffffffff,2023,53,1.5256885588169098,28.579311275607761
8426a19ffffffff,2023,42,1.2522151097655296,30.89508024678867
8426a19ffffffff,2023,53,0.72591650485992432,28.36240370402545
8426127ffffffff,2023,42,162.86231705350619,65.752073474615671
8426127ffffffff,2023,51,1.3944951444864273,26.952354421052075
8426127ffffffff,2023,53,98.7260565534234,71.321988626893642
842b995ffffffff,2023,42,1.0576720157966895,33.721525475711644
842b995ffffffff,2023,53,0.3440091606156499,26.721290851466161
84489c5ffffffff,2023,53,0.62381119281053543,56.87891122336255
8427891ffffffff,2023,53,0.44558311253786087,28.864608121644636
84281c7ffffffff,2023,42,1.5300472155213356,40.566322712543545
84281c7ffffffff,2023,53,0.13327746838331223,32.500093441491792
8448de1ffffffff,2023,42,0.0736379474401474,38
8444de5ffffffff,2023,42,4.2284264042973518,32.174750038890032
8444de5ffffffff,2023,53,2.5989354401826859,33.433244419142866
8427461ffffffff,2023,42,0.56205229833722115,27.99895828172458
8427921ffffffff,2023,51,2.5785939544439316,35.243735714498165
8427921ffffffff,2023,52,2.5782613717019558,34.883942425640605
8427921ffffffff,2023,53,2.3948141038417816,37.875449633108666
8426c47ffffffff,2023,42,0.21643749624490738,23.333332553062679
842634bffffffff,2023,42,1412.8822008961556,60.022636804272125
842634bffffffff,2023,52,0.24609992653131485,16.999995065237709
842634bffffffff,2023,53,18.677278999239206,27.610985181445589
842aa69ffffffff,2023,42,1248.5638611182278,56.127487544237809
842aa69ffffffff,2023,53,826.53766604720386,59.774315702622381
84288a3ffffffff,2023,42,3.2502217590808868,33.281132297741195
84288a3ffffffff,2023,51,163.38312302992915,54.065253302973744
84288a3ffffffff,2023,52,881.79844800255751,45.604914573144285
84288a3ffffffff,2023,53,720.8882106602922,62.630528252612315
84269a1ffffffff,2023,42,0.35670042037963867,39.001295317523443
84271e7ffffffff,2023,42,1699.3459496884368,68.460252188089314
84271e7ffffffff,2023,53,161.81652721166608,50.021116394715229
8448985ffffffff,2023,42,0.077292442321777344,23
8448985ffffffff,2023,53,0.15417160093784332,26.998941938654092
8427897ffffffff,2023,51,0.25608156621456146,31.500006313519609
8427637ffffffff,2023,42,0.37359743565320969,33.662479551894755
84275c3ffffffff,2023,42,1326.3793344329388,65.400822459643322
84275c3ffffffff,2023,53,2091.854201423947,71.20894851844281
84262b3ffffffff,2023,53,4.0801224634051323,35.373259487732412
842a963ffffffff,2023,42,0.41004647314548492,25.337264746870865
8427967ffffffff,2023,51,420.17941262869567,56.510954164569156
8427967ffffffff,2023,52,162.8306222301926,59.273921781403644
8427967ffffffff,2023,53,253.13790823761741,56.025484154601664
8427439ffffffff,2023,42,427.33637218326334,72.196555325355831
8427439ffffffff,2023,53,0.83062881976366043,37.83544228905253
8426de1ffffffff,2023,53,3.6059477545467078,30.858329081157351
842a899ffffffff,2023,42,14.417411603033543,50.519657821000131
842a899ffffffff,2023,53,0.14445605874061584,31.504519829317942
8426361ffffffff,2023,42,20.378017276525497,30.862859990283759
8426361ffffffff,2023,51,1.17517501860857,34.684421164153747
8426361ffffffff,2023,53,295.28242804986587,58.932775566881261
8448c11ffffffff,2023,42,2.101191408932209,43.068466201045084
84269e5ffffffff,2023,42,0.49258378148078918,35.8552487090529
84276a1ffffffff,2023,42,19.080760419368744,38.087349850895457
84276a1ffffffff,2023,53,4.4584992453455925,29.899270512920332
84441a3ffffffff,2023,53,1.4158264845609665,59.546650444652627
8448e81ffffffff,2023,51,0.53009502589702606,33.997572586216229
8427585ffffffff,2023,42,46.004475072026253,34.597687586535471
8427585ffffffff,2023,53,11.986596569418907,31.362525388721842
8426f47ffffffff,2023,53,107.96791376918554,84.903708032759738
84289d9ffffffff,2023,42,0.24944539368152618,30.00828025835369
84289d9ffffffff,2023,51,2742.2476484731274,82.3000001658195
84289d9ffffffff,2023,52,1110.9613655985568,71.400315233477372
84289d9ffffffff,2023,53,338.7299254738233,71.41703925583775
844468dffffffff,2023,42,0.23207373172044754,25.668097622578411
8427417ffffffff,2023,42,40.178648769446447,30.5895409380222
8427417ffffffff,2023,53,7.4486277793552365,31.097090025161354
842a13dffffffff,2023,42,0.41143970936536789,36.834238444425452
842a13dffffffff,2023,53,1.3003141134977341,41.842446557547682
84281b9ffffffff,2023,42,0.71839889138937,34.370298305881178
8426d0bffffffff,2023,53,3.5653773322701454,28.571704857961354
8427903ffffffff,2023,51,712.133043191611,54.452131135985667
8427903ffffffff,2023,52,491.87876664036338,50.956048609922945
8427903ffffffff,2023,53,307.32984066237418,40.360103457156313
842b8e3ffffffff,2023,42,0.51642393320798874,28.374965163585539
84288b5ffffffff,2023,42,0.97544733434915543,26.749820395413845
84288b5ffffffff,2023,51,52.32109054814952,49.115261622408333
84288b5ffffffff,2023,52,2.8018917329609394,27.417204607117693
84288b5ffffffff,2023,53,124.0270468890667,73.1799103187216
8444c05ffffffff,2023,53,0.3012562096118927,36.501190534957722
8428f49ffffffff,2023,42,5.434480145573616,31.178570412770856
8428f49ffffffff,2023,53,0.83796309679746628,31.374276989558673
8428a2dffffffff,2023,42,0.066805437207221985,23
8426a0dffffffff,2023,42,0.39191033691167831,37.50326355909543
8448ee3ffffffff,2023,42,7.4563909992575645,39.600818580222843
8426da1ffffffff,2023,53,1.1318262293934822,34.00255232096368
842ad55ffffffff,2023,42,0.367477965705535,28.204994164524745
8426a61ffffffff,2023,42,0.19518893957138062,30.66962104780032
8444ed5ffffffff,2023,53,0.075539842247962952,28
84278ebffffffff,2023,42,0.24337407464490218,28.899344508667163
84278ebffffffff,2023,51,85.970288798213,65.567352858325066
84278ebffffffff,2023,52,221.00568991294679,77.281936267149092
84278ebffffffff,2023,53,351.06419503833445,65.899806684920677
842a139ffffffff,2023,53,0.13742318004369736,43.006280853497337
84269bdffffffff,2023,42,28.004538482544469,43.164362829584277
842aa67ffffffff,2023,42,391.27342630411482,68.61392983606116
842aa67ffffffff,2023,53,45.643678081766062,73.507694887685332
84275e9ffffffff,2023,42,737.47584916651249,71.244959763699924
84275e9ffffffff,2023,53,501.997580121107,81.814504305961492
8412cb9ffffffff,2023,51,28.079484950751066,41.429177300024385
8412cb9ffffffff,2023,52,66.4929765289613,35.149759238509645
8412cb9ffffffff,2023,53,196.30445246461267,64.825560458066889
84269c5ffffffff,2023,42,0.83848758786916733,34.168059898472094
8444d0bffffffff,2023,53,0.52896148711442947,23.714093675321948
84264b7ffffffff,2023,53,106.15841355919838,60.830193877091041
84261d7ffffffff,2023,42,1.562850147485733,32.60838223203956
84261d7ffffffff,2023,53,2.3755084276199341,27.139798227639407
8412da5ffffffff,2023,42,2.1030699796974659,29.875965593272532
8412da5ffffffff,2023,53,22.737779032438993,29.433887281918544
84269e3ffffffff,2023,42,1.341495618224144,45.425766748890467
8412ca3ffffffff,2023,53,0.17789899185299873,43.33085935521288
84274e1ffffffff,2023,42,163.12605420798064,40.69364872753377
84274e1ffffffff,2023,53,20.436735019087791,30.173798087738653
842759dffffffff,2023,42,203.41251192887626,45.44161031961255
842759dffffffff,2023,53,163.30261526551902,44.610188457679541
8428a95ffffffff,2023,42,1.8700571283698082,26.240855700690776
8428a95ffffffff,2023,53,1.2875847518444061,25.251827977273031
842ab27ffffffff,2023,42,2.9469292685389519,29.019610279975851
8426163ffffffff,2023,53,1.8868012875318527,29.860247654160553
84288bdffffffff,2023,42,0.61290041357278824,30.902358797035831
84288bdffffffff,2023,51,1.7776784561574459,28.3457005088856
84288bdffffffff,2023,52,0.61333258450031281,29.600024664691272
84288bdffffffff,2023,53,928.83872015401721,77.128421402145037
8444d13ffffffff,2023,42,0.7469671368598938,22.401583793813437
8444d13ffffffff,2023,53,0.59694702178239822,18.000030491430117
8427aebffffffff,2023,42,0.11867836862802505,17
8427aebffffffff,2023,51,145.49777880311012,56.591335312031212
8427aebffffffff,2023,52,487.89900592714548,55.265378510067279
8427aebffffffff,2023,53,3137.70292310443,68.446508814213345
8426989ffffffff,2023,42,2.8924680948257446,38.437002156630079
8426a2bffffffff,2023,42,6.0672954320907593,49.225792282465378
84270a1ffffffff,2023,42,9.6700183711946011,34.267111433277094
8426719ffffffff,2023,42,44.677329309284687,66.725555576225247
8427465ffffffff,2023,53,4.8604665882885456,45.427997270053552
8426247ffffffff,2023,42,2728.6890057454948,71.117878745331552
8426247ffffffff,2023,53,5.6884794756770134,33.333847552733339
842814dffffffff,2023,42,0.069362901151180267,17
8427985ffffffff,2023,51,283.97803573509077,61.529967859013
8427985ffffffff,2023,52,16.933076359331608,57.982773473375893
8427985ffffffff,2023,53,21.095656558871269,38.95429321468923
8444f4bffffffff,2023,53,248.08976399346309,66.804886385589626
842788dffffffff,2023,42,0.067947467460351837,29.396371793539593
842788dffffffff,2023,51,100.82523890080698,85.291956893252078
842788dffffffff,2023,52,8.4710919453963349,55.130135101235588
842788dffffffff,2023,53,112.83115857924312,79.840112771846847
84288c1ffffffff,2023,42,0.56808679550886154,25.333135818191849
84288c1ffffffff,2023,53,15.64995133613839,37.038845293892926
84489b5ffffffff,2023,53,0.45820768922567368,82.165157494126589
842675bffffffff,2023,42,1.0178746730089188,30.332684006287774
8426625ffffffff,2023,42,17.189751751720905,40.123422762071321
8426625ffffffff,2023,53,0.20533253252506256,21.333449882155787
8428993ffffffff,2023,51,1.091577559709549,31.730506795961968
8428993ffffffff,2023,52,0.24252600222826004,28.491901073410641
8428993ffffffff,2023,53,0.36384405940771103,24.671587891164172
842b9bbffffffff,2023,42,176.13901612881355,45.829269434119624
842b9bbffffffff,2023,53,165.69063380661552,77.594214413302879
8426a8dffffffff,2023,42,307.08736022111827,41.780942518237246
8426a8dffffffff,2023,51,2.2982925549149513,29.321590595024134
8426a8dffffffff,2023,53,381.90096479654312,62.168171840387146
8429abbffffffff,2023,42,2.0751894658102712,31.927029236376441
8429abbffffffff,2023,51,3.7250666785766096,29.017657599447542
8429abbffffffff,2023,53,45.034387670457363,45.018378679354996
8427861ffffffff,2023,51,82.5764419324696,58.721924439074385
8427861ffffffff,2023,52,1298.4575126494992,65.613736948869544
8427861ffffffff,2023,53,1770.4947409351228,76.599523409344386
8448d03ffffffff,2023,42,0.14998195320367813,46
84288abffffffff,2023,42,5.0513921491801739,28.437934643458231
84288abffffffff,2023,51,45.01408763229847,34.252927038326305
84288abffffffff,2023,52,36.803631453756608,40.154130813660096
84288abffffffff,2023,53,220.14343179402982,53.665655073781458
842aa31ffffffff,2023,42,23.264644093811512,44.171546611942546
8428b23ffffffff,2023,42,7.96785752384686,42.315173637173231
8428b23ffffffff,2023,51,2.3599100038409233,37.276712187482673
8428b23ffffffff,2023,53,3.1437218561768532,26.186964769346151
842b1a7ffffffff,2023,42,0.38581437617540359,43.166244898024608
842b993ffffffff,2023,42,580.87182306086322,59.754225202889707
842b993ffffffff,2023,53,97.52777786552906,60.783515826482606
84488adffffffff,2023,42,0.23172591626644135,35.660415630952443
8444dd9ffffffff,2023,42,0.29552137851715088,32.000879886470948
8429137ffffffff,2023,42,434.82412870029611,48.671122003948149
8429137ffffffff,2023,51,60.310832280680245,85.67732989093372
8429137ffffffff,2023,53,0.29495152831077576,20.4999627157146
8412db9ffffffff,2023,42,0.84012097120285034,41.136149492039351
8412db9ffffffff,2023,51,2.8210742250084877,30.521178650415685
8412db9ffffffff,2023,52,1.4378373362123966,30.581567091411021
8412db9ffffffff,2023,53,3.1760173514485359,25.567905990551473
842a841ffffffff,2023,42,0.906934543830507,32.33248120119935
8444de3ffffffff,2023,42,0.36908799409866333,20.402388405607056
8426709ffffffff,2023,42,73.233181573450565,75.0912499870685
8426d5dffffffff,2023,53,0.93978827446699142,20.152608869043011
842619dffffffff,2023,53,65.836786203086376,49.327960800036152
8448c13ffffffff,2023,42,1.8651959821581841,32.838123440767816
8427813ffffffff,2023,42,550.985215369612,77.111464569561846
8427813ffffffff,2023,51,9.40950377565973,37.540968890290266
8427813ffffffff,2023,52,38.2944664086197,36.968400739482057
8427813ffffffff,2023,53,123.8535874870332,42.889724350823244
8428859ffffffff,2023,42,0.19622363895177841,36.970823213895777
8428859ffffffff,2023,53,0.65411020070314407,28.401323200656179
84289adffffffff,2023,51,1.7684548050165176,41.3111939469355
84289adffffffff,2023,52,0.42762184888124466,36.160384091606936
84289adffffffff,2023,53,0.36587072536349297,31.332528301464144
8428f65ffffffff,2023,53,0.44347716867923737,30.705098095849404
8426ae3ffffffff,2023,42,491.54766954452379,64.238825787219128
8426ae3ffffffff,2023,51,1.5543089285492897,34.4208757367784
8426ae3ffffffff,2023,53,18.114116199665212,39.102948802473783
8426e27ffffffff,2023,42,0.28442113846540451,32.248099830569522
8444683ffffffff,2023,42,0.076707266271114349,26
842aa25ffffffff,2023,42,0.067155249416828156,32
842ad2dffffffff,2023,53,240.28339847922325,73.932403602014915
8426027ffffffff,2023,42,48.276122726500034,71.1695274321952
8426227ffffffff,2023,42,71.385840199887753,57.276402289554035
8428f01ffffffff,2023,42,69.572446738680213,32.702365275000375
8428f01ffffffff,2023,53,8.3122817203402519,24.356436323864102
842794dffffffff,2023,51,1890.1360887611177,62.803044736985179
842794dffffffff,2023,52,4702.6341970683025,77.95091550280668
842794dffffffff,2023,53,2060.3114923275134,67.977338327540224
8426137ffffffff,2023,42,0.13360138982534409,25.499993726185647
8426137ffffffff,2023,51,0.66769727319478989,39.802142334656388
8426137ffffffff,2023,53,1.1426644060833782,31.468492339353837
8428901ffffffff,2023,51,2.9279644191265106,37.101756347623194
842aa2bffffffff,2023,42,2.3606558740139008,40.144881373442729
842af2dffffffff,2023,42,0.21613584458827972,17.333417444401032
84278e7ffffffff,2023,42,0.31213521957397461,34.400330738853796
84278e7ffffffff,2023,51,1.3163692802190781,30.821095536093612
84278e7ffffffff,2023,52,1.8170729242265224,44.914394667522259
84278e7ffffffff,2023,53,2.0262558404867557,39.183633147844532
8428831ffffffff,2023,42,0.12667369842529297,21
8428831ffffffff,2023,51,0.063059628009796143,36
8428831ffffffff,2023,53,0.189802348613739,28.004997872410584
8426b15ffffffff,2023,42,0.19962042570114136,31.002772407306495
8426dc1ffffffff,2023,42,0.074196435511112213,19
8426dc1ffffffff,2023,53,0.29601911455392838,29.75103685375452
844441bffffffff,2023,53,0.6111384704709053,76.00377296765717
8426d31ffffffff,2023,53,17.528138433250724,34.092517125180315
8426de3ffffffff,2023,42,0.074762582778930664,20
8426de3ffffffff,2023,53,2.9171392321586609,34.483880862295223
8428ab5ffffffff,2023,42,0.25519505143165588,19.50055973864071
8428ab5ffffffff,2023,53,2.811172641813755,33.320442995818247
8448ebbffffffff,2023,51,1.8020778521895409,32.790761274009952
8427945ffffffff,2023,51,2293.2213818063046,52.108518546009783
8427945ffffffff,2023,52,5205.6502740301485,69.792582517206526
8427945ffffffff,2023,53,5744.9025904313021,64.967262434954336
8426a07ffffffff,2023,42,0.46172970533370972,24.997181676875311
842b8c7ffffffff,2023,42,0.5141180232167244,28.999939119253412
8426959ffffffff,2023,42,0.54196801781654358,34.492776167117093
842b1e1ffffffff,2023,42,0.25259748101234436,45.249999705041375
8426a87ffffffff,2023,42,0.13678422570228577,29.009316042797408
8426a87ffffffff,2023,53,3.1434913128614426,34.697745523214969
8426f37ffffffff,2023,53,0.21491079032421112,48.3332975557013
842aa27ffffffff,2023,42,0.74412992596626282,42.012873446710039
8444eb5ffffffff,2023,53,1.040239505469799,33.142874913721194
8429a8bffffffff,2023,51,94.980153695099489,51.660330177272392
8429a8bffffffff,2023,53,1.8811574346002411,27.590890213899705
8448c57ffffffff,2023,42,0.22726429253816605,32.666663432001229
842605dffffffff,2023,42,186.84198068082333,73.273754602715556
842605dffffffff,2023,53,0.77400976419448853,23.166413991852131
84278b5ffffffff,2023,42,3.9717997759580612,25.726067522148238
842ab65ffffffff,2023,42,1729.0842245674016,72.0506022918263
842ab65ffffffff,2023,53,0.065750271081924438,18
84275e1ffffffff,2023,42,3.4348280653357506,39.885853172541943
84275e1ffffffff,2023,53,1.4922438934445381,32.3909046374955
8448dbdffffffff,2023,42,0.14467077702283859,37.000010248548939
8444da5ffffffff,2023,53,0.6611471101641655,40.889644817443525
8412da9ffffffff,2023,42,0.23774780705571175,26.496774119549876
8412da9ffffffff,2023,53,1.010427463799715,25.585836387359741
842a80dffffffff,2023,53,0.068964280188083649,56
8428331ffffffff,2023,42,105.963409975025,40.019723065343094
8428331ffffffff,2023,51,0.069648526608943939,30
8428331ffffffff,2023,53,0.55586894601583481,24.371620564467094
8427563ffffffff,2023,42,5.3150301203131676,31.342630247820171
84261b5ffffffff,2023,53,15.900515206158161,52.670939063359526
8427451ffffffff,2023,42,0.18851108103990555,26.333322662041493
8428983ffffffff,2023,52,0.061053119599819183,48
8428983ffffffff,2023,53,0.84631319769165092,48.489699596808407
8426549ffffffff,2023,53,0.06888386607170105,25
8444e37ffffffff,2023,42,0.38070937246084213,37.79439878474961
8444e37ffffffff,2023,53,0.83787991106510162,42.9996414939015
8412dbdffffffff,2023,42,4.3195905379804911,38.09698495147105
8412dbdffffffff,2023,51,1.0802461802959442,26.00409084359341
8412dbdffffffff,2023,52,0.48137173429131508,31.504462233487867
8412dbdffffffff,2023,53,5.4031052999198437,27.019713821026841
8426f69ffffffff,2023,42,4.4392414912581444,41.777848479570189
8426f69ffffffff,2023,53,24.375679731369019,38.104241583234796
8427987ffffffff,2023,42,17.970338515937328,38.388966461524817
8427987ffffffff,2023,51,0.69895349442958832,41.077131282315314
8427987ffffffff,2023,52,2.9213796630501747,51.343876591206651
8427987ffffffff,2023,53,5.7220201790332794,36.11100920078615
8428aa1ffffffff,2023,51,0.12850919365882874,27.50118255735725
8428aa1ffffffff,2023,53,0.96499615907669067,39.185917038713342
8427a91ffffffff,2023,42,2323.3470096165938,76.726939911526017
8427a91ffffffff,2023,53,695.58605865063328,69.681224003206864
8444e05ffffffff,2023,53,2.857430174946785,30.621717322387756
84269edffffffff,2023,42,0.97927602380514145,38.424291760771574
842b8cdffffffff,2023,42,1.337515689432621,30.570969022620684
8428f09ffffffff,2023,42,987.71349225500057,48.285127638736888
8428f09ffffffff,2023,53,52.557904191315174,40.382987094602527
84279cbffffffff,2023,51,3.5952231176197529,31.738500549024494
84279cbffffffff,2023,52,13.81908393651247,32.210262896342243
84279cbffffffff,2023,53,360.46765760624527,82.428346929601332
84281c3ffffffff,2023,42,1.0018875822424889,31.133344483190903
84281c3ffffffff,2023,53,0.73338904976844788,30.81205203147065
842aaebffffffff,2023,42,231.30006387993402,67.6737433418702
84288b7ffffffff,2023,42,10.755693830549717,24.094071250687712
84288b7ffffffff,2023,51,196.85522829519184,76.995309117077241
84288b7ffffffff,2023,52,1.6996969804167747,25.715711942640009
84288b7ffffffff,2023,53,152.5424798397749,77.5737134806303
84264a3ffffffff,2023,53,1.9136348366737366,34.5757342480478
8426831ffffffff,2023,42,1.0404787585139275,38.126108180127567
84266d3ffffffff,2023,53,0.354049876332283,50.800004292950071
842751bffffffff,2023,42,159.51223800383946,42.943235366443723
842751bffffffff,2023,53,80.018541831304049,41.043386036251547
8427917ffffffff,2023,51,3.0925915725529194,26.916551752141633
8427917ffffffff,2023,52,4.5137282647192478,32.753485311521253
8427917ffffffff,2023,53,8.4118291959166527,38.944548754789217
8428d57ffffffff,2023,42,0.0602533258497715,25
8428d57ffffffff,2023,53,0.060515686869621277,16
842b991ffffffff,2023,42,72.83768709071127,36.601821319275736
842b991ffffffff,2023,53,27.614814147353172,35.468116698123907
842b883ffffffff,2023,42,0.13154891133308411,24
842b883ffffffff,2023,53,0.26257815957069397,36.999161583903863
84270bdffffffff,2023,42,2.789280042052269,32.61062556476422
8427537ffffffff,2023,42,21.467855733983654,35.705381584560328
8427537ffffffff,2023,53,139.3699388749167,54.940581151585569
8412d95ffffffff,2023,51,2.0963473506271839,33.998168400916313
8412d95ffffffff,2023,52,0.41986730322241783,33.002648657866978
8412d95ffffffff,2023,53,2.510877463966608,38.403729841777952
8428f33ffffffff,2023,42,0.24615770950913429,23.747016051177635
8428f33ffffffff,2023,53,1.4145810380578041,28.172222813500088
8444e17ffffffff,2023,42,0.5343475416302681,25.424113943277415
8444e17ffffffff,2023,53,1.7588289082050323,36.956782441623744
84281abffffffff,2023,42,0.39308500289916992,38.671219168469079
842aad7ffffffff,2023,42,520.46214695304047,67.623964303852929
842aad7ffffffff,2023,53,119.69998955726624,73.505021475961215
842630dffffffff,2023,42,458.46059183414081,68.752379453423018
842630dffffffff,2023,52,0.62436014786362648,23.299943912425366
842630dffffffff,2023,53,246.90948823757617,65.11368857931285
8426669ffffffff,2023,42,0.4713163897395134,29.428541623672135
8444c4dffffffff,2023,42,0.91824182122945786,21.66592920204987
8444c4dffffffff,2023,53,5.2066463381052017,43.036435707964465
8448c47ffffffff,2023,42,2.4388347864151,42.910113781830461
8426c49ffffffff,2023,42,0.85676759481430054,27.000445564701973
8426c49ffffffff,2023,53,4.6461031213402748,38.789501725097459
842749dffffffff,2023,42,49.781693249940872,65.124271401779168
842749dffffffff,2023,53,0.26593441516160965,32.744286691945305
8426c19ffffffff,2023,53,0.65731172263622284,34.113438615009713
8428b01ffffffff,2023,42,284.60619180018409,63.838832669455087
8428b01ffffffff,2023,53,63.551914177834988,67.127487292282979
8426a55ffffffff,2023,42,0.0650801733136177,36
842ad45ffffffff,2023,42,3.2913379296660423,45.451068862806515
8428933ffffffff,2023,51,1.2455286346375942,31.801442631936556
8428933ffffffff,2023,52,0.80905100330710411,35.246181395696318
8428933ffffffff,2023,53,0.43528909236192703,24.137837260830242
8448e95ffffffff,2023,51,0.98455010880442229,35.574885776925541
8426721ffffffff,2023,53,0.13666334748268127,23
8444529ffffffff,2023,42,0.69412119686603546,54.223552776160844
8444529ffffffff,2023,53,2.7759433165192604,38.359879191844037
84274cdffffffff,2023,42,535.42601522473137,63.397088918169572
84274cdffffffff,2023,53,4.9764795899391174,27.832710368518711
842789bffffffff,2023,53,1.6494790299558173,27.353751499719031
84262ebffffffff,2023,42,4.84566567838192,36.893863889485736
84262ebffffffff,2023,53,43.118023939430714,46.985464134753521
8427869ffffffff,2023,51,0.89113641902804375,31.067004097037341
8427869ffffffff,2023,52,42.077411070466042,39.454547328066141
8427869ffffffff,2023,53,1711.8633789718006,76.273089598051456
8426559ffffffff,2023,53,0.069655627012252808,18
842ad39ffffffff,2023,42,0.22332312911748886,46.331057032474526
842ad39ffffffff,2023,53,10.864689387381077,58.130110892873375
842a145ffffffff,2023,53,8.4241119176149368,43.642018699608613
8426659ffffffff,2023,42,8.1182684823870659,53.432644410744096
84279ebffffffff,2023,51,1.7515911161899567,35.144706504930909
84279ebffffffff,2023,52,1.1255769059062004,43.034800955502291
84279ebffffffff,2023,53,181.32087349146605,64.604626558980243
8426697ffffffff,2023,53,0.071915946900844574,22
842aa01ffffffff,2023,42,41.934638857841492,43.546118774347839
8448959ffffffff,2023,42,0.318538635969162,33.499292035100162
8448959ffffffff,2023,53,196.72069100126916,49.377847420219737
8428f43ffffffff,2023,42,612.89801280174186,50.187006834981489
8428f43ffffffff,2023,53,56.291190138167025,38.913005724664878
8448887ffffffff,2023,53,1.3082663714885712,43.93620591740401
84288c9ffffffff,2023,42,0.0637974813580513,21
84288c9ffffffff,2023,53,1.402756355702877,29.908585298451911
8426a0bffffffff,2023,42,0.13097727298736572,24
8426b61ffffffff,2023,42,0.13098357617855072,53
8426195ffffffff,2023,42,0.68518612533807755,37.48852269295228
8426195ffffffff,2023,53,0.47999396920204163,24.866197346628649
8426e37ffffffff,2023,42,0.071767367422580719,36
8426e37ffffffff,2023,53,0.071797825396060944,31
842aad5ffffffff,2023,42,421.752896672984,73.349616022909572
842aad5ffffffff,2023,53,0.41916435956954956,24.834477251116297
842ad61ffffffff,2023,42,1.3181391432881355,41.176765820656627
842ad61ffffffff,2023,53,1.4637538269162178,22.999616189847636
8426c29ffffffff,2023,42,6.1102207973599434,34.73278198809993
8426c29ffffffff,2023,53,0.72774802148342133,31.281282342031957
84444c3ffffffff,2023,53,3.5520948469638824,46.726522200857843
8448c63ffffffff,2023,42,0.37917724996805191,29.397600922371197
8427467ffffffff,2023,42,2.9459270164370537,54.571478782981295
8427467ffffffff,2023,53,0.50114451348781586,24.000361152320316
84276e5ffffffff,2023,42,0.81273927912116051,30.395088585821686
8448881ffffffff,2023,53,0.61768943816423416,51.500000271395386
84261a5ffffffff,2023,42,101.91590368002653,51.964185567589489
84261a5ffffffff,2023,53,0.68274611234664917,29.69879942772231
8428a93ffffffff,2023,53,0.06440550833940506,35
842b1a5ffffffff,2023,42,0.127567857503891,45
8426a35ffffffff,2023,42,0.86886854469776154,26.381513497941246
8426adbffffffff,2023,42,3.7121678367257118,28.268198030681809
8426adbffffffff,2023,51,0.20289348065853119,23.006121349878537
8426adbffffffff,2023,53,0.60848554968833923,22.884265246576362
842b8d1ffffffff,2023,53,0.19568300992250443,34.668185798204085
84271d5ffffffff,2023,42,545.99177826710184,62.214622633377225
84271d5ffffffff,2023,53,0.11865568906068802,36
84271b3ffffffff,2023,42,1949.4234134607748,70.721069054978372
84271b3ffffffff,2023,53,1.4787105806171894,22.874817086519396
842aa45ffffffff,2023,42,349.79961473290246,59.287448400849918
842aa45ffffffff,2023,53,196.54185178875923,63.903339215399718
8426983ffffffff,2023,42,0.35691773891448975,34.4034644375515
842a85bffffffff,2023,42,0.90183620192840985,32.257060532519141
8448c53ffffffff,2023,42,5.222202911973,40.288836522051739
8426101ffffffff,2023,42,0.98392070084810257,23.333348288701856
8426101ffffffff,2023,51,0.52247683703899384,29.249578150101815
8426101ffffffff,2023,53,188.14363533422059,59.89357910567977
842ad2bffffffff,2023,42,12.796560137441347,43.9728120287766
842ad2bffffffff,2023,53,1.92694990336895,25.886138659149378
842aa89ffffffff,2023,42,118.19894794374704,78.68690056989945
842a905ffffffff,2023,42,5.69767302274704,36.344939726129915
8426b57ffffffff,2023,42,17.089362949132919,40.686610550080225
842790bffffffff,2023,51,962.8808503418868,55.025157507712656
842790bffffffff,2023,52,698.974199776512,42.798860257829553
842790bffffffff,2023,53,2396.29706913256,69.379105872662763
842b89bffffffff,2023,42,0.19920851290225983,38.666760767368032
842b89bffffffff,2023,53,0.066289216279983521,24
842894bffffffff,2023,42,4.2823144495487213,27.743411925978833
842894bffffffff,2023,51,0.32387580722570419,27.996532771258256
84446d1ffffffff,2023,42,0.54218696057796478,40.001340202323718
8426c0dffffffff,2023,42,5.1643828288012861,30.605485852521472
8426c0dffffffff,2023,53,124.88571754097939,80.13710333868076
8426661ffffffff,2023,42,0.81006054580211639,24.333324666165815
8426661ffffffff,2023,53,0.1347360834479332,20.4999989769946
842a133ffffffff,2023,42,0.13872157037258148,19
84278e9ffffffff,2023,42,4.3308195173740387,36.674658454145749
84278e9ffffffff,2023,51,463.6093051693457,75.7066213892765
84278e9ffffffff,2023,52,175.20264309555586,61.1642589692205
84278e9ffffffff,2023,53,641.12285909522689,70.422830735790328
84444c9ffffffff,2023,53,14.991993822157383,39.583944594326951
84270b7ffffffff,2023,42,5.0854878990527457,40.084314507945031
84271a3ffffffff,2023,42,806.57628884407541,55.314885998523557
84271a3ffffffff,2023,52,1.336330235004425,28.510302523748877
84271a3ffffffff,2023,53,94.80232738751701,34.377868873227484
842a94bffffffff,2023,42,2.3745104297995567,36.40119959311756
8426b47ffffffff,2023,42,0.58706796914339066,31.666248217572477
8426db3ffffffff,2023,42,0.84037548303604126,30.182082589878931
8426db3ffffffff,2023,53,0.15274909138679504,36
8426f29ffffffff,2023,53,0.21125837415456772,24
8428ac3ffffffff,2023,53,0.13187219202518463,16
842a847ffffffff,2023,42,0.41196051239967346,31.005333824877646
842881bffffffff,2023,42,3.0629680380225182,19.9794584230533
842881bffffffff,2023,51,0.89261817932128906,28.137981775479766
842881bffffffff,2023,53,5.4861209467053413,27.561498935438582
8448c2bffffffff,2023,42,0.22569286823272705,33.667574497596462
8426665ffffffff,2023,42,1.8908307328820229,29.287364648393222
8426665ffffffff,2023,53,25.702443957328796,50.903529801079436
8428309ffffffff,2023,42,0.85214321315288544,28.093170175903651
8428309ffffffff,2023,51,0.071066029369831085,25
8448d27ffffffff,2023,53,40.427079953019529,33.540632816302114
8448997ffffffff,2023,42,0.22885781526565552,29.663844994670015
8448997ffffffff,2023,53,0.45747673511505127,61.676599596413688
8448d85ffffffff,2023,42,0.87607158720493317,31.835427163777542
8426841ffffffff,2023,42,4.0380200669169426,38.264201456100061
842aa41ffffffff,2023,42,43.940496085467288,52.042621053532969
842aa41ffffffff,2023,53,6.2631186602746745,30.083320002639468
842881dffffffff,2023,42,0.51269695907831192,30.504194649439967
842881dffffffff,2023,53,0.89756984263658524,32.572158919350606
8428881ffffffff,2023,42,978.11311193952974,47.819380597833394
8428881ffffffff,2023,51,17.4463095292449,25.768508982411312
8428881ffffffff,2023,52,0.31094995513558388,20.402621023341887
8428881ffffffff,2023,53,548.72954494954615,34.417393614298724
842aa11ffffffff,2023,42,74.5696065723896,63.943132021328267
8448ea3ffffffff,2023,42,0.30020340532064438,32.750013470209019
8426a41ffffffff,2023,42,2.9069823622703552,33.801197091816988
8426a8bffffffff,2023,42,193.31986228680495,53.73352359653348
8426a8bffffffff,2023,51,166.37796299729277,65.007478024300028
8426a8bffffffff,2023,53,16.327433472491947,34.097328826266292
8426723ffffffff,2023,53,0.068741671741008759,17
8427805ffffffff,2023,51,0.48313511162996292,26.131370066822271
8427805ffffffff,2023,52,1.9900881983339787,30.705081795016831
8427805ffffffff,2023,53,8.20139579102397,39.763002588773752
8448ea5ffffffff,2023,42,4.9023852795362473,34.091741061321308
8448ea5ffffffff,2023,51,0.075438380241394043,25
842880bffffffff,2023,42,19.662012651562691,42.634401755780971
842880bffffffff,2023,53,12.684654571115971,35.237627053163905
8426a4dffffffff,2023,42,0.25699323415756226,29.000375206041518
84261c7ffffffff,2023,42,0.133910670876503,17
84261c7ffffffff,2023,53,0.1340516209602356,36.49940418307942
84441a1ffffffff,2023,53,0.63231254369020462,40.500095295548348
842a305ffffffff,2023,42,0.065972395241260529,36
84279a3ffffffff,2023,42,1154.0862712625776,79.6768462867395
8428f05ffffffff,2023,42,2.0814144164323807,34.969698576167183
84264b5ffffffff,2023,53,63.239470489323139,60.625943548458132
84268bdffffffff,2023,53,1.2120808884501457,62.641029595868076
8426a21ffffffff,2023,42,10.914802595973015,41.7609252753894
84278b1ffffffff,2023,42,0.12834599614143372,34
84278b1ffffffff,2023,51,0.44811557978391647,24.856494087502288
8426c13ffffffff,2023,42,0.58937866985797882,26.124416469104521
8426c13ffffffff,2023,53,4.8694626614451408,43.985368318439413
8428d0bffffffff,2023,42,1.0847272872924805,27.278047989708497
8428d0bffffffff,2023,53,0.30046036839485168,23.800079105598151
842672bffffffff,2023,53,0.0683070495724678,25
842ad35ffffffff,2023,42,0.074486188590526581,29
842ad35ffffffff,2023,53,1.3425631448626518,27.943042793317435
842ad69ffffffff,2023,42,2.337138943374157,38.054162554971185
842ad69ffffffff,2023,53,2.4108710065484047,28.908085733754682
8426b53ffffffff,2023,42,0.39484469592571259,20.498564397147376
8426d8bffffffff,2023,42,6.9006876349449158,33.827195571821377
8426d8bffffffff,2023,53,3.1501472741365433,39.61823280679743
8426c59ffffffff,2023,42,0.28818399459123611,22.497079466147884
8426c59ffffffff,2023,53,0.36017674207687378,27.000091535113988
84264e3ffffffff,2023,53,2.0306264832615852,31.926892489109537
8428a03ffffffff,2023,42,0.26719076186418533,28.246199758812576
8428a03ffffffff,2023,53,1.1347856745123863,24.05730526076524
8426853ffffffff,2023,42,87.851471166225039,55.942572199708721
8426183ffffffff,2023,42,1.0252239555120468,46.333358650084016
8426183ffffffff,2023,53,1.9799350500106812,26.550846443072476
8448981ffffffff,2023,53,1.1574172228574753,67.541529307079927
8448d6dffffffff,2023,53,0.15213625133037567,54
8428891ffffffff,2023,42,355.06401181147959,73.109070755163231
8428891ffffffff,2023,53,84.234763854157691,73.9992860366856
842aacdffffffff,2023,42,12.288035616278648,39.03022748478692
8448c89ffffffff,2023,42,0.3699449822306633,42.799937748190324
8448821ffffffff,2023,42,0.15776067972183228,21.492320683395139
842a311ffffffff,2023,42,0.8057826384902,41.499981789234731
8428949ffffffff,2023,42,0.91228539496660233,46.940260863351952
8428949ffffffff,2023,51,1.695519432425499,42.538022577316255
8428949ffffffff,2023,53,1.368015430867672,24.240873507980197
8448cadffffffff,2023,42,0.43946037441492081,48.165942239349384
8444d5bffffffff,2023,53,11.354175888001919,39.613394279757124
8448993ffffffff,2023,42,2.9760912656784058,30.023835030798594
842ad25ffffffff,2023,42,0.22179477661848068,36.660725321360886
842ad25ffffffff,2023,53,1.6260701417922974,29.953936362323425
8448d9bffffffff,2023,42,0.14513858407735825,62.001303787323018
8448991ffffffff,2023,42,0.91872816532850266,33.5009352677606
8426c61ffffffff,2023,53,0.14447043836116791,40
8444f5bffffffff,2023,53,33.9070343375206,33.815188936248965
84275c1ffffffff,2023,42,744.11663041219992,53.516508299474609
84275c1ffffffff,2023,53,201.16958069225737,55.24737019480105
84275adffffffff,2023,53,0.13101673126220703,21
8426d05ffffffff,2023,42,0.072945058345794678,40
84271b9ffffffff,2023,42,12105.397553914421,79.130180121828815
84271b9ffffffff,2023,53,16.141096327453852,41.635902631424329
84289bdffffffff,2023,51,0.424471452832222,29.143145301498848
84289bdffffffff,2023,52,12.610694151371717,41.005278655525807
84289bdffffffff,2023,53,452.27188959570196,46.199688858815108
8448ab7ffffffff,2023,53,0.23428178578615189,44.333235267207719
8448d07ffffffff,2023,42,0.22461166977882385,41.665380430232418
8426addffffffff,2023,42,1.0112522467970848,32.538448679030282
8426addffffffff,2023,51,5.3248599055350994,27.172685345994633
8426addffffffff,2023,53,9.63261030614376,28.624120692469955
8426b2bffffffff,2023,42,0.19969082623720169,37.678322280509228
84446c3ffffffff,2023,42,0.38793785125017166,22.201171610960461
8428321ffffffff,2023,42,0.20998083800077438,23.334927382676266
842992dffffffff,2023,42,0.28500118106603622,26.248001978238591
8426aabffffffff,2023,42,1.7808472812175751,30.458975262938516
8426aabffffffff,2023,53,2.4682500660419464,40.248054019785314
842889bffffffff,2023,42,11.877569075673819,29.561817472625574
842889bffffffff,2023,51,0.12355915457010269,23.503662845293448
842889bffffffff,2023,53,7.1178123392164707,28.607246427276394
8444f09ffffffff,2023,42,0.54429148882627487,74.42748044048281
8444f09ffffffff,2023,53,1.7099405229091644,35.228192320134504
8427887ffffffff,2023,51,0.37892664223909378,41.505397456988312
8427887ffffffff,2023,53,0.18994493037462234,53.340066636131347
8428a1bffffffff,2023,53,0.066762730479240417,24
8426713ffffffff,2023,42,8.4150806069374084,43.281800636237186
84288e7ffffffff,2023,42,0.18610573559999466,35.336807468158156
84288e7ffffffff,2023,51,632.31348356470176,74.967386757475253
84288e7ffffffff,2023,52,361.47689650321706,32.93058162051949
84288e7ffffffff,2023,53,181.21103413273016,52.915518912373493
8428d59ffffffff,2023,53,0.12228928506374359,18.500640300388891
8426cc5ffffffff,2023,53,0.14821640402078629,42.499860279373891
84270b1ffffffff,2023,42,3.177461463958025,35.273209982838758
84270b1ffffffff,2023,53,0.55039118230342865,35.445006328086322
842a893ffffffff,2023,42,2.3291785195469856,38.587817838431455
842a893ffffffff,2023,53,0.94593172520399094,31.773239130403446
8444437ffffffff,2023,53,0.22750414162874222,48.999998035047483
8427561ffffffff,2023,42,0.37179257348179817,69.6944331318026
8427561ffffffff,2023,53,0.18602333217859268,28
8444c6bffffffff,2023,42,0.15206924825906754,24.500002131267561
8444c6bffffffff,2023,53,1.3678006008267403,43.497526839195956
8426295ffffffff,2023,53,3.1056275218725204,35.744756413683682
8426053ffffffff,2023,42,1.5649120584130287,31.87437410951334
8426053ffffffff,2023,53,0.065234094858169556,19
842695bffffffff,2023,42,0.13650792837142944,27
8426b55ffffffff,2023,42,170.04064644128084,70.801615735493982
842625bffffffff,2023,42,0.99865923449397087,39.181211283698325
842625bffffffff,2023,53,0.93608136102557182,32.531678677209634
8426c37ffffffff,2023,42,26.933427430835422,41.232848323388673
8426c37ffffffff,2023,53,3.7049872875213623,54.4310495668296
842a321ffffffff,2023,42,0.19773168116807938,32.000654430706518
8426a97ffffffff,2023,42,41.85281936856461,42.9004597664744
8426a97ffffffff,2023,53,63.439609888780353,60.525566005609846
8448807ffffffff,2023,42,0.47318203002214432,23.666815458249285
8448dcdffffffff,2023,42,0.074345000088214874,36
842604bffffffff,2023,42,2.6382907554507256,34.589982825197936
842604bffffffff,2023,53,0.12866166234016418,26
84289a7ffffffff,2023,51,0.18159321695566177,32
84289a7ffffffff,2023,53,0.060249287635087967,26
8428f37ffffffff,2023,42,0.061614081263542175,20
8428f37ffffffff,2023,53,10.180727127939463,36.897459211432007
8427095ffffffff,2023,42,0.060829516500234604,55
8429a99ffffffff,2023,42,16.011444196105003,27.09368481012995
8429a99ffffffff,2023,51,0.57964745163917542,22.373205985107976
8429a99ffffffff,2023,53,18.835129417479038,27.675974424430258
842aa07ffffffff,2023,42,0.54083920270204544,38.235303703285936
842606bffffffff,2023,42,0.064453579485416412,27
842606bffffffff,2023,53,0.064548753201961517,21
842ad0dffffffff,2023,42,52.82910244166851,52.052254441395817
842ad0dffffffff,2023,53,0.66172925382852554,32.659320289610193
842675dffffffff,2023,42,4.6461399346590042,47.151314078784161
8427183ffffffff,2023,42,8825.1833916851137,72.350766129563013
8427183ffffffff,2023,53,0.6638091653585434,35.910821356467778
8427555ffffffff,2023,42,0.50048922002315521,24.247862292321944
842ab61ffffffff,2023,42,93.076553478983087,60.876739428019796
8427085ffffffff,2023,42,1.7985960133373737,44.9482467548038
84260ebffffffff,2023,42,1.1419226676225662,39.705990273162918
8427405ffffffff,2023,42,4.993266649544239,37.124078264639515
8427405ffffffff,2023,53,0.56820522993803024,26.213021913644738
8426953ffffffff,2023,42,0.547745943069458,24.999803909876022
84261ebffffffff,2023,42,0.26885859668254852,25.248826221214618
842bad3ffffffff,2023,42,0.2544909194111824,44.251135975956807
8426023ffffffff,2023,53,0.1323973685503006,17
8426aadffffffff,2023,42,39.500569306313992,55.521675586558359
8444ee5ffffffff,2023,42,0.15165215730667114,33.002429743965045
8444ee5ffffffff,2023,53,0.30328162759542465,39.249987501772168
8426743ffffffff,2023,42,108.72389080375433,75.631662100227132
84274d3ffffffff,2023,42,29.083236525076277,34.414435086783122
8448995ffffffff,2023,42,0.076370202004909515,28
8448995ffffffff,2023,53,0.076677419245243073,90
84488ddffffffff,2023,53,0.23411697894334793,45
842795dffffffff,2023,51,95.045425950940341,26.785288936291902
842795dffffffff,2023,52,107.54128956211842,52.009421265015369
842795dffffffff,2023,53,160.04966807068857,30.161031351001693
8412db1ffffffff,2023,42,3.683764636516571,35.615672909292975
8412db1ffffffff,2023,51,95.482449478159339,63.465505356254447
8412db1ffffffff,2023,52,136.32735874188296,58.877992352886778
8412db1ffffffff,2023,53,78.080792207270861,50.333058879585622
84276b1ffffffff,2023,42,10153.421837574944,90.6158272377107
842888dffffffff,2023,42,119.62048519472866,36.67795576526364
842888dffffffff,2023,51,4560.8850950815522,84.017869763975511
842888dffffffff,2023,52,4.8876455803420029,28.5329051578685
842888dffffffff,2023,53,5285.3564907185009,76.379198414472867
8426317ffffffff,2023,51,0.12746556103229523,21.501902603310775
8426317ffffffff,2023,53,0.44722228497266769,28.861160101216893
8426987ffffffff,2023,42,1890.7198259126612,67.9931027190491
8426987ffffffff,2023,53,0.071153640747070312,32
8427463ffffffff,2023,42,14.931034505367279,40.58989031114028
8427463ffffffff,2023,53,0.81634162366390228,24.692181692022995
8426dd7ffffffff,2023,42,3.819672666490078,30.882091682893272
8426dd7ffffffff,2023,53,0.074937544763088226,59
8427953ffffffff,2023,51,0.18194732442498207,21.6706642004657
8427953ffffffff,2023,52,1.6361127756536007,32.214248939012663
8427953ffffffff,2023,53,13.046931564807892,38.748315001557692
8427507ffffffff,2023,42,2087.1045113091081,80.7259898686265
8426b05ffffffff,2023,42,0.99193941056728363,34.5892866319842
842793bffffffff,2023,51,5.9481115899980068,33.687646350612034
842793bffffffff,2023,52,5.5786264128983021,32.6246702479105
842793bffffffff,2023,53,253.41882079094648,68.671918050016245
8426dcbffffffff,2023,42,69.984270170856931,75.24475394722738
8426dcbffffffff,2023,53,5.5606939196586609,52.925095852352769
842aaddffffffff,2023,42,223.52976329463957,47.640349495169922
842aaddffffffff,2023,53,0.41678145527839661,28.165579378134861
842aa19ffffffff,2023,42,201.24841288477182,60.596406170775658
8428921ffffffff,2023,51,2.01940406113863,28.492819706476713
8428921ffffffff,2023,52,2.9636104553937912,40.618043413843985
8428921ffffffff,2023,53,2.9662309437990189,30.570029517524954
8428ad7ffffffff,2023,42,2.1848339691173795,39.479649309583053
8428ad7ffffffff,2023,53,1.5056985318660736,41.477825695691529
842601bffffffff,2023,42,0.79430888593196869,23.833333867990696
8428305ffffffff,2023,42,435.85556963372454,74.549975928927168
8428305ffffffff,2023,51,0.21153990924358368,27.332526591793595
8428305ffffffff,2023,53,2.3212307170033455,22.604292305750306
8428185ffffffff,2023,42,2.4335965067148209,33.370484797325027
8428185ffffffff,2023,53,0.19748544692993164,24.999585453101119
844891bffffffff,2023,42,3.3755187764763832,29.488852650321878
844891bffffffff,2023,53,4.4760756120085716,44.1548960392825
84260e7ffffffff,2023,53,0.20246636122465134,20.340242340496584
842aa47ffffffff,2023,42,210.65316953086386,59.389656067527611
842aa47ffffffff,2023,53,19.177934315099435,31.176053050695305
8428a23ffffffff,2023,42,0.066014893352985382,25
8428a23ffffffff,2023,53,0.066342160105705261,26
8426ddbffffffff,2023,42,0.596651203930378,35.750559522926046
8426ddbffffffff,2023,53,0.22406116127967834,45.653152165166205
842816bffffffff,2023,53,0.27354677766561508,35.245122331640019
84261cbffffffff,2023,42,0.400381900370121,35.013277761845643
84261cbffffffff,2023,53,1.7360973730683327,32.884736691572854
8426ae5ffffffff,2023,42,0.27053091675043106,30
842a957ffffffff,2023,42,4.6093322858214378,25.820570214043695
8426651ffffffff,2023,42,0.068089999258518219,25
842aab7ffffffff,2023,42,0.0710858553647995,34
8426065ffffffff,2023,51,1.747788317501545,31.332892614492067
8426065ffffffff,2023,53,13.891144201159477,27.064374141147944
8428833ffffffff,2023,51,0.56512227654457092,29.113499287034834
8428833ffffffff,2023,53,0.062881991267204285,35
8428981ffffffff,2023,53,6.6245148032903671,33.880838503213432
84270a7ffffffff,2023,42,38.102771140635014,39.787342388811346
84270a7ffffffff,2023,53,0.18163380771875381,27.333337927549781
84288d9ffffffff,2023,42,0.88344893604516983,23.928680370921882
84288d9ffffffff,2023,53,9.5405633598566055,41.235451601575555
842624bffffffff,2023,42,1521.2861905823152,76.091589956313229
842624bffffffff,2023,53,2.0935049578547478,34.763955042317328
8426da9ffffffff,2023,53,6.0877655819058418,32.628546848366582
8428925ffffffff,2023,51,0.18933048099279404,24.99874088537921
8428925ffffffff,2023,52,0.4418000802397728,23.860773919559342
8428925ffffffff,2023,53,0.69365017861127853,39.8980760514556
842609dffffffff,2023,53,0.47706832736730576,54.5715670467069
8427429ffffffff,2023,42,16.350976444780827,35.6334094847925
8427429ffffffff,2023,53,1.5137985795736313,33.334560204630996
842aac3ffffffff,2023,42,153.02541873209617,58.053970349881745
84279a5ffffffff,2023,42,0.063754171133041382,31
8427ad5ffffffff,2023,42,8.04825634509325,27.892944876779076
8427ad5ffffffff,2023,51,0.059368479996919632,46
8427ad5ffffffff,2023,52,0.59618719667196274,24.401952227755817
8427ad5ffffffff,2023,53,1020.8680222665562,52.71833741679751
84446dbffffffff,2023,42,0.23223667591810226,32.9999730512518
8427497ffffffff,2023,42,3.1536406278610229,43.271382366354807
84288c7ffffffff,2023,42,14.426139168441296,52.549762475834889
84288c7ffffffff,2023,51,619.9282502734485,82.7387861524064
84288c7ffffffff,2023,53,4226.82115282393,86.605359775295327
842a34dffffffff,2023,42,13.3907290995121,55.389903312954026
842b88dffffffff,2023,42,0.064738035202026367,21
842612dffffffff,2023,51,0.58833377063274384,24.667125014224688
8444f59ffffffff,2023,53,220.58607691526413,67.441979625603864
8444689ffffffff,2023,42,0.077241390943527222,18
842790dffffffff,2023,51,1924.2703296160437,70.110259740237424
842790dffffffff,2023,52,90.234395534019257,32.788077024006789
842790dffffffff,2023,53,3131.1055219628061,71.736432072958152
8427b35ffffffff,2023,51,1499.7644673147913,49.504799405571326
8427b35ffffffff,2023,52,333.59006365673514,41.334190555186211
8427b35ffffffff,2023,53,2428.8701315051489,58.976036050831162
842689dffffffff,2023,42,48.8740046992898,51.048594785564639
842689dffffffff,2023,53,0.21214689314365387,25.001758454083205
842aae7ffffffff,2023,42,8.2454897835850716,33.036083522345386
842a903ffffffff,2023,42,7.5233737528324127,33.901760155250855
8426a1dffffffff,2023,42,0.39653078466653824,31.503429659700622
842af2bffffffff,2023,42,52.377108119428158,61.558240837218626
8426a85ffffffff,2023,42,0.068234451115131378,40
8426a85ffffffff,2023,53,3.876297615468502,36.209163524360633
8427929ffffffff,2023,51,772.656824928449,70.966499000852778
8427929ffffffff,2023,52,782.10730463301434,73.177759285231375
8427929ffffffff,2023,53,828.70537084177431,68.03920091365265
842a897ffffffff,2023,42,0.80006779730319977,40.171928829666427
842a897ffffffff,2023,53,0.58147449046373367,24.12484805882719
8426239ffffffff,2023,42,3694.2032272041138,79.370606940975634
8426239ffffffff,2023,53,8.1902529150247574,27.929223626772085
84274edffffffff,2023,42,4.6048335967695007,32.4364596717843
84274edffffffff,2023,53,0.51926706731319427,27.37563231002763
84270a3ffffffff,2023,42,26.986842803657055,38.292328347653878
84270a3ffffffff,2023,53,0.1211230680346489,20
84268abffffffff,2023,53,0.56814189255237579,60.116473625486286
8427adbffffffff,2023,42,47.9452178966181,34.981115811022768
8427adbffffffff,2023,52,0.059553425759077072,24
8427adbffffffff,2023,53,59.146680258375177,37.577599531022621
842a843ffffffff,2023,42,4.9935766240253168,40.744209602771505
8426843ffffffff,2023,42,0.94634432345628738,36.218194539538409
842ad65ffffffff,2023,53,0.073053561151027679,30
842ad23ffffffff,2023,42,1.3369609788060188,29.99914341457146
842ad23ffffffff,2023,53,8.4743545651435852,44.784873475936465
8448db7ffffffff,2023,42,15.637108615128433,41.210028334470927
8448db7ffffffff,2023,53,10.890350565314293,62.619082257447232
8412dabffffffff,2023,42,0.41832311823964119,37.437138389967572
8412dabffffffff,2023,51,0.717136088758707,21.834161549247565
8412dabffffffff,2023,52,0.35869290307164192,20.333499768237076
8412dabffffffff,2023,53,3.7074075825512409,28.739551182215305
842780bffffffff,2023,42,0.30080130323767662,62.6
842780bffffffff,2023,51,1856.002842034005,85.500538821335937
842780bffffffff,2023,52,814.84777864536227,75.211393271922233
842780bffffffff,2023,53,4283.19025887654,83.86120024532876
84275b7ffffffff,2023,42,2.8843731060624123,25.628400437207784
8426dddffffffff,2023,42,185.00732321411954,55.05105327900759
8426dddffffffff,2023,53,64.8782381489873,72.394508248694891
8428f0dffffffff,2023,42,10.246211698183826,39.229332450239546
8428f0dffffffff,2023,53,0.25288538634777069,22.251304810819445
8427503ffffffff,2023,42,42.867828160524368,38.676038663641904
84260ddffffffff,2023,53,16.738047547638416,51.519414438126468
8428835ffffffff,2023,51,0.12582376599311829,24
842752dffffffff,2023,42,2.3252314925193787,47.152140246737638
842752dffffffff,2023,53,2.0727671161293983,29.209623358225418
8428923ffffffff,2023,51,21.72237603366375,33.955595727818434
8428923ffffffff,2023,52,120.69525529444218,52.00212388130349
8428923ffffffff,2023,53,108.6753695097624,50.22525341580846
842a917ffffffff,2023,42,0.06968400627374649,39
8426e39ffffffff,2023,53,0.071126736700534821,19
8444db1ffffffff,2023,53,0.07274019718170166,50
84276b7ffffffff,2023,42,10629.807472788409,83.663206227378708
8428b05ffffffff,2023,42,0.13291659951210022,19
8428b05ffffffff,2023,51,5.75066682158732,56.721243732886208
8428b05ffffffff,2023,53,0.066378183662891388,14
84262c7ffffffff,2023,42,0.45312545448541641,25.286346312767471
84262c7ffffffff,2023,53,197.45741607324749,51.207520164724883
8444e8bffffffff,2023,53,0.90169718116521835,31.082361596356787
8428f31ffffffff,2023,42,0.24761519208550453,24.749964739040994
8428f31ffffffff,2023,53,0.061916783452034,24
842a101ffffffff,2023,53,0.067993924021720886,24
842785bffffffff,2023,42,2.5116674602031708,39.660214122796013
842785bffffffff,2023,51,112.72418147223252,48.890893487753928
842785bffffffff,2023,52,7555.1578936048163,77.814041160512289
842785bffffffff,2023,53,13950.887034297339,82.211874827617208
8426307ffffffff,2023,51,0.2520100325345993,28.999983384684121
8426307ffffffff,2023,53,160.87663489626902,58.53016856475594
8428ac7ffffffff,2023,53,0.131684809923172,59
8428929ffffffff,2023,51,0.50708004832267761,24.623389202201402
8428929ffffffff,2023,52,0.25343194603919983,36.997826727337831
8428929ffffffff,2023,53,0.82487802952528,30.229040623907228
84289b1ffffffff,2023,52,0.24175915122032166,38.752745777876505
84289b1ffffffff,2023,53,4.7627404500894688,46.828973773097935
84288e5ffffffff,2023,42,0.12500107660889626,36.502533995141846
84288e5ffffffff,2023,51,2.7499729283007919,27.938823665829862
84288e5ffffffff,2023,52,3.6850391738116741,28.035145181678207
84288e5ffffffff,2023,53,5.4306007213890553,25.553172887243125
842a135ffffffff,2023,42,1.7894938066601753,32.537472534398141
842a135ffffffff,2023,53,6.5318593457341194,41.599990626575391
8427435ffffffff,2023,42,138.16104443645946,36.641117804036291
8427435ffffffff,2023,53,49.6635155086716,37.866957481843372
8444a9dffffffff,2023,53,0.2374473363161087,35.666669490670778
842668bffffffff,2023,53,1.769816555082798,30.400288427135052
8426c23ffffffff,2023,42,123.18769156187773,42.023958337301366
8426c23ffffffff,2023,53,57.174546740949154,52.065586526526104
8426433ffffffff,2023,53,0.43105990439653397,22.000940284705024
8448c1bffffffff,2023,42,6.08995246142149,28.074230545100367
84262cbffffffff,2023,42,1.8020695522427559,26.106467130950573
84262cbffffffff,2023,53,576.80501413643367,62.723426289424346
8426167ffffffff,2023,51,1.8877450078725815,31.313201252848586
8426167ffffffff,2023,53,0.13018800318241119,29
84275edffffffff,2023,42,1.0946936011314392,35.317656914759091
84275edffffffff,2023,53,0.32266116142272949,22.999921582840663
84275a1ffffffff,2023,42,0.660057783126831,33.6035532365559
84275a1ffffffff,2023,53,0.34926077399183719,33.621793126501359
8426119ffffffff,2023,42,20.092496298253536,27.920754520719733
8426119ffffffff,2023,51,0.65694352984428406,38.206613104976206
8426119ffffffff,2023,53,1.5098655819892883,23.868852931039065
8426031ffffffff,2023,42,0.26609141379594803,56.253611583184664
8426031ffffffff,2023,53,15.98860027641058,52.171268398574043
8426d47ffffffff,2023,53,5.1301070228219032,24.169438579921426
8448ee5ffffffff,2023,42,222.50531187875603,63.062027429609039
84261dbffffffff,2023,42,0.067462466657161713,35
84261dbffffffff,2023,53,1.6885069459676743,34.881662065770058
8412cb3ffffffff,2023,51,2.9404795952141285,30.084507526779888
8412cb3ffffffff,2023,52,17.988268673419952,37.7502276298963
8412cb3ffffffff,2023,53,71.106910104699,67.271357504495128
842ad21ffffffff,2023,42,1.9249986112117767,28.572561461915662
842ad21ffffffff,2023,53,2.8113624379038811,33.493007201174848
84278e1ffffffff,2023,42,1.9279652647674084,27.579876898385283
84278e1ffffffff,2023,51,12.063554544001818,36.144911409015194
84278e1ffffffff,2023,52,5.670735713897967,33.790530490644159
84278e1ffffffff,2023,53,10.296801618910303,36.245830500231307
8427951ffffffff,2023,51,0.662752840667963,31.996664514991682
8427951ffffffff,2023,52,10.29137996956706,29.660940886312517
8427951ffffffff,2023,53,2.8892946429550648,34.042160842572414
8429a1bffffffff,2023,42,1.0394380390644073,48.49987195992815
8429a1bffffffff,2023,51,0.14849594235420227,69
8429a1bffffffff,2023,53,0.22263806313276291,22.00001459073572
84268bbffffffff,2023,42,8.438237413764,37.255055631641028
84268bbffffffff,2023,53,1.5017577931284904,41.718924985254823
842633dffffffff,2023,51,0.12735112756490707,25.000400929538724
842633dffffffff,2023,53,2.924223892390728,29.021262662727338
8444f51ffffffff,2023,53,460.73057048764883,72.041356380163563
8426dd3ffffffff,2023,42,0.74918529391288757,40.101201188042857
8426dd3ffffffff,2023,53,0.14990608394145966,26
8426f07ffffffff,2023,53,0.070810742676258087,39
8448c5dffffffff,2023,42,4.8057032451033592,45.460293260837119
8428f69ffffffff,2023,42,0.12806293368339539,30
8428f69ffffffff,2023,53,0.27478353255519677,30.027564960667934
8426951ffffffff,2023,42,0.068374678492546082,21
84269cbffffffff,2023,42,9.730078786611557,43.626459626218747
842756bffffffff,2023,42,1.9838700108230114,27.878049634149235
8427197ffffffff,2023,42,1669.9993038434604,74.561988976420537
8427197ffffffff,2023,53,0.12244220077991486,26
8428d5dffffffff,2023,42,0.67221205309033394,26.364051567711432
8428d5dffffffff,2023,53,4.1568707004189491,31.853588130109237
8427515ffffffff,2023,42,3.8187903836369514,30.43850917510348
8427515ffffffff,2023,53,0.63624341785907745,27.400001388837723
842681dffffffff,2023,42,0.068412773311138153,27
8426305ffffffff,2023,42,112.25757234543562,77.164651979058888
8426305ffffffff,2023,52,90.373855195939541,67.722076217265624
8426305ffffffff,2023,53,8.6598440773931209,29.398282586231726
84276a3ffffffff,2023,42,25.056062154471874,37.71008837912624
84276a3ffffffff,2023,53,0.12872235476970673,28
8426141ffffffff,2023,53,435.93451296392033,72.666314250621554
8428d67ffffffff,2023,42,5.1113029904663563,34.1092558531342
8428d67ffffffff,2023,51,0.18076807633042336,21.00005506489796
8428d67ffffffff,2023,53,5.4105881452560425,28.666631524679932
8448831ffffffff,2023,42,33.497992172837257,26.517987479997668
8448831ffffffff,2023,53,0.39106889069080353,28.999831867542181
842a163ffffffff,2023,53,0.13489517569541931,24
8428a25ffffffff,2023,42,0.13245663046836853,66
8429a9dffffffff,2023,51,5.4184302017092705,24.587876863550374
8427807ffffffff,2023,51,4.440176073461771,33.092753622864969
8427807ffffffff,2023,52,16.056973934173584,35.66831936042891
8427807ffffffff,2023,53,121.78381877020001,39.749193443235519
8428893ffffffff,2023,42,10.446608450263739,42.262600298816139
8428893ffffffff,2023,53,129.19580812752247,58.826181697738257
842665dffffffff,2023,42,50.210674822330475,62.977644634682967
842a95dffffffff,2023,42,0.40919332951307297,30.33243535865034
8427567ffffffff,2023,53,1.1850391253829002,33.205722964783767
84489e9ffffffff,2023,42,0.078121349215507507,22
8426a6bffffffff,2023,42,0.13008974492549896,43.999920276512213
8444f15ffffffff,2023,53,0.15349344909191132,40
842742dffffffff,2023,42,82.569556795060635,64.8174512204511
842742dffffffff,2023,53,17.147181265056133,37.337699983225967
84278a1ffffffff,2023,51,2.4101870879530907,30.924152343148588
84278a1ffffffff,2023,52,2.34922556579113,31.134068583122978
84278a1ffffffff,2023,53,5.2051846832036972,38.295504791790059
84261adffffffff,2023,42,1.358134850859642,29.398579852973057
84261adffffffff,2023,53,7.7538092210888863,24.53510912237105
8427815ffffffff,2023,51,2205.0531098962856,71.528186183228
8427815ffffffff,2023,52,3912.7204310623015,78.510334150150641
8427815ffffffff,2023,53,4432.5431992002987,79.58168446996261
8426a47ffffffff,2023,42,4.4127444103360176,31.089856925354209
8448d43ffffffff,2023,42,5.7732966393232346,44.815956011791975
8428367ffffffff,2023,42,0.70640399307012558,21.597653550783303
8428367ffffffff,2023,51,0.14117874205112457,44
8428367ffffffff,2023,53,0.14101192355155945,20
8428ae5ffffffff,2023,42,0.065585501492023468,41
8428ae5ffffffff,2023,53,0.85081318765878677,27.682418696646213
8448dc5ffffffff,2023,42,0.88766104727983475,41.99694260985676
8426883ffffffff,2023,42,11.116058101753394,36.604832977056567
8426883ffffffff,2023,53,0.2128303050994873,51.000323746044195
8448d83ffffffff,2023,42,0.72805168479681015,42.602006071730713
8426d63ffffffff,2023,42,0.58051332086324692,26.747499149042575
8444d9dffffffff,2023,42,0.073199734091758728,42
8426437ffffffff,2023,53,0.1439099907875061,38
8428843ffffffff,2023,42,1144.7384096077258,48.296387558106545
8428843ffffffff,2023,53,713.75133773672815,55.684393845542317
8426d57ffffffff,2023,53,1.0912815108895302,28.200239374353639
84444a7ffffffff,2023,53,0.37182488292455673,42.000025007268235
8426a39ffffffff,2023,42,0.13244195282459259,44
8426d23ffffffff,2023,42,0.147152379155159,41
8448b3dffffffff,2023,53,4.7490685284137726,43.545593743465147
842890dffffffff,2023,51,0.12790381908416748,25
8444ccbffffffff,2023,53,0.29595676809549332,34.000495082842548
84279d7ffffffff,2023,51,1.2610509172081947,32.699930824654572
84279d7ffffffff,2023,52,7.31897908449173,36.139950024102937
84279d7ffffffff,2023,53,63.462608677061169,49.027146143408856
8426b19ffffffff,2023,42,0.19860894232988358,19
84266a9ffffffff,2023,42,0.63548126816749573,28.88889428858587
842612bffffffff,2023,42,44.411077875161872,40.787276579856076
842612bffffffff,2023,51,2.2440387085080147,24.941099554650556
842612bffffffff,2023,53,14.999234014165168,29.5039906100274
8427885ffffffff,2023,51,264.84855655677177,80.97253303917573
8427885ffffffff,2023,52,4.2757255360484123,31.500751475704774
8427885ffffffff,2023,53,724.446380443871,83.474880878731639
8426d09ffffffff,2023,53,21.107603587210178,29.255320291948358
844898bffffffff,2023,53,0.53986872732639313,34.437123545510396
84446ddffffffff,2023,42,0.62214869260787964,28.124226929533776
8426e35ffffffff,2023,53,0.14279843121767044,25.999675155291268
8428d55ffffffff,2023,42,0.18181894347071648,30.664465463938512
8428d55ffffffff,2023,53,0.42416838183999062,24.142815714199859
8444e29ffffffff,2023,53,0.38666623830795288,32.405938968424351
8426ee5ffffffff,2023,53,0.21645457297563553,38.666663935934828
842ad41ffffffff,2023,42,0.21955845504999161,52.66545996002462
84445c7ffffffff,2023,53,0.0756380707025528,30
842b897ffffffff,2023,42,0.19902367144823074,55.00348540880011
842b897ffffffff,2023,53,0.066207714378833771,27
842812bffffffff,2023,53,1.5491017773747444,39.347860605342461
8444de9ffffffff,2023,53,0.89304586499929428,31.913438143963972
842a94dffffffff,2023,42,2.3566038832068443,33.225943527012731
842a855ffffffff,2023,42,1.1734662875533104,33.228893440042938
8427ac3ffffffff,2023,42,2.1887918673455715,23.162189256332809
8427ac3ffffffff,2023,51,1.3636796325445175,22.433609907146252
8427ac3ffffffff,2023,52,2.1909730657935143,26.32358004921096
8427ac3ffffffff,2023,53,1229.277853315119,59.857181966186438
8444dddffffffff,2023,42,0.073966681957244873,30
8427559ffffffff,2023,42,0.12472467124462128,60.000145159018416
8427559ffffffff,2023,53,0.68364532291889191,27.632924476588364
8448919ffffffff,2023,42,0.2365778312087059,37
8448919ffffffff,2023,53,0.4729304239153862,35.165831645638839
8448dd5ffffffff,2023,42,0.22063619643449783,39.673086836116042
842685dffffffff,2023,42,0.06735355406999588,31
8444c3dffffffff,2023,42,0.0749596580862999,24
8412c97ffffffff,2023,51,2962.7446731223345,66.371407842239
8412c97ffffffff,2023,52,2627.9738297450194,61.765122483975823
8412c97ffffffff,2023,53,2803.7411876209667,73.640417233277034
8448c67ffffffff,2023,42,0.075783900916576385,27
84289ddffffffff,2023,42,0.31201625987887383,27.599075684247335
84289ddffffffff,2023,51,0.1247602179646492,25.498840551702706
84289ddffffffff,2023,52,0.37370588630437851,32.834032966455673
84289ddffffffff,2023,53,0.43666309863328934,28.282789705809261
8448825ffffffff,2023,42,0.47311899811029434,27.662605226563752
8448825ffffffff,2023,53,13.253492034971714,39.114844894635112
8444dedffffffff,2023,42,0.595439039170742,27.37861240470367
8444dedffffffff,2023,53,1.5625105947256088,28.095755180531185
842aac5ffffffff,2023,42,79.2562055868261,80.748185133223046
84274d9ffffffff,2023,42,4193.5639005310977,77.828138374495268
8444e87ffffffff,2023,53,0.59938104450702667,35.125235442187794
8429127ffffffff,2023,42,0.14814428985118866,29
8429127ffffffff,2023,51,0.22217438369989395,64.664413450136948
8429127ffffffff,2023,53,0.29638087004423141,30.250096337147159
8412cb7ffffffff,2023,52,0.11979439854621887,38
8412cb7ffffffff,2023,53,0.30051917210221291,37.003967745085312
8426349ffffffff,2023,42,322.64635032934007,50.762606609327882
8426349ffffffff,2023,52,0.73296951130032539,30.073721123383876
8426349ffffffff,2023,53,61.944547062834687,39.683492039999315
8444d83ffffffff,2023,42,0.073207423090934753,21
8428f61ffffffff,2023,53,0.3805718794465065,31.998593838822948
84270abffffffff,2023,42,13.641814436763525,33.453158997785614
842b117ffffffff,2023,53,0.43481604382395744,26.713279989110355
84279e5ffffffff,2023,51,0.06273292750120163,33
84279e5ffffffff,2023,52,0.25115008652210236,47.750042021675412
84279e5ffffffff,2023,53,5.0147771760821342,34.1769278742496
84266bbffffffff,2023,53,0.57404191792011261,25.374491479844888
8428b27ffffffff,2023,42,0.13088563084602356,32.500546701540806
8428b27ffffffff,2023,51,0.26194276660680771,25.497944996614223
8428b27ffffffff,2023,53,0.19589753448963165,38.666664739658835
8426ad5ffffffff,2023,42,31.082911543548107,40.002772127959133
8426ad5ffffffff,2023,51,2074.3450225305619,77.509227154303247
8426ad5ffffffff,2023,53,1036.5560936116997,58.973607137815264
842a317ffffffff,2023,42,3.8318833112716675,36.949799117130645
8444439ffffffff,2023,53,0.15289074182510376,49.006149903258418
8426e21ffffffff,2023,53,0.28332120180130005,27.999669706002578
8428f2dffffffff,2023,42,0.37626862525939941,22.33529675703419
8428f2dffffffff,2023,53,1.1921429708600044,23.895097544058789
8426753ffffffff,2023,42,3.6757917776703835,35.611580048737217
8427841ffffffff,2023,51,10.303422048687935,36.295005787171171
8427841ffffffff,2023,52,3990.1017882839428,81.283705252774908
8427841ffffffff,2023,53,1160.4838639740703,73.477941998228459
8426245ffffffff,2023,42,166.41302682523633,61.706768648403994
8412dbbffffffff,2023,51,16.341688673943281,38.095590639856425
8412dbbffffffff,2023,52,6.9990570545196533,29.673717639493574
8412dbbffffffff,2023,53,1.8083081878721714,28.264361564100064
8427995ffffffff,2023,42,0.19181958585977554,27
84271bdffffffff,2023,42,862.66162100653457,62.241337631976307
84271bdffffffff,2023,52,0.121024239808321,18
84271bdffffffff,2023,53,344.7973869331181,56.563867239468706
8428937ffffffff,2023,51,15.121495927505048,40.125919560161265
8428937ffffffff,2023,52,0.93145136162638664,27.327185263513019
8428937ffffffff,2023,53,16.821312787529884,33.854573203328641
842689bffffffff,2023,53,0.14238284528255463,31
842aa05ffffffff,2023,42,69.312246568501,55.621717687199968
8426b33ffffffff,2023,42,1.0778962597250938,36.496664870360171
842890bffffffff,2023,51,2.9965016022324562,31.869839316709943
842890bffffffff,2023,52,1.4681794419884682,34.414709558097606
842890bffffffff,2023,53,13.395676702260971,35.445217350216687
8444d11ffffffff,2023,42,0.07482445240020752,23
8444d11ffffffff,2023,53,0.97481432557106018,27.69048203997751
842752bffffffff,2023,42,1876.889389404713,78.273110884433592
8428323ffffffff,2023,42,7.6041512191295624,48.766815321279324
8428323ffffffff,2023,51,0.13979147374629974,30
8428323ffffffff,2023,53,0.069906450808048248,23
8426303ffffffff,2023,51,0.38219802528619767,22.329665285863161
8426303ffffffff,2023,53,4.2504402386207207,31.949721610624504
8426b17ffffffff,2023,42,0.13379625976085663,32.999981289498784
8448801ffffffff,2023,53,0.23710361123085022,86
842b8e1ffffffff,2023,42,0.064361758530139923,31
842b8e1ffffffff,2023,53,0.19247419387102127,28.667837964648079
8429a89ffffffff,2023,42,0.21841295808553696,22
8429a89ffffffff,2023,51,3.4971700981259346,28.212747855971752
8429a89ffffffff,2023,53,0.29152095317840576,17.000599530557707
84274abffffffff,2023,42,38.101012416183949,54.140591270980643
84274abffffffff,2023,53,0.39823650568723679,20.668208931424441
842ab2dffffffff,2023,42,6.9540734440088272,39.37873494737461
8426057ffffffff,2023,42,3.0668420866131783,30.631393083703067
8426057ffffffff,2023,53,2.8059028312563896,24.325507367391079
84271a7ffffffff,2023,42,12157.901502647266,79.190223759029422
84271a7ffffffff,2023,52,0.72868579253554344,26.584363036786417
84271a7ffffffff,2023,53,35.762593242350746,39.817040146570335
84279adffffffff,2023,52,0.063516430556774139,50
84279adffffffff,2023,53,4.5599244609475136,28.570513025790525
8426ce3ffffffff,2023,42,0.074489891529083252,32
8426ce3ffffffff,2023,53,31.311096481978893,55.427597674440037
8448de9ffffffff,2023,42,0.29606679826974869,18
8426c39ffffffff,2023,42,0.44013725966215134,20.831773614694857
8426c39ffffffff,2023,53,89.970101706683636,55.352754859317727
8444f05ffffffff,2023,42,0.46522177755832672,83.8292439696283
8428b25ffffffff,2023,53,0.59366419166326523,21.995981564266753
8444d31ffffffff,2023,42,1.1234165132045746,26.733942808926546
8444d31ffffffff,2023,53,2.318155325949192,32.162551519297381
8448839ffffffff,2023,42,0.62872452288866043,28.876195022308032
8444d37ffffffff,2023,42,6.9349143175517813,47.146092045471725
8444d37ffffffff,2023,53,88.977996349334717,71.2574693107677
842a127ffffffff,2023,42,53.939766719937325,58.492424233460589
8427199ffffffff,2023,42,1486.2491377392234,68.66863272175074
8427199ffffffff,2023,53,1.8090965449810028,31.330384795402985
8426de9ffffffff,2023,53,5.20178660005331,29.728672589708733
8444e57ffffffff,2023,53,3.0113365575671196,31.588736345878271
8428887ffffffff,2023,42,13.4626680272467,86.961101244574778
8428887ffffffff,2023,51,0.12325984612107277,25.49897611812721
8428887ffffffff,2023,52,0.06180742010474205,21
8428887ffffffff,2023,53,185.13769354763275,68.029981220178385
8426dc3ffffffff,2023,42,0.66964925825595856,41.336393624828247
8426dc3ffffffff,2023,53,0.29780109971761703,42.495246569649524
84444e5ffffffff,2023,53,6.7232233360409737,57.874905612629817
8427191ffffffff,2023,42,3411.1523381782658,70.6740570312589
8427191ffffffff,2023,53,1.0932506658136845,29.50827258092497
84269b9ffffffff,2023,42,7.5191196650266647,30.360635310795612
84274c3ffffffff,2023,42,1038.6664104078036,70.464211539952686
84274c3ffffffff,2023,53,127.91786457805657,81.153793043041475
842833dffffffff,2023,42,737.49433216668808,68.428964219150942
842833dffffffff,2023,51,0.559618391096592,35.743475847099248
842833dffffffff,2023,53,12.286940611898899,40.100327432194142
84275e3ffffffff,2023,42,17.0832750844897,36.540421183256456
84275e3ffffffff,2023,53,6.1958510726690292,30.51430703749
84288cdffffffff,2023,53,0.06372881680727005,22
84444edffffffff,2023,53,0.91002192348241806,69.32219925197154
8428189ffffffff,2023,42,0.13254772126674652,38
8428189ffffffff,2023,53,0.13275974988937378,23
8427437ffffffff,2023,42,302.50984144278016,52.750121743418269
8427437ffffffff,2023,53,265.13487061875708,59.324733467053996
8427633ffffffff,2023,42,1.8034797087311745,45.036083497578105
8444e33ffffffff,2023,42,0.076053410768508911,26
8444e33ffffffff,2023,53,0.076073400676250458,43
8448953ffffffff,2023,42,0.71260202676057816,35.890896176517408
8448953ffffffff,2023,53,19.085525639355183,37.071100676640128
842685bffffffff,2023,42,5.5249078029511018,33.854770187146
84444ddffffffff,2023,42,0.15105955302715302,33
8427957ffffffff,2023,51,24.662123549554277,33.195403163019563
8427957ffffffff,2023,52,765.78498132154346,66.786021595602662
8427957ffffffff,2023,53,284.29049151018262,82.412137850248456
8426263ffffffff,2023,42,315.24729631573837,60.076844125988913
8444eb1ffffffff,2023,53,0.3713962659239769,32.599704445294989
84289c5ffffffff,2023,51,0.062287837266922,29
84289c5ffffffff,2023,52,6.6245359480381012,35.873194407787523
84289c5ffffffff,2023,53,3.991350170224905,38.120736805091816
84291a5ffffffff,2023,42,0.072466321289539337,25
8426ac9ffffffff,2023,42,2158.4509371058903,57.786784703695211
8426ac9ffffffff,2023,51,69.602254241704941,42.707510590527775
8426ac9ffffffff,2023,53,237.75931852310896,44.2137807178668
8426f31ffffffff,2023,53,0.214743010699749,41.666667453094249
8428361ffffffff,2023,42,16.056841239333153,31.5587211133153
8428361ffffffff,2023,51,70.17276556044817,63.2269591056491
8428361ffffffff,2023,53,9.457840234041214,29.818129988513057
84261d5ffffffff,2023,42,0.3372461348772049,43.800197727088459
84261d5ffffffff,2023,53,0.33772207796573639,23.396908729625583
84289cbffffffff,2023,42,0.12490479648113251,34
84289cbffffffff,2023,51,0.12516461312770844,21
8444e27ffffffff,2023,42,15.574640929698944,56.315326855871668
8444e27ffffffff,2023,53,18.047876998782158,45.669992501968274
8444f53ffffffff,2023,53,774.58523637316387,52.7523928214313
8426a17ffffffff,2023,42,179.44190821051598,58.91889129764462
8448d15ffffffff,2023,42,0.44857826828956604,41.000518111169377
84279cdffffffff,2023,51,0.3092181459069252,27.807934183428745
84279cdffffffff,2023,52,1.3568631485104561,36.08792751928425
84279cdffffffff,2023,53,9.6357293538749218,37.703211244387212
8412db5ffffffff,2023,42,53.581696778535843,69.33322432661943
8412db5ffffffff,2023,51,646.99807645919577,70.003295482356762
8412db5ffffffff,2023,52,5.6274567656219006,25.185004383162909
8412db5ffffffff,2023,53,550.30313502493152,73.317102389854853
842a303ffffffff,2023,42,0.66644691675901413,39.900280116071961
8427935ffffffff,2023,51,26.594696048647165,37.880591693425664
8427935ffffffff,2023,52,26.573367394506931,33.13872070604053
8427935ffffffff,2023,53,294.17207129299641,60.68331803557998
84271abffffffff,2023,42,1452.698249781263,60.565693504851559
84271abffffffff,2023,52,0.12096191942691803,19.502122328510943
84271abffffffff,2023,53,822.30684535875912,68.902140983939688
842783bffffffff,2023,51,10.043754594612356,37.206109235829757
842783bffffffff,2023,52,30.927040278911591,40.132819277548393
842783bffffffff,2023,53,58.054300145980193,38.280422717141029
8448dc1ffffffff,2023,42,1.4812729433178902,33.601481776685233
842ad05ffffffff,2023,42,4.2105507105588913,33.005908187055184
842ad05ffffffff,2023,53,0.51711178570985794,37.569229682419291
842aa5dffffffff,2023,42,0.93450700731254088,30.289561540229137
842aa5dffffffff,2023,53,0.46658656001091003,24.569332875022667
842aac9ffffffff,2023,42,1.6483210995793343,35.171853824237154
842a941ffffffff,2023,42,2.6458239257335663,27.665010014911278
8448d93ffffffff,2023,42,14.362745746970177,64.457481652476545
8448861ffffffff,2023,42,0.31892962008714676,25.49887895412067
8448861ffffffff,2023,53,0.15954671800136566,80
8412c93ffffffff,2023,51,1640.21366428765,61.091586907654936
8412c93ffffffff,2023,52,1281.4414317352662,68.171687044167882
8412c93ffffffff,2023,53,4302.2872929236319,69.345584406103839
842643bffffffff,2023,53,0.21514962613582611,26.333637059442751
8428803ffffffff,2023,42,0.51156735420227051,38.619912921098269
8428803ffffffff,2023,53,0.32046991586685181,41.000354871570153
8444d8bffffffff,2023,42,0.36681828647851944,32.9973395969254
8427963ffffffff,2023,51,649.058969650666,66.103825145950765
8427963ffffffff,2023,52,322.28340501710773,53.341628673933982
8427963ffffffff,2023,53,1133.9887881915797,68.477430664845457
8444c51ffffffff,2023,53,2.7261332422494888,51.306310549235917
8448c23ffffffff,2023,42,0.22422582656145096,46
84268cbffffffff,2023,42,0.13916368037462234,29.999996252322155
8448b39ffffffff,2023,53,166.98629310727119,64.976976103534312
8444f57ffffffff,2023,53,42.448497811076692,52.421409554394849
8428801ffffffff,2023,42,0.064212501049041748,25
8427591ffffffff,2023,42,9.0846466943621635,38.620914265521591
8427591ffffffff,2023,53,6.7316034123593687,38.406846194092779
84279c9ffffffff,2023,51,0.80359316244721413,29.314031353442907
84279c9ffffffff,2023,52,4.9353224858641624,28.852835082455577
84279c9ffffffff,2023,53,22.72139017574635,41.573385228959467
842ab57ffffffff,2023,42,0.13385890424251556,39
842ab67ffffffff,2023,42,39.281811703741553,31.167182737658695
8426d55ffffffff,2023,53,24.647048465907574,33.643827034699541
8428903ffffffff,2023,51,11.831717312335968,31.530353796123979
8428903ffffffff,2023,52,5.0022442489862442,34.269185707598226
8428903ffffffff,2023,53,98.565718226134777,64.006217966611345
8426445ffffffff,2023,42,0.69328893721103668,23.699992937257029
8426445ffffffff,2023,53,0.48585078865289688,23.428767757552475
842750bffffffff,2023,42,0.75504999607801437,27.82866599181704
8426b37ffffffff,2023,42,0.60559234768152237,28.555840155911028
8426145ffffffff,2023,53,0.44993089884519577,27.288236029841542
8428151ffffffff,2023,42,0.479269839823246,33.857967078549216
842793dffffffff,2023,51,0.74108736589550972,39.501034390153023
842793dffffffff,2023,52,0.68015037849545479,34.272650934106913
842793dffffffff,2023,53,2.1617459952831268,32.003459736543263
8428ae3ffffffff,2023,42,0.19585476815700531,27.999753720273251
8428ae3ffffffff,2023,51,2.1460017783676877,24.428422788109174
8428ae3ffffffff,2023,52,0.84843047708272934,25.07138027699656
8428ae3ffffffff,2023,53,16.850396871566772,29.354528551487586
8428acbffffffff,2023,53,0.13225501775741577,52
8426253ffffffff,2023,42,14.836101800203323,40.893341957373089
8426253ffffffff,2023,53,4.9655705019831657,29.214515380688631
8427715ffffffff,2023,53,0.79409097135066986,27.923681716847959
8427943ffffffff,2023,51,4593.6968045361191,64.4079267493564
8427943ffffffff,2023,52,3603.9829234485965,51.199087001200546
8427943ffffffff,2023,53,4524.5356917113359,53.887246185031074
8448da3ffffffff,2023,42,0.79665323346853256,25.542215628232903
8444e39ffffffff,2023,53,2.60903050750494,44.025231802942862
8428857ffffffff,2023,42,1187.0192481102313,65.294062944593364
8428857ffffffff,2023,53,299.38523944198505,60.459687107202541
842b8a7ffffffff,2023,42,6.3853477745663891,35.206582509995648
842b8a7ffffffff,2023,53,0.26231652498245239,27.501252004968936
8426a11ffffffff,2023,42,1.7891430705785751,40.324157908728552
8428b13ffffffff,2023,42,95.763012241323793,61.094235293863768
8428b13ffffffff,2023,53,110.088532961905,63.855635233440253
8426819ffffffff,2023,42,0.20595843344926834,45.669224588564461
84274bdffffffff,2023,42,653.12804862053372,55.932036039276383
84274bdffffffff,2023,53,119.6842384045907,48.874552136719615
842a969ffffffff,2023,42,1.4194725155830383,24.713069793330593
8428815ffffffff,2023,42,0.12762878090143204,29.001804198412788
8428815ffffffff,2023,53,0.063668929040431976,27
8426035ffffffff,2023,42,462.31370232999325,74.279019593684723
8426035ffffffff,2023,53,0.79817101359367371,28.416863202857872
8428345ffffffff,2023,42,9.2513855025172234,28.348750049028553
8428345ffffffff,2023,51,0.86022774130105972,27.002064832113181
8448ee7ffffffff,2023,42,618.47071152192109,88.855527229125016
8428347ffffffff,2023,42,1.9946759566664696,65.176342987822665
8448d21ffffffff,2023,53,163.48594117173377,51.534646887443877
8427ae3ffffffff,2023,42,0.11948079615831375,21
8427ae3ffffffff,2023,51,917.714231699033,69.479897686496813
8427ae3ffffffff,2023,52,4898.3530283613527,69.21051567295423
8427ae3ffffffff,2023,53,8201.221687351197,74.971055466777656
8427631ffffffff,2023,42,0.30902525782585144,37.599923769189942
84281e1ffffffff,2023,42,0.13291013985872269,38.499286362828371
8426a83ffffffff,2023,42,95.714291179209368,82.068834224610427
8426a83ffffffff,2023,53,48.390229107439517,63.657814812023766
842a931ffffffff,2023,42,0.13926061242818832,39.002424771857065
842a931ffffffff,2023,53,0.069814622402191162,39
8426dedffffffff,2023,53,37.156314532254257,45.444632412819686
8426129ffffffff,2023,53,1.1129963248968124,28.830820888401597
8426c1dffffffff,2023,42,0.21917467564344406,33.339878330062618
8426c1dffffffff,2023,53,5.8416901165656014,29.812965878685361
8426155ffffffff,2023,51,0.32503791898489,24.599984284547251
8426155ffffffff,2023,53,184.39097751677036,65.728643948257044
842894dffffffff,2023,42,0.26049139350652695,24.50914299389321
842894dffffffff,2023,51,0.19562868028879166,32.9980016633382
842894dffffffff,2023,53,121.42182564735413,79.4875078364669
84262a5ffffffff,2023,42,0.26285655796527863,45.505381205957711
84262a5ffffffff,2023,53,0.065622605383396149,51
8426085ffffffff,2023,53,0.13600663840770721,56.000540798100104
84262e5ffffffff,2023,42,30.145639109144025,50.967873759265885
84262e5ffffffff,2023,53,70.670829972887731,72.286840228917214
8426aa1ffffffff,2023,42,113.20570765435696,45.731114990568848
8426aa1ffffffff,2023,53,0.48010258376598358,34.571418776895314
8426a09ffffffff,2023,42,0.13023465871810913,36
8427857ffffffff,2023,42,19.424332167953253,56.864154142559478
8427857ffffffff,2023,51,1352.2081217490575,79.870398675800288
8427857ffffffff,2023,52,4301.3243880120272,80.787475037738318
8427857ffffffff,2023,53,6150.013723756796,84.351461192111131
8448829ffffffff,2023,42,0.079285778105258942,31
842a955ffffffff,2023,42,3.4240567948011789,37.258921573911124
8428943ffffffff,2023,42,0.12927708029747009,26
8427a89ffffffff,2023,42,117.57977215507451,47.425517021153
8427a89ffffffff,2023,51,4.8270210847258568,27.025624122585867
8427a89ffffffff,2023,52,20.738658737391233,31.876963912956995
8427a89ffffffff,2023,53,1439.5236336124879,55.202561304032976
8426ce9ffffffff,2023,53,0.59239833801984787,33.121202672471895
8412d97ffffffff,2023,42,0.12002492696046829,50
8412d97ffffffff,2023,51,1.2610188834369183,39.995853639689571
8412d97ffffffff,2023,52,0.240696769207716,23.750872750346
8412d97ffffffff,2023,53,0.300289086997509,35.601364217885525
84279bdffffffff,2023,42,1296.7382449624879,82.588710127673068
8428b33ffffffff,2023,42,0.12987709045410156,32
84260c3ffffffff,2023,42,0.20128578692674637,44
84260c3ffffffff,2023,53,0.40268753468990326,25.66664915130875
8428127ffffffff,2023,51,0.20016270130872726,28.6662180099945
8428127ffffffff,2023,53,0.8011854961514473,36.505051965439129
842aabdffffffff,2023,42,0.28164228796958923,68.249988704118479
842aabdffffffff,2023,53,0.0703846663236618,39
8444eddffffffff,2023,53,0.22708094865083694,23.333657935981904
84288a1ffffffff,2023,42,1.4147836565971375,39.072735616642831
84288a1ffffffff,2023,51,11506.334681291281,82.926705385261982
84288a1ffffffff,2023,52,3324.6296952666617,73.054492570968577
84288a1ffffffff,2023,53,823.96284077255166,57.338892471709414
8426f21ffffffff,2023,42,0.35363014042377472,24.000011608936681
8426f21ffffffff,2023,53,5.8704311177134514,25.795362019633345
84261e9ffffffff,2023,42,0.066790096461772919,31
8426d3bffffffff,2023,53,1.1076153631303824,28.930825568187341
84261c9ffffffff,2023,42,0.19887327402830124,17
84261c9ffffffff,2023,53,0.066541373729705811,35
842a16dffffffff,2023,42,0.3328472301363945,31.198045467118355
8428907ffffffff,2023,51,3.1633267402648926,43.846443286866233
8428907ffffffff,2023,52,0.31637111306190491,37.40909537076994
8428907ffffffff,2023,53,2.1520888358354568,37.001440859265195
8426debffffffff,2023,42,0.074251003563404083,25
8426debffffffff,2023,53,1.4138942807912827,32.526727831619127
8426ca5ffffffff,2023,53,0.15051941573619843,73
8448d29ffffffff,2023,53,20.502645656992406,39.699363499975092
842aaa9ffffffff,2023,42,6.818767286837101,31.492353023729354
842749bffffffff,2023,42,13.455198436975479,32.962506516407061
8427959ffffffff,2023,51,9.51855619251728,28.141190302738789
8427959ffffffff,2023,52,596.96581239259126,44.899300335905743
8427959ffffffff,2023,53,178.110235075974,42.844941666397148
842b8b5ffffffff,2023,42,2.1782427951693535,28.994800094934032
8429a95ffffffff,2023,42,7.7704242914915085,22.138763874110076
8429a95ffffffff,2023,51,29.978503555059433,27.535177749142679
8429a95ffffffff,2023,53,3.8145769238471985,32.786913047303791
8427527ffffffff,2023,42,3.998955987393856,54.12415582190183
8427527ffffffff,2023,53,24.598584175109863,33.836651110735907
842751dffffffff,2023,53,0.12650605291128159,23.491705309182827
8427441ffffffff,2023,42,0.18619964644312859,39.333336587800069
8427947ffffffff,2023,51,2724.5309438329264,72.558253276287729
8427947ffffffff,2023,52,1438.1435881214106,70.0301566898901
8427947ffffffff,2023,53,4825.8464350659624,68.5958325683869
8426207ffffffff,2023,42,7063.1129446971363,84.271771781956943
8426207ffffffff,2023,53,55.049823552370071,52.2165234853304
842b8e9ffffffff,2023,42,0.25556306540966034,24.499767558434144
8444ad3ffffffff,2023,53,0.23773746937513351,34.666430972506674
844895bffffffff,2023,42,513.22828861933715,71.4874972881209
844895bffffffff,2023,53,3917.4141638729211,73.652987549760738
84262b5ffffffff,2023,42,0.13264660537242889,33
84262b5ffffffff,2023,53,1.2628074884414673,42.535628738897238
8426249ffffffff,2023,42,254.22115853428841,74.371491107586422
8426249ffffffff,2023,53,0.24424505233764648,29.49999359404864
84489c9ffffffff,2023,42,5.0248992558203494,25.604046324458682
84489c9ffffffff,2023,53,3.6800038516521454,56.205017191022456
842aa37ffffffff,2023,42,17.816339999437332,37.5977247468448
8428d65ffffffff,2023,42,11.270285449922085,30.220879150844286
8428d65ffffffff,2023,51,0.060305256396532059,15
8428d65ffffffff,2023,53,41.740414187312126,65.897226835347439
8426091ffffffff,2023,53,0.54967233538627625,31.374991155633044
8426255ffffffff,2023,42,306.60179676632674,50.917849983954554
8426255ffffffff,2023,53,53.422649767249823,51.836149569580954
84489b9ffffffff,2023,53,0.38262158632278442,52.602849890759543
84279b3ffffffff,2023,42,14.057419897499036,39.4529077513558
84278ddffffffff,2023,42,0.12415744736790657,26.498573447921569
84278ddffffffff,2023,51,204.34894099086523,56.8864753391146
84278ddffffffff,2023,52,0.31039780005812645,24.375271626174552
84278ddffffffff,2023,53,578.08172820135951,72.865130230795657
84488e5ffffffff,2023,42,0.0778430625796318,28
84488e5ffffffff,2023,53,0.15565530955791473,33
8428919ffffffff,2023,42,2.0991200432181358,32.845055895911194
8428919ffffffff,2023,52,1.0793036669492722,57.124368882466271
8428919ffffffff,2023,53,0.2541268914937973,23.253622384488203
84275a9ffffffff,2023,42,5.7706144973635674,35.73900190723203
84275a9ffffffff,2023,53,1.7041328549385071,32.499568157966578
8426941ffffffff,2023,42,0.067502662539482117,21
842646dffffffff,2023,42,0.48590416461229324,25.142859020107853
8428a8dffffffff,2023,42,0.19602888077497482,19.666905607564054
8428a8dffffffff,2023,51,0.0092309864128337187,24
8428a8dffffffff,2023,53,2.0262704864144325,44.16427115962157
8448d35ffffffff,2023,42,0.29727429896593094,44.500419291168221
842664bffffffff,2023,42,2.023304171860218,31.727876134244344
8428917ffffffff,2023,52,0.062521293759346008,26
8428917ffffffff,2023,53,0.062646560370922089,18
8426ce5ffffffff,2023,53,0.37203849852085114,54.60683697866002
8426c89ffffffff,2023,53,0.29846696555614471,45
8427495ffffffff,2023,42,4.6766537502408028,59.241739569591026
8427495ffffffff,2023,53,0.13374220579862595,36.499132144792021
8426083ffffffff,2023,53,1.1582838669419289,57.058834741138313
8412da7ffffffff,2023,42,4.4067611806094646,27.369949095600084
8412da7ffffffff,2023,51,104.24340951442719,85.882851782060385
8412da7ffffffff,2023,52,0.12090052664279938,25
8412da7ffffffff,2023,53,7.4869553819298744,26.145578862466817
8428363ffffffff,2023,42,76.055216529088867,37.228808861949766
8428363ffffffff,2023,51,38.540474072098732,40.220396774393279
8428363ffffffff,2023,53,4.6094182878732681,27.863541150215791
8428d03ffffffff,2023,42,0.11962573602795601,29.997289375562353
8428a3dffffffff,2023,53,0.13236744701862335,29
8426341ffffffff,2023,42,236.79422992058829,46.874198138781487
8426341ffffffff,2023,52,145.30152819305658,59.256426278373667
8426341ffffffff,2023,53,18.692394310133714,25.688007172836002
8426449ffffffff,2023,42,0.069303072988986969,19
8448d2bffffffff,2023,42,0.29939962923526764,42.250341584907183
8448d2bffffffff,2023,53,1.2017352226610276,33.265141288920844
842718bffffffff,2023,42,13766.440464122172,78.065771745467885
842718bffffffff,2023,53,0.29935023933649063,27.397654205179244
8426217ffffffff,2023,42,1048.5515602478501,68.791216173014845
8426217ffffffff,2023,53,1057.9946888815248,70.626219136548528
84278a9ffffffff,2023,51,5.9255153983831406,30.123299691835332
84278a9ffffffff,2023,52,2.0132574141025543,30.501369084708582
84278a9ffffffff,2023,53,3.837194986641407,33.037369048210174
84261d1ffffffff,2023,42,0.20300102233886719,40.998623888364293
84261d1ffffffff,2023,53,1.3496974557638168,28.053398445469337
8429ad7ffffffff,2023,42,1.3077504560351372,22.278679055107755
8429ad7ffffffff,2023,53,1.1621290296316147,21.624925818215324
84489c1ffffffff,2023,53,0.70248407870531082,86.334522635573066
842a849ffffffff,2023,42,1.16462326260174,33.960841080384988
842885bffffffff,2023,42,0.38945848494768143,31.333352833807577
842885bffffffff,2023,53,0.38957314193248749,35.333810170215813
8428867ffffffff,2023,42,0.06453973799943924,29
8448815ffffffff,2023,42,3.161703758526083,25.644512691150986
8426329ffffffff,2023,42,7.1298217326402664,23.017451741085068
8426329ffffffff,2023,53,64.9897416383028,49.18199536296536
8426021ffffffff,2023,42,0.26256388425827026,19.748307412945611
8426021ffffffff,2023,53,0.13121838867664337,24
842753dffffffff,2023,42,475.200866411714,65.25592666587896
842753dffffffff,2023,53,1.3342154324054718,27.666627040892124
842673bffffffff,2023,42,1.3135875687003136,47.842095718190329
8426643ffffffff,2023,42,12.246314659714699,32.944868354038867
8444eabffffffff,2023,53,0.2250104621052742,24.662393631764992
8426e55ffffffff,2023,42,0.279140867292881,35.249979681389782
8426da3ffffffff,2023,42,0.0756659135222435,46
8426da3ffffffff,2023,53,2.6506967097520828,29.226731640952007
8427541ffffffff,2023,42,0.49472418427467346,22.505409697443806
8428aa3ffffffff,2023,42,0.12850949168205261,31.499989738090562
8428aa3ffffffff,2023,53,2.2426984086632729,31.552316207157116
8429a87ffffffff,2023,42,0.14417821913957596,23
8429a87ffffffff,2023,51,6.2834190279245377,27.562904100788611
8429a87ffffffff,2023,53,5.0566181689500809,32.243627113251108
8428885ffffffff,2023,42,5.770828865468502,35.869677041863277
8428885ffffffff,2023,51,1273.5385125391476,76.3126376013968
8428885ffffffff,2023,52,4.2849556803703308,35.028237355265453
8428885ffffffff,2023,53,5371.5433803387132,85.724491740260149
84262edffffffff,2023,42,377.73087139427662,62.860926357694858
84262edffffffff,2023,53,898.90784811284027,72.091984185473436
84268e7ffffffff,2023,42,0.070263534784317017,30
84268e7ffffffff,2023,53,0.14077502489089966,59
8426281ffffffff,2023,42,0.84839850664138794,38.307846448216615
8426281ffffffff,2023,53,83.955851020999987,47.708259670434785
8426cabffffffff,2023,53,124.89687836170197,88.263540500086762
8426981ffffffff,2023,42,45.233021771527973,59.971607500306973
84279dbffffffff,2023,51,2.8797471113502979,30.82891573786431
84279dbffffffff,2023,52,6.4521993456664042,38.911917615439819
84279dbffffffff,2023,53,15.095856899709677,39.47393901891737
8426b0bffffffff,2023,42,4.2857624217867851,42.510354218689216
8427407ffffffff,2023,42,26.618753184728764,37.112075720683059
8427407ffffffff,2023,53,8.7051261067390442,55.0654388143357
8448d13ffffffff,2023,42,0.14876291155815125,31
8427535ffffffff,2023,42,50.779946774244308,49.47008000777533
8427535ffffffff,2023,53,0.19250083714723587,31.664436791774595
84275e5ffffffff,2023,42,1.6188705414533615,34.517676058987284
8428133ffffffff,2023,42,0.93212766200304031,36.858682027169522
8428133ffffffff,2023,51,0.066362433135509491,16
8428133ffffffff,2023,53,0.86351162940263748,43.846531030076825
8428825ffffffff,2023,42,0.44430802017450333,33.14255327743917
8428825ffffffff,2023,53,0.19033552706241608,21
8448c51ffffffff,2023,42,10.130487641166239,37.624591074306
842613dffffffff,2023,42,1.8504674583673477,25.750441387725861
842613dffffffff,2023,51,19.517816111445427,31.227474719212367
842613dffffffff,2023,53,1.2544276863336563,22.313827095726218
84288d3ffffffff,2023,42,0.31282972544431686,25.003647389049473
84288d3ffffffff,2023,53,0.18793907016515732,30.658410834911976
8427a8bffffffff,2023,42,71.317239830160844,59.089855886664381
8427a8bffffffff,2023,51,1.3198884166777134,29.501578085938078
8427a8bffffffff,2023,52,1.6173576861619949,22.891774302364595
8427a8bffffffff,2023,53,907.37721217546391,56.71226855254546
8428895ffffffff,2023,42,2330.5158365461175,67.9718857935179
8428895ffffffff,2023,53,283.361654757533,47.400373721433361
8428807ffffffff,2023,42,0.319997675716877,30.1996329118843
8428807ffffffff,2023,53,0.44786042720079422,39.570204603301882
8426323ffffffff,2023,53,16.846823558211327,43.705698529956614
8427543ffffffff,2023,42,0.93133439868688583,22.933763360940368
8429ac5ffffffff,2023,42,11.159175127744675,28.895625145819508
8429ac5ffffffff,2023,51,0.58753874152898788,53.507258447656277
8429ac5ffffffff,2023,53,25.154988512396812,33.593855089276644
84269a5ffffffff,2023,42,0.3580775260925293,38.194912804633638
8427ab3ffffffff,2023,42,3.6345700584352016,32.050556377652931
8427ab3ffffffff,2023,51,7.6396855711936951,38.422089891170621
8427ab3ffffffff,2023,52,0.12301576882600784,17
8427ab3ffffffff,2023,53,64.457692221756659,55.735002181035746
8428849ffffffff,2023,42,259.28555758297443,52.94630208723666
8428849ffffffff,2023,53,60.121613197028637,32.677885353647909
842791bffffffff,2023,51,0.55250213667750359,30.781238988733438
842791bffffffff,2023,52,2.6387624032795429,43.331568609319874
842791bffffffff,2023,53,11.368837672545045,35.979714201326118
8428aebffffffff,2023,42,2.0295191332697868,29.7406433328283
8428aebffffffff,2023,51,0.65592768788337708,29.502779611473905
8428aebffffffff,2023,52,0.19684439152479172,30
8428aebffffffff,2023,53,13.304426088929176,29.197185686852333
8426f6dffffffff,2023,42,159.51849454641342,71.581308605714526
8426f6dffffffff,2023,51,0.069467030465602875,26
8426f6dffffffff,2023,53,57.521091733200876,54.354269062822546
842a315ffffffff,2023,42,24.143362281661407,43.047550514418091
8426d51ffffffff,2023,53,0.07245209813117981,29
8427abbffffffff,2023,42,194.82844607247151,66.4461903285244
8427abbffffffff,2023,51,1.1615427248179913,30.204424628332415
8427abbffffffff,2023,52,0.73408754914999008,25.498671067303267
8427abbffffffff,2023,53,390.80228848929204,68.693215517878357
8427a85ffffffff,2023,42,36.24958898499608,59.592217259974575
8427a85ffffffff,2023,51,374.25763159990311,68.20035155706195
8427a85ffffffff,2023,52,1146.9294615653798,65.180300392667846
8427a85ffffffff,2023,53,2465.7013523952487,73.211760529843758
8427999ffffffff,2023,42,0.25408348441123962,41.5016974704617
8427999ffffffff,2023,51,3.2359135299921036,31.781246634802166
8427999ffffffff,2023,52,12.565722063183784,40.300329899866284
8427999ffffffff,2023,53,14.602441050112247,47.565721029071092
842603dffffffff,2023,42,0.33038325607776642,33.014054302240545
84279a7ffffffff,2023,42,0.834299735724926,43.309674858363685
842780dffffffff,2023,51,14.561528738588095,33.215126347121341
842780dffffffff,2023,52,1304.8107322291419,78.007125567213421
842780dffffffff,2023,53,1817.6144830214773,79.450749266734249
8426627ffffffff,2023,42,0.96309181302785873,32.35572162998676
84489ebffffffff,2023,42,0.077630020678043365,36
84489ebffffffff,2023,53,1.2433764263987541,37.1803866919849
84488b7ffffffff,2023,42,0.45643197745084763,28.00367441004277
84488b7ffffffff,2023,53,0.60893513262271881,60.250456424204167
8428d1dffffffff,2023,42,17.55868199840188,44.657068210281686
8426839ffffffff,2023,42,0.13816820830106735,35.000040389065873
8412d91ffffffff,2023,51,0.35924238711595535,42.831973548499185
8426d9dffffffff,2023,42,1.4315837472677231,33.0016400831381
8426d9dffffffff,2023,53,0.07553313672542572,85
84274d5ffffffff,2023,42,55.0606631616167,57.93757655041474
84274d5ffffffff,2023,53,0.65712587535381317,25.200192063438397
8444489ffffffff,2023,53,0.15073508769273758,61.490350284096621
8426a57ffffffff,2023,42,0.13115432113409042,27.505897751180395
8426a57ffffffff,2023,51,0.065645709633827209,17
84262abffffffff,2023,42,0.98606413602828979,42.533623220144868
84262abffffffff,2023,53,6.7806430533528328,39.841851463785694
84262c1ffffffff,2023,42,2.0552828311920166,30.434197885825629
84262c1ffffffff,2023,53,838.510100396591,63.671687411969742
8426f3bffffffff,2023,53,1.3600328639149666,33.78957468846054
8426b2dffffffff,2023,53,0.33135415613651276,30.798121276527141
842635bffffffff,2023,42,1598.0063606153808,66.763937659840138
842635bffffffff,2023,53,108.74556845799088,59.430162693927613
842aaedffffffff,2023,42,22.0444386768867,37.5771535844296
8426345ffffffff,2023,42,121.73135567238809,35.612586920644745
8426345ffffffff,2023,52,10.757459373085522,38.743366846127515
8426345ffffffff,2023,53,157.9252599097058,59.773016122509354
842615dffffffff,2023,51,0.2587340772151947,24.250392406995193
842615dffffffff,2023,53,120.68350241201765,53.737956873216717
84279c7ffffffff,2023,42,0.12500710785388947,42
84279c7ffffffff,2023,51,3.6873438470065594,34.627741240878827
84279c7ffffffff,2023,52,4.681718997657299,34.9043894991389
84279c7ffffffff,2023,53,210.06274154047463,80.87308733680031
842a167ffffffff,2023,42,0.33679119497537613,31.799430944817829
84268c5ffffffff,2023,42,0.069383539259433746,37
8428f41ffffffff,2023,42,15.547667136291663,33.343952308552339
8428f41ffffffff,2023,53,0.83406472206115723,30.322913995742528
8448911ffffffff,2023,42,0.078534461557865143,23
8448911ffffffff,2023,53,0.47089367359876633,42.001554105351168
84269b7ffffffff,2023,42,14.53486655652523,45.277046528658666
844452bffffffff,2023,42,28.803310729563236,77.633976752087989
844452bffffffff,2023,53,9.0077661350369453,46.755533605217934
8426315ffffffff,2023,51,1.5802835732990619,22.329032757330658
8426315ffffffff,2023,53,3.493690699338913,29.687238269856316
8444e2dffffffff,2023,53,2.0886852368712425,23.111612512336734
8428aa5ffffffff,2023,42,1.0938348174095154,45.000292659952706
8428aa5ffffffff,2023,51,0.064161583781242371,30
8428aa5ffffffff,2023,52,0.12832140922546387,31.999899088475136
8428aa5ffffffff,2023,53,1.9921162500977516,31.223184317463996
84262e3ffffffff,2023,42,4.6328260746948864,55.722065987255519
84262e3ffffffff,2023,53,495.55658452957869,69.1502476395502
84278edffffffff,2023,42,14.165956489990155,46.556378950591956
84278edffffffff,2023,51,60.174999199807644,89.751171774184186
84278edffffffff,2023,52,15.816555808133938,33.852285923297309
84278edffffffff,2023,53,640.51064575463533,77.859514236757789
842670bffffffff,2023,42,35.910228960654315,28.625844936976584
8427521ffffffff,2023,42,184.07506246119738,70.110649107388483
8427521ffffffff,2023,53,24.438879020512104,32.038054346598948
8427419ffffffff,2023,42,38.295095054629968,35.509760063997334
8427419ffffffff,2023,53,0.25458183139562607,22.001422998563481
8426d53ffffffff,2023,53,0.21842170506715775,36.639128273184006
8427825ffffffff,2023,51,3.294689305126667,23.68658014375314
8427825ffffffff,2023,52,4.0261877179145813,34.560015294481254
8427825ffffffff,2023,53,9.9801030848394419,30.628088485141209
842aa3bffffffff,2023,42,43.733542047441006,56.567032809693124
8448de3ffffffff,2023,42,0.661441333591938,45.671439745313755
8426c4bffffffff,2023,42,0.14363184571266174,19.999998236326082
8426c4bffffffff,2023,53,6.0950164943933487,38.741915341864733
8428f07ffffffff,2023,53,0.87701699137687683,38.14249852189122
8427addffffffff,2023,42,10.529957953840494,24.008818992061443
8427addffffffff,2023,51,0.11838570237159729,29
8427addffffffff,2023,53,50.421864028085096,30.612785778678614
842ad6dffffffff,2023,42,0.14603807777166367,20.00034396381513
842ad6dffffffff,2023,53,0.51112405955791473,23.430623112388563
842aa23ffffffff,2023,42,0.47447250783443451,33.429500531557885
84266d7ffffffff,2023,53,0.28321380168199539,31.000002709648317
842af23ffffffff,2023,42,0.65424536168575287,27.774174279067374
842af23ffffffff,2023,53,0.14523951709270477,25
8428f39ffffffff,2023,42,0.49936649948358536,22.125277115960998
8428f39ffffffff,2023,53,0.18724369257688522,19.3333311846289
8448983ffffffff,2023,53,0.23078600317239761,36.651126712006267
8427831ffffffff,2023,51,153.73487089201808,44.602881997429655
8427831ffffffff,2023,52,929.13698942404164,68.0608666583594
8427831ffffffff,2023,53,1058.4061528337061,66.5035208393751
8426363ffffffff,2023,42,120.9210690317931,55.05345085588543
8426363ffffffff,2023,52,14.053830828517675,22.897744908557307
8426363ffffffff,2023,53,216.10720440520376,62.346378977433574
8448d8bffffffff,2023,42,1.2450546100735664,47.4116677832373
84288b9ffffffff,2023,42,3662.9070104748753,77.0970353724666
84288b9ffffffff,2023,51,0.67492124438285828,26.636397081080474
84288b9ffffffff,2023,53,3779.1854963254696,76.387367453415649
842756dffffffff,2023,42,0.24704324454069138,41.749997217830987
842756dffffffff,2023,53,0.061724983155727386,35
8444d85ffffffff,2023,53,0.073581419885158539,26
842ad07ffffffff,2023,42,0.29648242890834808,28.003109023808541
84268b7ffffffff,2023,42,0.57538353651762009,34.379153595782988
842631bffffffff,2023,42,0.25398939102888107,40.500005793508393
842758dffffffff,2023,42,82.697888947205215,37.499445586452985
842758dffffffff,2023,53,7.7682202458381653,34.267533973358169
8448835ffffffff,2023,42,0.078221827745437622,23
8448835ffffffff,2023,53,1.6457716599106789,75.956625610791875
8444f47ffffffff,2023,42,2.2598502263426781,61.620341819488338
8426cb5ffffffff,2023,53,0.15193791687488556,64.021500275440872
84269bbffffffff,2023,42,627.05943823012649,79.41202063009132
842ad67ffffffff,2023,42,0.36787974834442139,26.399765521634972
842ad67ffffffff,2023,53,1.2503239512443542,46.356534301570463
842785dffffffff,2023,51,962.003822550236,71.224779091890653
842785dffffffff,2023,52,6943.6352923938912,74.716827455919045
842785dffffffff,2023,53,8914.1062441181748,79.0082286468928
8428819ffffffff,2023,42,0.19254710525274277,48.33356098801098
8428819ffffffff,2023,53,1.2840715572237968,39.250593038097783
842a347ffffffff,2023,42,0.1956140547990799,44.333310302688943
84271e3ffffffff,2023,42,3505.4492104856117,71.941573736686991
84271e3ffffffff,2023,52,0.41525065153837204,31.568012964581996
84271e3ffffffff,2023,53,1201.3346091135313,67.1171377740965
84278dbffffffff,2023,42,6.9897213280200958,26.145339080679548
84278dbffffffff,2023,51,4.6837595216929913,33.7636686007799
84278dbffffffff,2023,52,0.062324043363332748,60
84278dbffffffff,2023,53,676.80948482081294,77.357940659469776
8428f29ffffffff,2023,42,0.25152257084846497,67.001981824702952
84268a1ffffffff,2023,42,0.14219744503498077,25.508336312047238
84268a1ffffffff,2023,53,43.71980978720913,76.761763676853931
8428ac9ffffffff,2023,42,0.066717192530632019,16
8428ac9ffffffff,2023,53,4.86394776403904,55.109085126612932
8448957ffffffff,2023,53,1.1880712509155273,28.599294950193975
8444c4bffffffff,2023,42,3.4254883676767349,27.35638403910259
8444c4bffffffff,2023,53,3.8082364872097969,45.377619938490788
8426c11ffffffff,2023,42,0.5142611637711525,38.999991568023773
8426c11ffffffff,2023,53,3.8957013965529552,28.397433454088858
8444e2bffffffff,2023,42,1.6940545216202736,31.097182298259405
8444e2bffffffff,2023,53,28.705743029713631,51.790335138997072
8428b11ffffffff,2023,42,747.53730744126392,54.727123129211066
8428b11ffffffff,2023,53,93.425514492684712,38.098840271335519
8444c47ffffffff,2023,42,0.3793448731303215,17.999977845344674
8444c47ffffffff,2023,53,7.9751000478863716,47.046194453310108
842a939ffffffff,2023,42,0.27737843245267868,38.754696936963533
8427927ffffffff,2023,51,47.50946588028296,32.9998557198442
8427927ffffffff,2023,52,7.8511587418615818,32.869835431954691
8427927ffffffff,2023,53,37.596835112352579,32.722011997321495
8427ab7ffffffff,2023,42,3.8870021551847458,27.701477905126687
8427ab7ffffffff,2023,51,174.79454221948981,63.9243816523322
8427ab7ffffffff,2023,52,0.80152807384729385,34.003050759487813
8427ab7ffffffff,2023,53,225.53181988745928,53.896994466521633
8428a37ffffffff,2023,42,1.6415579468011856,35.362810523586532
8428a37ffffffff,2023,53,1.4438886195421219,42.554610095335057
8448c29ffffffff,2023,42,0.075421996414661407,28
84269ddffffffff,2023,42,6.8628519997000694,39.23511600845957
8427731ffffffff,2023,53,0.12298399955034256,30
8448c15ffffffff,2023,42,0.29960561543703079,43.001695572147732
842b887ffffffff,2023,42,6.9800253405874848,39.89824435884632
8426121ffffffff,2023,42,11.855924308300018,31.171422081413617
8426121ffffffff,2023,51,0.2636214941740036,28.750785907160559
8426121ffffffff,2023,53,66.726603075861931,55.509818918268813
842682bffffffff,2023,42,0.34397920966148376,33.998420922945336
84489b1ffffffff,2023,53,1.2945332601666451,47.355470746523181
8426dbdffffffff,2023,42,0.52978464215993881,32.708227762216531
8426dbdffffffff,2023,53,0.15128336846828461,25.501164398167735
84446cbffffffff,2023,42,0.62428134679794312,27.625476860953572
842b8b9ffffffff,2023,42,9.5417833924293518,38.766064541039654
842b8b9ffffffff,2023,53,0.39537910372018814,34.502390803605678
8428123ffffffff,2023,42,0.066837802529335022,17
8428123ffffffff,2023,53,0.20049973577260971,57
8426b67ffffffff,2023,42,0.13180365413427353,31.998580867676893
842630bffffffff,2023,42,48.552666070925838,46.864530579482064
842630bffffffff,2023,51,0.12525950372219086,16
842630bffffffff,2023,53,10.256138697266579,57.041608461064207
8426a33ffffffff,2023,42,0.33458712697029114,29.999401792893323
8444c29ffffffff,2023,42,0.15081660449504852,18
8426c21ffffffff,2023,42,110.18517062813044,83.211982936460274
8426c21ffffffff,2023,53,1.9013356193900108,34.080840749097973
8426acdffffffff,2023,42,3201.8476529776763,62.389116202455092
8426acdffffffff,2023,51,14.19638454169035,27.769298955448761
8426acdffffffff,2023,53,54.958004727959633,37.505523279176288
8444e35ffffffff,2023,42,0.68846572935581207,28.108470670187167
8444e35ffffffff,2023,53,5.4249240830540657,52.464703240217695
8428329ffffffff,2023,42,17.747261379951354,33.493303928925847
8428329ffffffff,2023,51,1.2681410908699036,24.11424210621259
8428329ffffffff,2023,53,3.0310885831713676,32.698330789095458
842b8c1ffffffff,2023,42,0.19215891510248184,28.669044706178671
84279c5ffffffff,2023,51,0.31117824465036392,49.003718894554389
84279c5ffffffff,2023,52,0.12443254142999649,34
84279c5ffffffff,2023,53,1.8012137934565544,34.593268827981149
8448c01ffffffff,2023,42,0.075564876198768616,24
8444c1dffffffff,2023,42,0.074937313795089722,22
84260cbffffffff,2023,42,0.066640555858612061,36
84260cbffffffff,2023,53,1.3346886336803436,67.449843985847053
8428927ffffffff,2023,51,38.719034433510956,46.95058915921711
8428927ffffffff,2023,52,4.7045675292611122,32.136660299886273
8428927ffffffff,2023,53,52.615809209644794,53.424368538514585
84268d3ffffffff,2023,42,1.5533010438084602,22.819860762350203
8428a35ffffffff,2023,42,1.3824495002627373,27.525535489823721
8428a35ffffffff,2023,53,4.0136941894888878,27.099578530271771
8427a81ffffffff,2023,42,19.941389206796885,32.759012785431175
8427a81ffffffff,2023,51,173.54053489938377,64.807595077555732
8427a81ffffffff,2023,52,38.086620443679536,39.0243800783571
8427a81ffffffff,2023,53,3680.7874080115093,73.6068253864424
8428b15ffffffff,2023,42,418.08280850058674,72.515810346185489
8428b15ffffffff,2023,53,13.517969861626625,32.130735307882247
842b8b1ffffffff,2023,42,23.731884263455868,45.046528499961155
842b8b1ffffffff,2023,53,0.13237084448337555,31
842a12bffffffff,2023,42,0.13641086220741272,16
842a12bffffffff,2023,53,0.2049858346581459,42.66666753899004
8428813ffffffff,2023,42,8.0919404945537146,34.029399068583665
8428813ffffffff,2023,51,50.424736772477623,50.391603562750028
8428813ffffffff,2023,52,0.31743114441633224,20.200677236862521
8428813ffffffff,2023,53,85.704955659806728,54.41183991862944
8428303ffffffff,2023,42,0.42227533459663391,38.169697563921879
8426055ffffffff,2023,42,4.611708790063858,31.2539102637802
8426055ffffffff,2023,53,0.12964232265949249,24.999973333790031
8426043ffffffff,2023,42,0.06472383439540863,31
8426c0bffffffff,2023,42,51.722361505031586,88.178131255612669
8426c0bffffffff,2023,53,60.596761371370619,62.419459453685505
842a137ffffffff,2023,42,140.76068248839354,36.736422324252715
842a137ffffffff,2023,53,0.13859499990940094,28
84276bbffffffff,2023,42,18159.524944700912,86.928170917884842
84276bbffffffff,2023,53,0.064681202173233032,16
84278e3ffffffff,2023,51,19.899629488587379,38.313133944032082
84278e3ffffffff,2023,52,3.7555513121187687,33.447606102885075
84278e3ffffffff,2023,53,382.96300589993018,78.605329757100847
842aa87ffffffff,2023,42,4.3566252738237381,57.811167154641005
842aa87ffffffff,2023,53,0.0701553225517273,47
8426289ffffffff,2023,42,0.39051678031682968,25.001298043328845
8426289ffffffff,2023,53,820.93648902680343,65.755005555487557
8444583ffffffff,2023,53,0.074812315404415131,16
842604dffffffff,2023,42,3.8271716386079788,34.7334532605625
842604dffffffff,2023,53,0.38330382853746414,26.665591387378136
84260a9ffffffff,2023,42,0.20364443957805634,28.996892512680969
8448c4bffffffff,2023,42,0.53516041487455368,37.860010122791223
84262ddffffffff,2023,42,32.06184409558773,64.9830223111349
84262ddffffffff,2023,53,1001.4540931941248,62.338664058548
84261c5ffffffff,2023,42,0.066710770130157471,16
842626bffffffff,2023,42,183.07920262486329,56.644538521733089
84446c7ffffffff,2023,42,0.54352791607379913,27.285876774247161
842781bffffffff,2023,42,113.88577215000987,49.77872443975734
842781bffffffff,2023,51,3.537091251462698,37.438847172652864
842781bffffffff,2023,52,115.86463952745292,50.331156655047842
842781bffffffff,2023,53,1491.3984820298413,77.695326692465173
842754bffffffff,2023,53,0.061889763921499252,28
84268d9ffffffff,2023,53,0.97881992906332016,25.71465887185968
8427819ffffffff,2023,42,1.0307159274816513,37.829439411567193
8427819ffffffff,2023,51,849.11352241851534,79.617006998135565
8427819ffffffff,2023,52,1658.1157403105908,69.642520113331287
8427819ffffffff,2023,53,7061.8991006557108,82.105750018419258
8427949ffffffff,2023,51,1240.7263070904742,71.461187175975866
8427949ffffffff,2023,52,2303.9366241164357,72.399176225544409
8427949ffffffff,2023,53,2276.420495600838,68.195502148012238
8428941ffffffff,2023,42,1.87874386459589,27.448119941815047
8428941ffffffff,2023,51,0.58321262151002884,36.555494414082581
8428941ffffffff,2023,53,0.12961162626743317,23
84264a1ffffffff,2023,53,2.4149000346660614,40.818271175559246
8444e81ffffffff,2023,53,1.577233575284481,27.522572343505438
8448d0bffffffff,2023,42,0.82901038229465485,43.000624825365165
8427965ffffffff,2023,51,602.55714963665787,53.058027382594005
8427965ffffffff,2023,52,149.09027109024862,40.505497079470381
8427965ffffffff,2023,53,685.47969839881148,66.438796854555719
8428861ffffffff,2023,42,0.0648619532585144,28
844882bffffffff,2023,53,0.551697239279747,88.4292885990151
84260d5ffffffff,2023,53,0.13505621999502182,38.500537845909889
8426755ffffffff,2023,42,2.372039258480072,26.086381336767833
8428911ffffffff,2023,51,0.44227434694767,33.572342494299882
8428911ffffffff,2023,52,0.31569972634315491,53.4092393887545
8428911ffffffff,2023,53,0.18947120755910873,33.342944338851204
84261c1ffffffff,2023,53,0.20012830942869186,37.32757273833618
8426abbffffffff,2023,42,241.52594851547596,82.926244484457271
8426abbffffffff,2023,53,27.866848446428776,68.736211764378339
84264c7ffffffff,2023,53,2.4566246122121811,40.731457786084128
842621dffffffff,2023,42,354.55569177871826,64.960233428114108
842621dffffffff,2023,53,40.78591150790453,33.794465189837446
8427529ffffffff,2023,42,76.552913308143616,46.896438829405213
8429a83ffffffff,2023,42,0.28884575515985489,16.752583333653615
8429a83ffffffff,2023,51,776.69020899385214,75.9497656682913
8429a83ffffffff,2023,53,7.1568508237892505,31.271073630634096
84271a1ffffffff,2023,42,4870.3529413524939,75.060005378891631
84271a1ffffffff,2023,53,586.70100399057071,71.66669395194792
84262dbffffffff,2023,42,0.065032616257667542,30
84262dbffffffff,2023,53,4.1684867218136787,34.11995711047151
844899bffffffff,2023,42,3.1374111548066139,32.852668303722531
844899bffffffff,2023,53,0.15331938117742538,24
84441b7ffffffff,2023,53,32.267396077513695,72.710374802782368
8426233ffffffff,2023,42,562.21125564835233,73.3843825783295
8426233ffffffff,2023,53,178.03740645200014,63.951680380805612
84279b9ffffffff,2023,42,3.2685377970337868,42.200940521149427
84274ebffffffff,2023,42,140.63629703711646,36.047224023537865
84274ebffffffff,2023,53,8.5034079363240913,28.521736742144579
8427863ffffffff,2023,51,1.6806257367134094,30.999512048972804
8427863ffffffff,2023,52,32.947540696710348,36.701087604584934
8427863ffffffff,2023,53,631.0472208206852,66.759312224884269
8428f67ffffffff,2023,42,0.12613058090209961,26
8428f67ffffffff,2023,53,0.18915680050849915,29.33444392819403
8444ea1ffffffff,2023,53,0.15019650012254715,27.001385135884245
8444457ffffffff,2023,53,0.077047601342201233,100
84441abffffffff,2023,42,0.079049289226531982,46
84441abffffffff,2023,53,1.6595362052321434,52.672071957309313
8427583ffffffff,2023,42,516.44446991813538,53.191140021739528
8427583ffffffff,2023,53,764.44884096939188,68.811455519340086
84441a5ffffffff,2023,53,5.2254488319158554,36.015039021933582
84488edffffffff,2023,42,1.9543033763766289,28.640582763941335
84488edffffffff,2023,53,0.15638800710439682,26.000234253926969
8426067ffffffff,2023,51,0.06497405469417572,27
8426067ffffffff,2023,53,3.4428025186061859,26.810526775399474
8426ee9ffffffff,2023,53,0.14354074001312256,14
84275ddffffffff,2023,42,257.731763033452,61.32578858713822
84275ddffffffff,2023,53,616.2946675628715,61.629962644696512
8427539ffffffff,2023,42,42.719584315401669,31.884874599974371
84261b7ffffffff,2023,53,14.666886329650879,56.867943273205881
8426895ffffffff,2023,42,2.0707633569836617,30.380491128382946
8426895ffffffff,2023,53,0.071404002606868744,54
84270b9ffffffff,2023,42,0.24267534911632538,38.999989684180576
8448ce9ffffffff,2023,42,4.5442843809723854,45.579107741417253
844882dffffffff,2023,42,1.5836657285690308,27.049950432830844
844882dffffffff,2023,53,1.4253466874361038,33.564931839273832
842aa53ffffffff,2023,42,4.522074431180954,37.252748681870315
8426347ffffffff,2023,42,248.80726145501524,49.1072961075324
8426347ffffffff,2023,52,4.0239334255456924,25.67815874228949
8426347ffffffff,2023,53,102.90160677405257,41.460957635289105
84441a7ffffffff,2023,53,0.70997422188520432,38.556554263441548
84261a7ffffffff,2023,42,0.068628884851932526,33
84261a7ffffffff,2023,53,0.34326016902923584,22.600746946057875
84279b5ffffffff,2023,42,744.50405899254133,80.77349144728575
842629bffffffff,2023,53,0.19920852780342102,26
842aa1bffffffff,2023,42,8.93598448485136,35.25686867036967
8444e31ffffffff,2023,42,0.15286865830421448,48.49620351887669
8444e31ffffffff,2023,53,0.84116474539041519,51.000991512598659
84489c3ffffffff,2023,42,0.077661484479904175,30
84489c3ffffffff,2023,53,0.93224611133337021,38.089046553875313
8428135ffffffff,2023,53,1.400886133313179,45.473893888960433
8426f25ffffffff,2023,53,0.070714950561523438,77
84271b1ffffffff,2023,42,3797.9519474222689,70.286499562205833
84271b1ffffffff,2023,53,9.426684033125639,37.179278402115585
842aa29ffffffff,2023,42,2.678042821586132,35.648846388825454
842aa29ffffffff,2023,53,0.53459444642066956,37.624881808258252
842a123ffffffff,2023,42,1.5758748203516006,26.471474004263566
8444f1bffffffff,2023,53,11.538699574768543,27.485878915759539
842885dffffffff,2023,42,1034.879386529911,56.282453329456466
842885dffffffff,2023,51,0.52038057148456573,22.0000841586238
842885dffffffff,2023,53,638.07926018612056,56.706036406032766
8428a97ffffffff,2023,42,3.2714497223496437,26.0056726857283
8428a97ffffffff,2023,53,62.887237173085119,43.342119053662891
844442bffffffff,2023,53,0.15334084630012512,62.997832084450458
8448c39ffffffff,2023,42,0.07507612556219101,46
8426487ffffffff,2023,53,0.36641329526901245,28.988690697441761
8428341ffffffff,2023,42,2.3661043122410774,31.994596249629357
84266e7ffffffff,2023,42,0.14039479196071625,30
8444f43ffffffff,2023,53,18.086568929255009,41.7258281266116
8426c69ffffffff,2023,42,0.14330059289932251,29
8426c69ffffffff,2023,53,0.21528860181570053,18.000236714674411
8426241ffffffff,2023,42,4182.7086905436481,79.338521448530187
8426241ffffffff,2023,53,13.054940193891525,36.523039466014083
842633bffffffff,2023,51,0.57596655935049057,29.667510399046641
842633bffffffff,2023,53,1.7896580100059509,27.180624874460786
842aa9dffffffff,2023,42,108.63080881693784,70.499389884140186
842aa9dffffffff,2023,53,39.724768750369549,53.004952184711506
84289d7ffffffff,2023,42,0.1233372837305069,33
84289d7ffffffff,2023,51,0.061664372682571411,39
84289d7ffffffff,2023,53,0.18493034690618515,56.003138923354648
8427851ffffffff,2023,42,0.060001228004693985,53
8427851ffffffff,2023,51,313.10517121001203,59.917196708730863
8427851ffffffff,2023,52,9076.4630579118348,80.033644585795955
8427851ffffffff,2023,53,8874.9005365673675,79.88580379709272
8426039ffffffff,2023,53,0.99131070077419281,28.064854067377084
84262b7ffffffff,2023,53,0.26647430658340454,37.9999978750517
8426ea3ffffffff,2023,53,0.073290213942527771,21
84275bbffffffff,2023,53,17.9120160266757,33.463175209536317
8412d81ffffffff,2023,42,0.23697181418538094,24.500001988629847
8412d81ffffffff,2023,51,0.3559781089425087,20.672161451954626
8412d81ffffffff,2023,52,0.1189289465546608,25
8412d81ffffffff,2023,53,1.895466441179023,30.6084811604411
842795bffffffff,2023,51,1.0816225036978722,31.665081471981189
842795bffffffff,2023,52,183.49405861624024,41.311026702946833
842795bffffffff,2023,53,40.134018632068354,43.017363013187584
8426701ffffffff,2023,53,0.27227677404880524,22.50095628957347
8444ebdffffffff,2023,53,0.0744347870349884,32
8444553ffffffff,2023,53,0.15398848801851273,21.498885208209703
84269b5ffffffff,2023,42,3.5981544032692909,41.779898671855165
8428337ffffffff,2023,42,84.544821821153164,43.122978936118912
8426c4dffffffff,2023,42,0.1426151767373085,27.000017710224675
8428ab7ffffffff,2023,53,235.12038825177689,88.746111131398209
8426e23ffffffff,2023,53,42.31855433434248,49.769809491802839
8427895ffffffff,2023,51,0.63544318825006485,30.803127145787577
8427895ffffffff,2023,53,0.44495519250631332,19.714285448764773
84444e1ffffffff,2023,53,56.16204458255978,76.799175915950443
84446c1ffffffff,2023,42,2.6513485014438629,33.649351542418167
8444f07ffffffff,2023,42,22.490020051598549,63.264435226481417
8444f3bffffffff,2023,53,0.076724216341972351,39
8426ccdffffffff,2023,53,0.07368798553943634,41
8444dadffffffff,2023,42,0.073764197528362274,22
8444dadffffffff,2023,53,0.95711272209882736,36.753875431700372
84262d5ffffffff,2023,42,0.26005670428276062,40.731483642952057
84262d5ffffffff,2023,53,530.7316521991703,65.706985076087463
84271adffffffff,2023,42,4158.8112682208721,71.563015951686
84271adffffffff,2023,52,0.29980876669287682,19.603854248091586
84271adffffffff,2023,53,172.0431697289003,59.880139165413681
8448d47ffffffff,2023,42,0.075792990624904633,42
84275b5ffffffff,2023,42,0.93459661304950714,27.428400848811229
8426d1bffffffff,2023,42,0.0735885500907898,28
8426d1bffffffff,2023,53,15.897539988160133,65.282612845169439
8427425ffffffff,2023,42,1387.071488365531,71.013127212742688
8427425ffffffff,2023,53,1049.2946958411558,67.467488429864645
84268a7ffffffff,2023,53,206.3511355365024,92.343522492215584
84289ebffffffff,2023,51,0.24796955659985542,26.000004867509034
84289ebffffffff,2023,52,10.180825181305408,32.375269600697528
84289ebffffffff,2023,53,27.69997581031685,36.942907924334449
8428b0dffffffff,2023,51,2.9335208982229233,34.931941278820382
8428b0dffffffff,2023,53,0.33326435089111328,25.199999982114907
8426b43ffffffff,2023,42,0.32601357996463776,28.395381796868975
8426169ffffffff,2023,53,6.494937390089035,30.009764051890311
84270b5ffffffff,2023,42,2.3223969042301178,33.33369338585824
842aa95ffffffff,2023,42,1.9067564830183983,32.921597292140575
842aa95ffffffff,2023,53,0.28247427195310593,41.998750878819976
8426849ffffffff,2023,42,0.53532857447862625,46.115330584991064
8444dd1ffffffff,2023,42,0.2208268791437149,36.330751139668493
842610bffffffff,2023,42,0.32735652476549149,36.79999421444986
842610bffffffff,2023,53,5.3640231341123581,28.30485710699498
84445e7ffffffff,2023,53,0.075380437076091766,29
8428957ffffffff,2023,42,1.405087947845459,35.919677661713187
8428957ffffffff,2023,51,0.89146032184362411,42.499099400760279
8428957ffffffff,2023,52,1.1473711729049683,57.06345290475786
8428957ffffffff,2023,53,0.12742515653371811,43.505937215231619
844895dffffffff,2023,53,0.1593632698059082,18
84260e3ffffffff,2023,42,0.2026834562420845,30.999823700536762
84260e3ffffffff,2023,53,0.33816137909889221,25.399886933009295
8426221ffffffff,2023,42,0.3151131346821785,34.394591576834877
8426221ffffffff,2023,53,0.063080191612243652,30
84264a9ffffffff,2023,53,0.072897829115390778,59
842b8c5ffffffff,2023,42,3.1932402700185776,33.182515818506353
8448ca9ffffffff,2023,42,0.073278225958347321,47
8428addffffffff,2023,42,0.19749540090560913,25.333330931486863
8428addffffffff,2023,53,1.120362713932991,25.059409398277232
8428897ffffffff,2023,42,6060.2967742306928,76.034954354790912
8428897ffffffff,2023,53,454.48568663088713,51.876893892341037
8426b07ffffffff,2023,42,0.13244590908288956,29
8428159ffffffff,2023,42,0.13777889311313629,31.000849972177715
84269e9ffffffff,2023,42,2.58626639097929,48.835282291555849
842aa2dffffffff,2023,42,109.90047058267336,55.880735531760649
842aa2dffffffff,2023,53,1.3360472619533539,46.401110581286005
8426919ffffffff,2023,42,0.20679589360952377,37.677158599097304
8444f0bffffffff,2023,53,2.865640364587307,44.784560817873157
8427509ffffffff,2023,42,0.12464325875043869,32
8426a43ffffffff,2023,42,0.77753432095050812,39.66668324088154
8426abdffffffff,2023,42,0.48093918710947037,29.570985288819703
8426abdffffffff,2023,53,11.362258806824684,30.461224708981227
842a911ffffffff,2023,42,0.069366604089736938,20
8426015ffffffff,2023,53,0.39719474315643311,25.332838759798808
8427687ffffffff,2023,42,627.70114947177615,60.804378946260378
842611bffffffff,2023,42,267.6570588350296,86.0187168555891
84276a9ffffffff,2023,42,300.24258807599546,67.542752233436147
84276a9ffffffff,2023,53,9.2974262908101082,30.716934346653343
8426691ffffffff,2023,53,0.50053476542234421,30.857271482636538
84271b7ffffffff,2023,42,527.87324892950119,54.093867675942818
84271b7ffffffff,2023,53,2.2557800618310768,24.635098653267711
842aa59ffffffff,2023,42,0.86754772812128067,37.067191702596745
8426e2bffffffff,2023,53,8.3624119609594345,36.000636418589366
8444f41ffffffff,2023,42,0.86110128462314606,55.4521756156073
8444f41ffffffff,2023,53,1.2519487217068672,28.938032345925723
842740dffffffff,2023,42,2.2582475990056992,24.549894069836988
8448833ffffffff,2023,42,0.46882578730583191,29.166754305763273
8448833ffffffff,2023,53,0.39037610590457916,42.597536913263788
8412d9dffffffff,2023,42,0.11899622529745102,27
8412d9dffffffff,2023,51,83.7093380652368,56.968651923334939
8412d9dffffffff,2023,52,0.8315422423183918,22.712527881306194
8412d9dffffffff,2023,53,73.328428607434034,68.067093978928355
842623dffffffff,2023,42,2382.8372669179357,81.0144040008094
842623dffffffff,2023,53,4.695545494556427,26.414003688407075
8448989ffffffff,2023,53,1.5494494661688805,40.3994046034607
8427919ffffffff,2023,51,2.7448358945548534,30.912223281328043
8427919ffffffff,2023,52,16.96001610159874,27.827992022446004
8427919ffffffff,2023,53,202.17601345479488,72.609918699269642
8448db9ffffffff,2023,42,0.57961315661668777,37.136824647226035
8426c57ffffffff,2023,42,0.21798741072416306,15.666664433641998
8426c57ffffffff,2023,53,2.411398609157871,29.175303431301995
8427595ffffffff,2023,42,59.064365766825638,33.78704171237294
8427595ffffffff,2023,53,141.31686310966813,64.5733628577785
84262e9ffffffff,2023,42,92.8021073564887,74.215507867839449
84262e9ffffffff,2023,53,612.90935457483226,68.8936608910688
84268ddffffffff,2023,53,0.20970236510038376,28.3333329069816
8448c61ffffffff,2023,42,0.075987204909324646,29
8428b1dffffffff,2023,42,5876.4306561572012,72.24535721465007
8428b1dffffffff,2023,53,464.97035369087075,61.955483688585907
8427aa1ffffffff,2023,42,0.060386955738067627,18
8427aa1ffffffff,2023,51,17.724611163139343,33.249566367327084
8427aa1ffffffff,2023,52,1248.9519539295311,61.020735999572189
8427aa1ffffffff,2023,53,1983.841642193496,68.842017944378043
8448915ffffffff,2023,53,0.9434492364525795,22.750195362207453
8426d35ffffffff,2023,53,5.8705796760086919,24.965786384687405
8426765ffffffff,2023,53,0.20146433264017105,31.665826827097622
8427989ffffffff,2023,42,0.37675297260284424,44.002175334835449
8427989ffffffff,2023,51,7.7320363968610764,32.869673252857048
8427989ffffffff,2023,52,7.8615946248173714,32.610255438548229
8427989ffffffff,2023,53,425.09838481907752,43.569818075284687
842a131ffffffff,2023,42,0.068898841738700867,26
842a131ffffffff,2023,53,0.13758735358715057,43
842aab9ffffffff,2023,42,2.466647133231163,51.571220193723839
842aab9ffffffff,2023,53,0.916265994310379,48.153205486719131
84289dbffffffff,2023,42,0.12419545650482178,19
84289dbffffffff,2023,51,7218.2103392207737,78.470660021474089
84289dbffffffff,2023,52,1285.9366180991278,67.876678505828664
84289dbffffffff,2023,53,1730.7240895316149,74.52095272121008
842b115ffffffff,2023,53,1.7975429743528366,26.79174851160025
84260a1ffffffff,2023,42,0.068038314580917358,35
84278d1ffffffff,2023,42,0.31217467039823532,35.366182431122184
84278d1ffffffff,2023,51,117.0879073711733,60.561707075783104
84278d1ffffffff,2023,52,0.12479334697127342,20.998590105441785
84278d1ffffffff,2023,53,293.83809627466928,60.157869413958551
84266c3ffffffff,2023,53,0.070118404924869537,30
8426f2dffffffff,2023,42,0.21173807978630066,19.3359784178221
8426f2dffffffff,2023,53,22.058085016906261,32.388812142128394
8427533ffffffff,2023,42,12.86863849312067,30.881363995084389
8427533ffffffff,2023,53,0.70995935797691345,28.091810386099436
8426c65ffffffff,2023,53,0.23338090642994525,24.736682181944094
8444e63ffffffff,2023,53,0.15514931082725525,27.500711638055478
84262c3ffffffff,2023,42,2.0050311982631683,27.579398877336487
84262c3ffffffff,2023,53,801.77360988072314,66.243221521674229
8444f11ffffffff,2023,53,0.15383777767419815,20
8426209ffffffff,2023,42,2298.380555621462,77.57621865368165
8426209ffffffff,2023,53,1.2440381981432438,29.841873047076902
84489d3ffffffff,2023,42,0.23186220973730087,35.000792287434017
8426711ffffffff,2023,42,88.195459350943565,76.455347311812844
84488d7ffffffff,2023,53,0.077279426157474518,45
84288e1ffffffff,2023,42,0.87594381719827652,27.134866514500061
84288e1ffffffff,2023,51,0.18757770955562592,38.001474405207382
84288e1ffffffff,2023,52,4.1889695264399052,28.328731052444542
84288e1ffffffff,2023,53,7.1976834274828434,31.959019611039576
8444e1bffffffff,2023,42,0.23009195178747177,25
8444e1bffffffff,2023,53,2.3023536428809166,50.066563916008739
8426215ffffffff,2023,42,1202.922219146116,74.028597720920345
8426215ffffffff,2023,53,129.19630631804466,54.550946376563445
84279abffffffff,2023,42,320.42737583407,67.07348768455627
84279abffffffff,2023,51,3.4309117570519447,45.273450941293667
84279abffffffff,2023,52,1.2067252323031425,52.108765922118742
84279abffffffff,2023,53,5.5297165289521217,39.553232793512088
8426143ffffffff,2023,51,0.19352786242961884,32.999990991292741
8426143ffffffff,2023,53,12.214522548019886,31.89272723450388
84281d5ffffffff,2023,42,0.66428594291210175,35.491469908517317
842ab25ffffffff,2023,42,26.887770718336107,33.800470417886835
8444d1dffffffff,2023,42,0.1505773663520813,34.50055026800392
8444d1dffffffff,2023,53,10.614248335361481,74.563255485867373
8444cd9ffffffff,2023,53,0.29514653235673904,27.000237139002003
8426b23ffffffff,2023,42,0.1337934136390686,29.001669502258896
84266edffffffff,2023,42,77.427483342587948,64.288541261145582
842745dffffffff,2023,42,1.0610571466386318,29.519859118302737
842745dffffffff,2023,53,0.062462933361530304,19
842644dffffffff,2023,42,0.27675388753414154,19.750010512776349
842605bffffffff,2023,42,12.468792398624561,35.791636268572546
842605bffffffff,2023,53,2.4016058966517448,28.45787286067749
8412db7ffffffff,2023,42,1.4605702646076679,46.084794365642594
8412db7ffffffff,2023,51,410.79179753721047,64.1987297952764
8412db7ffffffff,2023,52,708.06555381615954,67.438225318720939
8412db7ffffffff,2023,53,617.429483192414,68.037286750569024
84278c7ffffffff,2023,51,6.3173851072788239,40.41661629998309
84278c7ffffffff,2023,52,3.7932058461010456,25.813099613911653
84278c7ffffffff,2023,53,31.280694165971934,39.497912565694079
842a937ffffffff,2023,53,0.55962564051151276,29.123538200089833
8448d8dffffffff,2023,42,33.384254992008209,37.066436386015596
84274c7ffffffff,2023,42,2692.8130353714905,69.987616305545131
84274c7ffffffff,2023,53,416.93734651616973,65.999449695149636
8448d3dffffffff,2023,42,0.0745278000831604,41
8426c5bffffffff,2023,42,1.302559070289135,31.670827210144246
8426c5bffffffff,2023,53,3.1791201904416084,29.27559562438859
8426211ffffffff,2023,42,237.40622695783773,65.824720591595138
8426211ffffffff,2023,53,78.550188928842545,47.925900686798386
84289edffffffff,2023,51,7.0362111888825893,32.420424282380274
84289edffffffff,2023,52,10.515121255069971,31.876176219169626
84289edffffffff,2023,53,19.297270089387894,57.281646603551046
84262a3ffffffff,2023,42,72.069000244140625,67.994978479583821
84262a3ffffffff,2023,53,2.1780218780040741,45.067056313522315
84276abffffffff,2023,42,46.514060542980829,49.146726961382569
84276abffffffff,2023,53,1.1480871513485909,33.444207716828096
84269c3ffffffff,2023,42,2447.9419634004144,67.598521359417035
8426a51ffffffff,2023,42,0.19522581994533539,26.999698963078934
8426a51ffffffff,2023,53,0.065364666283130646,29
84289d1ffffffff,2023,51,51.2573397144383,58.179477794858329
84289d1ffffffff,2023,52,69.222974012821325,62.306806236079161
84289d1ffffffff,2023,53,117.05480679751319,69.660251784021426
84276edffffffff,2023,42,0.37441670522093773,23.665802840504622
8426261ffffffff,2023,42,81.756096450736123,44.162464619789795
8426c01ffffffff,2023,42,0.72754111140966415,27.304693431565521
8426c01ffffffff,2023,53,163.1697494238615,73.4839316509771
8426c09ffffffff,2023,42,18.952129825949669,76.298495407855967
8426c09ffffffff,2023,53,9.5680005699396133,29.717792878883444
842a919ffffffff,2023,42,0.13826851546764374,23
8426ce1ffffffff,2023,53,3.64368749409914,62.319184949774723
8427551ffffffff,2023,42,1.0637292116880417,43.586384927818628
8427087ffffffff,2023,42,1.2098043374717236,38.75525873663431
8427087ffffffff,2023,53,0.12089432030916214,24
8426aa3ffffffff,2023,42,0.75541655719280243,24.909094010517418
8426aa3ffffffff,2023,53,5.8506992533802986,37.0358220922359
8426ad9ffffffff,2023,42,8.8250469192862511,30.811041283327715
8426ad9ffffffff,2023,51,1.0098362937569618,24.933064672013259
8426ad9ffffffff,2023,53,10.097549967467785,29.401458464871524
8428b35ffffffff,2023,42,0.065465755760669708,44
8428b35ffffffff,2023,51,0.32712582498788834,30.401115540135269
8427431ffffffff,2023,42,534.51069572784149,61.087325345919979
8427431ffffffff,2023,53,22.233124367892742,38.805702482171753
8428f63ffffffff,2023,42,0.31534692645072937,21.594914871886566
84270e7ffffffff,2023,42,22.05474941432476,28.311543400668302
84270e7ffffffff,2023,53,10.740456353873014,40.277051477986724
842b8ddffffffff,2023,53,0.12947839498519897,39
84275d5ffffffff,2023,42,116.50473680218644,43.285491420589494
84275d5ffffffff,2023,53,594.38709356451727,61.403768432608366
8428335ffffffff,2023,42,85.977670746311247,58.332252833762162
8428335ffffffff,2023,51,0.069562219083309174,73
8428335ffffffff,2023,53,0.27784620225429535,18.249980813520668
8426a03ffffffff,2023,42,0.26438269764184952,26.501858103085979
842892dffffffff,2023,51,0.063331209123134613,28
842892dffffffff,2023,52,0.12678582966327667,29
842892dffffffff,2023,53,0.31707097589969635,49.185515760607075
842aab5ffffffff,2023,42,0.070615857839584351,70
8428a11ffffffff,2023,51,0.33378250896930695,24.398782576513639
8428a11ffffffff,2023,52,0.066800139844417572,19
8428a11ffffffff,2023,53,6.6040575876832008,32.285311943042863
84289c3ffffffff,2023,42,0.062367461621761322,28
8426c35ffffffff,2023,42,1.4749500155448914,32.1991832876652
8426c35ffffffff,2023,53,42.42047144472599,67.913632699702148
842891dffffffff,2023,51,2.7306382656097412,28.679145914146417
842891dffffffff,2023,52,0.38093388080596924,32.166425005593794
842891dffffffff,2023,53,11.806939110159874,35.573656574164282
8426aebffffffff,2023,42,888.08786355151869,52.582725034802188
8426aebffffffff,2023,51,2.8302256762981415,26.166963295469678
8426aebffffffff,2023,53,350.87157093610836,53.030355967766312
8448869ffffffff,2023,42,0.0798327699303627,24
8426885ffffffff,2023,53,0.28283302485942841,43.002624099982491
8448883ffffffff,2023,53,3.4650390818715096,50.044729394771778
8444ad1ffffffff,2023,53,0.079471185803413391,34
842af6dffffffff,2023,42,0.284542441368103,30.251422573698687
8426c63ffffffff,2023,42,0.43515954166650772,33.012083407348115
8426c63ffffffff,2023,53,1.3048331737518311,37.999572087856329
8448805ffffffff,2023,53,0.15834730118513107,57.988466718722023
8428987ffffffff,2023,51,0.24338562786579132,41.99999357142844
8428987ffffffff,2023,52,0.487491462379694,32.881100077699074
8428987ffffffff,2023,53,21.570324098844736,37.439867694624361
84281bdffffffff,2023,42,4.4953626394271851,40.159630009319848
84281bdffffffff,2023,53,0.26029470562934875,41.997948028867739
84279ddffffffff,2023,42,0.55996095761656761,43.33330519656019
84279ddffffffff,2023,51,1.5553640127182007,28.880447526024273
84279ddffffffff,2023,52,130.49382784962654,76.61887369355675
84279ddffffffff,2023,53,489.74483081737861,63.44379000677079
842632bffffffff,2023,51,0.25265757739543915,22
842632bffffffff,2023,53,7.1241879239678383,30.468000641757929
8426dd9ffffffff,2023,42,9.4025859337519186,33.070562622990714
8426dd9ffffffff,2023,53,40.51530034840107,66.147231553903339
84445d9ffffffff,2023,53,0.90801824629306793,46.251996932916896
842695dffffffff,2023,42,0.88122142106294632,30.84801083591783
84275abffffffff,2023,42,10.484449379146099,38.323265123896213
84275abffffffff,2023,53,5.0825788552270215,28.889548493054381
842ad4bffffffff,2023,42,0.073328062891960144,27
8428b57ffffffff,2023,42,35.850609011948109,38.723915623403194
8428b57ffffffff,2023,53,2.5463754182937097,31.889837142304046
842a92bffffffff,2023,42,0.27542466670274734,33.000042416354773
842ad6bffffffff,2023,42,19.743468150496483,43.474032099187014
842ad6bffffffff,2023,53,15.476839177310467,33.0855504502841
8427a97ffffffff,2023,42,3616.9228640286797,80.525330886812782
8427a97ffffffff,2023,51,0.18399429321289062,23.333386568842908
8427a97ffffffff,2023,52,0.611103467643261,16.800001204570751
8427a97ffffffff,2023,53,212.41889406740665,60.272224014695226
8426111ffffffff,2023,42,35.746912606060505,42.767253590181255
8426111ffffffff,2023,53,0.0662723109126091,63
842aad1ffffffff,2023,42,115.67732728439219,79.295198029576838
842a909ffffffff,2023,42,5.4113815873861313,36.607297208333648
8429abdffffffff,2023,51,0.14389631897211075,19
842783dffffffff,2023,51,4.2268387749791145,32.738451963806732
842783dffffffff,2023,52,45.887831637204854,35.6646662155659
842783dffffffff,2023,53,299.40350259484029,63.219910539639038
84275b1ffffffff,2023,42,1.6006607636809349,30.751151657727792
8426f63ffffffff,2023,42,0.14042126387357712,22.49998893724489
8427911ffffffff,2023,51,0.73686856776475906,28.16651290825936
8427911ffffffff,2023,52,2.2693997174501419,30.867733858451704
8427911ffffffff,2023,53,8.6512401737272739,37.92767454512429
8427ae5ffffffff,2023,42,58.916885182261467,54.302046088306234
8427ae5ffffffff,2023,51,538.87282317423933,68.0152119609348
8427ae5ffffffff,2023,52,13131.414359784067,80.620745125923236
8427ae5ffffffff,2023,53,15571.873875830132,79.443988370875857
8427531ffffffff,2023,42,282.87176789375496,68.026627445738626
8427531ffffffff,2023,53,0.1920044794678688,19.666125736091459
8426c55ffffffff,2023,42,31.178330585360527,69.443632182291253
8426c55ffffffff,2023,53,157.99968564624294,62.505476454243052
8427427ffffffff,2023,42,82.374161347367021,41.398599159158351
8427427ffffffff,2023,53,20.610971299924103,34.533160219593952
8426269ffffffff,2023,42,570.59430539127368,68.421460573017683
8426269ffffffff,2023,53,0.79985510185360909,20.6926096631537
8428ae7ffffffff,2023,42,0.19552788883447647,30.008708962730271
8428ae7ffffffff,2023,51,0.39042507112026215,26.011935811721262
8428ae7ffffffff,2023,52,0.65071858465671539,32.392227687453691
8428ae7ffffffff,2023,53,1.7585423141717911,27.447462392462874
8426063ffffffff,2023,42,0.064890868961811066,27
8444ee9ffffffff,2023,42,0.98909883946180344,33.307703170418975
8444ee9ffffffff,2023,53,0.075941592454910278,48
8426099ffffffff,2023,53,0.34163785725831985,29.386955125716032
8427ab5ffffffff,2023,42,0.85889708623290062,29.440014436080197
8427ab5ffffffff,2023,51,159.18903609918902,80.702042688608117
8427ab5ffffffff,2023,52,3.3647690080106258,29.472303870574518
8427ab5ffffffff,2023,53,84.006348888064721,42.158320594513526
8444591ffffffff,2023,53,0.59624873101711273,45.3749966105253
84261edffffffff,2023,42,0.13345367461442947,27.000069395404125
8426715ffffffff,2023,42,0.20626283437013626,20.666666666666668
842b8adffffffff,2023,42,0.64926649630069733,34.099115335316263
842b8adffffffff,2023,53,0.12989500164985657,18
84270a5ffffffff,2023,42,49.347911617919507,42.201499217598695
84270a5ffffffff,2023,53,57.895602378994226,59.415202496078749
842a161ffffffff,2023,42,0.067114777863025665,25
84274e9ffffffff,2023,42,540.58855357973607,53.75825014425881
84274e9ffffffff,2023,53,126.89828890959423,48.93914366914774
842aa3dffffffff,2023,42,13.842753425240517,39.092683165183622
8426b6dffffffff,2023,53,0.19528822600841522,33.672752907904588
8426059ffffffff,2023,42,17.245487892306318,33.313661898717157
8426059ffffffff,2023,53,0.71036088466644287,21.362557201877717
8448937ffffffff,2023,42,0.2338247075676918,23.000017461448834
8426aa5ffffffff,2023,42,89.785278664616982,48.553534660409355
842744bffffffff,2023,42,2.1152780763804913,30.11931190834504
84276a5ffffffff,2023,42,801.13754643120024,57.701325737847938
84276a5ffffffff,2023,53,1.5303859040141106,24.582224328327793
842b1edffffffff,2023,42,0.62685678899288177,40.999946419632167
842aae1ffffffff,2023,42,28.667731134739576,62.153477099614591
8426717ffffffff,2023,42,0.20713459700345993,26.337430648065268
8426c31ffffffff,2023,53,0.22095699608325958,32.335838137307945
8428307ffffffff,2023,42,178.652258037206,61.001377650002368
8428307ffffffff,2023,51,0.14030258357524872,27.999994583426751
8428307ffffffff,2023,53,1.472406305372715,27.905264851496636
8426847ffffffff,2023,42,0.13490866124629974,30.994539831648677
84260dbffffffff,2023,53,0.8096875324845314,25.999998638133992
8444e53ffffffff,2023,42,0.23135524243116379,54.333297994733023
8444e53ffffffff,2023,53,3.1626619696617126,34.82746207628427
842883bffffffff,2023,42,0.76019230484962463,26.415264165449489
842883bffffffff,2023,53,0.44276270270347595,33.730204774952313
8426a9bffffffff,2023,42,1.44121553003788,29.234744953276028
8426a9bffffffff,2023,53,31.5073109716177,63.7723472683616
8426a99ffffffff,2023,42,1315.754933619324,54.820943775960977
8426a99ffffffff,2023,51,8.9217954050092132,24.390314605674785
8426a99ffffffff,2023,53,702.97908813079778,77.574981749657269
8426c2bffffffff,2023,42,2.2682028710842133,32.030413988973258
8426c2bffffffff,2023,53,0.80397464334964752,25.00288669060998
8426231ffffffff,2023,42,407.1717531879159,79.281306127859466
8426231ffffffff,2023,53,6.5114397406578064,24.039289956565145
8426309ffffffff,2023,42,70.143789859189127,44.375584099581268
8426309ffffffff,2023,52,3.6710009053349495,31.133803827673848
8426309ffffffff,2023,53,12.585452135652304,29.968956528910844
844886bffffffff,2023,42,0.23918169736862183,25.666901290693811
844886bffffffff,2023,53,0.3184940367937088,39.512042001194644
84278abffffffff,2023,51,9.2998232170939445,61.995474446541188
84278abffffffff,2023,52,0.3800341784954071,41.644852570583787
84278abffffffff,2023,53,11.963278743011109,41.511979587042738
8428103ffffffff,2023,53,0.1882889497806044,24.440672464540047
8426327ffffffff,2023,53,1.7834025935507287,28.232896263355823
84441a9ffffffff,2023,42,0.079114675521850586,39
84441a9ffffffff,2023,53,0.31672915816307068,54.000142975876081
8448d2dffffffff,2023,53,22.400965894671046,42.287256885186451
842832bffffffff,2023,42,146.13825911248432,48.005766175505705
842832bffffffff,2023,51,0.77114890515804291,30.453976495918614
842832bffffffff,2023,53,1.682394452393055,25.54169939721265
842af63ffffffff,2023,42,1.3685107603669167,27.105264796915023
8426123ffffffff,2023,42,1948.7287317569642,65.4104959545037
8426123ffffffff,2023,51,4.5631708279252052,28.142861931520411
8426123ffffffff,2023,53,142.4355964534715,65.7628787995842
8427421ffffffff,2023,42,216.28595081480108,56.004935629239249
8427421ffffffff,2023,53,74.371092527900259,47.072112885559385
8426d95ffffffff,2023,42,2.8752053529024124,28.472356705314407
8426d95ffffffff,2023,53,0.529728926718235,31.712478259016056
8428931ffffffff,2023,51,7.3823565393686295,38.974091031738524
8428931ffffffff,2023,52,2.4124546304052954,26.673591619833786
8428931ffffffff,2023,53,12.210145812481642,33.6829902813197
842aa51ffffffff,2023,42,1.2095398902893066,34.779993335784788
8448e37ffffffff,2023,42,0.076637424528598785,18
8428953ffffffff,2023,42,2.622749887406826,36.44515491954337
8428953ffffffff,2023,53,0.19235500693321228,19.666205634855057
842aa91ffffffff,2023,42,18.052799448370934,69.862659406278269
842aa91ffffffff,2023,53,0.42371591180562973,27.664815274829323
842618bffffffff,2023,42,0.47483121603727341,53.868065874681847
842618bffffffff,2023,53,1.4241974130272865,29.001313417015993
842ad3dffffffff,2023,42,0.223420150578022,25.333262191263564
842ad3dffffffff,2023,53,0.520128108561039,29.42961573655208
8427505ffffffff,2023,42,407.20116032660007,67.732379147053024
842659bffffffff,2023,53,51.460683450102806,45.703380005135806
842691bffffffff,2023,42,0.34614162892103195,36.999695835040868
842602dffffffff,2023,42,0.39276298135519028,21.666091266263756
842602dffffffff,2023,51,2.2902060225605965,35.836117356700626
842602dffffffff,2023,53,2.4173061102628708,29.37848662049182
8444e09ffffffff,2023,53,4.7262828797101974,34.793820657161469
8427883ffffffff,2023,51,0.12658937275409698,27
8427883ffffffff,2023,53,0.12688955664634705,19.50002113813844
842799dffffffff,2023,42,0.063698731362819672,19
842799dffffffff,2023,51,4.6384148001670837,36.657705647479666
842799dffffffff,2023,52,8.3187625557184219,40.532753056645618
842799dffffffff,2023,53,45.3973362349412,45.219608340640548
8426d6bffffffff,2023,42,0.50596675276756287,41.857435964825527
8426d6bffffffff,2023,53,5.3441150635480881,37.932022613051352
8444ee3ffffffff,2023,42,0.0756155475974083,33
8448c0bffffffff,2023,42,0.075634278357028961,34
8412db3ffffffff,2023,42,0.84989373385906219,39.780650638165909
8412db3ffffffff,2023,51,218.74896827309448,42.822531466179974
8412db3ffffffff,2023,52,139.46065887350079,38.451059046907538
8412db3ffffffff,2023,53,138.70717602638052,41.890363541418772
8444da1ffffffff,2023,53,0.44056436419487,29.99345731655799
8448955ffffffff,2023,53,0.31711018085479736,26
8448c19ffffffff,2023,42,11.325827516615391,41.894384915066134
842a84bffffffff,2023,42,1.9150533229112625,34.070750280120414
8426b4bffffffff,2023,42,0.5838729590177536,28.335540448343341
842796bffffffff,2023,51,2351.5780101323389,66.26410848774087
842796bffffffff,2023,52,1471.9146289754879,66.439675570497954
842796bffffffff,2023,53,2101.2979066717562,66.601447219152874
8426dabffffffff,2023,42,0.52792734652757645,27.857461292329479
8426dabffffffff,2023,53,3.0925137028098106,29.558350003587226
8426c41ffffffff,2023,42,0.35894471406936646,26
8426c41ffffffff,2023,53,1.218727745115757,24.293013916459259
84260c9ffffffff,2023,42,1.3955001831054688,46.286169539506233
84260c9ffffffff,2023,53,0.66421432048082352,32.118486186835021
8428b21ffffffff,2023,51,0.066001012921333313,25
84275d1ffffffff,2023,42,100.75385208349017,35.640631252456949
84275d1ffffffff,2023,53,172.81236547722534,51.786408351174011
8426683ffffffff,2023,53,0.071155928075313568,23
8428a1dffffffff,2023,53,0.80150869488716125,31.498814018012602
8427083ffffffff,2023,42,0.12057009339332581,44
8427083ffffffff,2023,53,0.060437541455030441,22
844888bffffffff,2023,53,0.077327892184257507,54
8448d23ffffffff,2023,42,0.37259842455387115,40.999704295083909
8448d23ffffffff,2023,53,236.49970854073763,48.294570525412844
8444413ffffffff,2023,53,0.076166115701198578,72
8426751ffffffff,2023,42,2.84098781645298,40.903289029768963
842aa4bffffffff,2023,42,6.7552636861801147,45.627038511779794
842aa4bffffffff,2023,53,0.66304516792297363,23.906220828974909
8427b37ffffffff,2023,51,1180.7134812680238,63.281365370484444
8427b37ffffffff,2023,52,2079.3112496255512,76.101516215543512
8427b37ffffffff,2023,53,2286.0227302390867,54.372171483532419
8428b37ffffffff,2023,42,11.238803341984749,30.499441455884437
8428b37ffffffff,2023,53,0.1947173997759819,25.333026765703469
842aa13ffffffff,2023,42,29.323929095531213,42.862474909057774
8427833ffffffff,2023,42,2.8510890044271946,88.664643108855287
8427833ffffffff,2023,51,5.854785637718205,34.94957431310155
8427833ffffffff,2023,52,83.998097334919,56.273692374255816
8427833ffffffff,2023,53,466.948077982109,72.52894354229953
8426c67ffffffff,2023,42,0.65241815149784088,39.110729209056082
8426c67ffffffff,2023,53,5.6272988271187332,39.664802668877172
84441adffffffff,2023,42,0.39695138484239578,76.401907484626889
84441adffffffff,2023,53,17.108093619346619,34.426042235582536
842613bffffffff,2023,42,0.39887330681085587,24.171062638396698
842613bffffffff,2023,51,0.19934357702732086,24.334441793187345
842613bffffffff,2023,53,0.066721387207508087,23
84274d7ffffffff,2023,42,51.98551821460326,55.902471593541854
842632dffffffff,2023,42,0.18769103288650513,30.666538792664056
842632dffffffff,2023,53,0.12540081143379211,20.500053769791144
8427a99ffffffff,2023,42,971.77889401018615,62.425506631652929
8427a99ffffffff,2023,53,179.73872576129494,49.965319640786682
8444513ffffffff,2023,53,0.30536560714244843,16.999992826727553
8444e13ffffffff,2023,42,0.0762864351272583,22
8444e13ffffffff,2023,53,0.30535086989402771,57.750447399563242
8444523ffffffff,2023,53,0.076516024768352509,28
8444db9ffffffff,2023,42,0.072897829115390778,19
8428d6dffffffff,2023,42,61.505549619536779,54.720650723013371
8428d6dffffffff,2023,53,6.5179764628410339,28.814459934427887
8426139ffffffff,2023,42,1.2540925517678261,28.624486250127607
8426139ffffffff,2023,51,2.3759056702256203,35.718066297126818
8426139ffffffff,2023,53,0.26421181857585907,29.246791247284762
8428ae9ffffffff,2023,42,0.26308751106262207,26.995189715343159
8428ae9ffffffff,2023,51,0.19748061150312424,25.333343142655579
8428ae9ffffffff,2023,52,0.13145270943641663,17.999865671266189
8428ae9ffffffff,2023,53,1.3822217583656311,32.143996670868653
842688bffffffff,2023,42,200.68815369395645,60.050094446438678
842688bffffffff,2023,53,7.1378993393743739,45.658039361202832
8426e33ffffffff,2023,42,0.0717848539352417,30
844452dffffffff,2023,42,0.69345591962337494,50.222216179245954
844452dffffffff,2023,53,0.539752371609211,32.854091825010421
842aae3ffffffff,2023,42,136.25823837200215,68.320091768274835
8448891ffffffff,2023,53,0.38321167230606079,31.400000233309612
8444ddbffffffff,2023,42,0.14734775573015213,30.500087704301848
8427401ffffffff,2023,42,2.2169433608651161,34.6904649634285
84444e7ffffffff,2023,53,1.6591886281967163,66.53640583755913
844448dffffffff,2023,53,0.60270003229379654,74.498466462419159
84260e5ffffffff,2023,53,0.40321670472621918,27.167041323694544
8426f67ffffffff,2023,42,13.026786208152771,36.741847012187044
8426f67ffffffff,2023,53,8.6961075067520142,34.356750932342614
84489adffffffff,2023,53,0.15398681163787842,24.499993806779255
8426a67ffffffff,2023,42,0.19597489386796951,48.328214078040766
84288bbffffffff,2023,42,3814.3366578875948,73.574708282723378
84288bbffffffff,2023,51,0.36706271395087242,21.499936452534357
84288bbffffffff,2023,53,800.45586854478017,64.04351131620497
8444ec7ffffffff,2023,53,2.346555233001709,31.385824510072275
84288a9ffffffff,2023,42,0.86690052971243858,36.786266835930853
84288a9ffffffff,2023,51,714.83125387621578,66.584767564897192
84288a9ffffffff,2023,52,150.55204412615768,33.021990116965164
84288a9ffffffff,2023,53,772.71649388280866,75.133540939546592
8426d37ffffffff,2023,42,0.074301525950431824,42
8426d37ffffffff,2023,53,33.2937725929653,35.337629044751736
842aa0bffffffff,2023,42,7.0646457821130753,33.711992982844286
8426259ffffffff,2023,42,4.027912549674511,43.137575271804444
8426259ffffffff,2023,53,3.5914920084178448,24.311800492404295
842b8b7ffffffff,2023,42,1.9276787340641022,31.246205259981636
8444431ffffffff,2023,53,0.076092928647995,64
8426889ffffffff,2023,42,3.7853847444057465,39.091348058619346
8426889ffffffff,2023,53,0.070414632558822632,50
842ad63ffffffff,2023,42,11.839443519711494,29.800524454908249
842ad63ffffffff,2023,53,24.307621613144875,57.521216357504969
8426339ffffffff,2023,51,0.25390259921550751,26.497490568025395
8426339ffffffff,2023,53,12.114405155181885,32.900546059107526
84489abffffffff,2023,42,0.15389479696750641,26
84489abffffffff,2023,53,0.23067139089107513,37.670805314825266
84278e5ffffffff,2023,42,1.8686842992901802,31.234485927408773
84278e5ffffffff,2023,51,4.0422598645091057,34.520395043020883
84278e5ffffffff,2023,52,5.1652987785637379,36.277562324571107
84278e5ffffffff,2023,53,37.029711014602114,47.301576365235661
8426a95ffffffff,2023,42,485.27256764445235,65.953520488652487
8426a95ffffffff,2023,51,0.068488068878650665,25
8426a95ffffffff,2023,53,18.377306886017323,33.322724340917276
8428ad5ffffffff,2023,42,0.3682362395466543,37.221567562844641
8428ad5ffffffff,2023,53,4.0639800429344177,38.822897997193436
842792dffffffff,2023,51,11.837093789130449,31.047109022196437
842792dffffffff,2023,52,6.2422127314934546,30.660901267726775
842792dffffffff,2023,53,130.83219871670008,69.959946199457
8426147ffffffff,2023,53,162.86941509693861,82.006890107133259
8412cb1ffffffff,2023,51,0.29812833294272423,23.998564356333574
8412cb1ffffffff,2023,52,2.74265905842185,34.3916499129443
8412cb1ffffffff,2023,53,4.1147491224110126,38.151634459595641
84269ebffffffff,2023,42,0.2108941525220871,35.001831431045034
8426cc7ffffffff,2023,53,0.29724498093128204,40.99924257209063
8444527ffffffff,2023,53,0.68975982815027237,43.994254660748382
842a951ffffffff,2023,42,0.068539276719093323,21
84289e1ffffffff,2023,51,0.1857890896499157,38.995401983931828
84289e1ffffffff,2023,52,8.10055698081851,32.864571073099107
84289e1ffffffff,2023,53,2.4738210625946522,38.32439789047482
8427881ffffffff,2023,51,0.062945045530796051,29
8426863ffffffff,2023,42,0.068053007125854492,28
8426313ffffffff,2023,53,0.19152902066707611,25.669225712161744
8428817ffffffff,2023,42,0.44374879449605942,23.143620669637336
8428817ffffffff,2023,51,0.38025755435228348,30.005662328761286
8428817ffffffff,2023,53,223.20379735529423,71.77966263011939
8427829ffffffff,2023,51,0.54438221454620361,32.444905453915588
8427829ffffffff,2023,52,4.9536329619586468,41.76422452337367
8427829ffffffff,2023,53,7.67282310500741,37.882487755178126
8427839ffffffff,2023,51,150.0998248877917,50.0358088244109
8427839ffffffff,2023,52,546.81013937184912,62.029328139938357
8427839ffffffff,2023,53,3693.5322906902611,81.020288721004
8448987ffffffff,2023,53,0.30772364139556885,20.750001016900697
8412d85ffffffff,2023,42,0.29730969667434692,20.789612853594075
8412d85ffffffff,2023,51,1.1289489604532719,23.835767848010285
8412d85ffffffff,2023,53,8.6099794469773769,29.965658024805723
8426cb7ffffffff,2023,53,0.30494552105665207,34.519796345362636
8428f55ffffffff,2023,42,86.9630311332497,39.2531660056345
8428f55ffffffff,2023,53,122.43650510162115,62.99430742854387
8426d89ffffffff,2023,42,0.0748191848397255,29
8426d89ffffffff,2023,53,22.89666374027729,36.574996975095345
8426ad7ffffffff,2023,42,353.35210675001144,54.26407965551293
8426ad7ffffffff,2023,51,37.335813447833061,66.694207685078652
8426ad7ffffffff,2023,53,1508.8230200556272,78.644839402822
8426093ffffffff,2023,53,0.48222585022449493,26.285714047336739
842badbffffffff,2023,53,0.25308310985565186,20.749796339168586
8444d01ffffffff,2023,42,0.15110152959823608,17.000568033220475
8444d01ffffffff,2023,53,0.151144877076149,23.494496587405049
8428abdffffffff,2023,53,1.2194102704524994,32.683622319820707
8426087ffffffff,2023,53,0.068115554749965668,58
842a809ffffffff,2023,42,0.481981061398983,29.139939629066774
8444c2bffffffff,2023,53,0.300418883562088,37.0000271815015
8444c5dffffffff,2023,42,11.255050897598267,53.185823327733189
8444c5dffffffff,2023,53,12.2124829813838,62.332954978952486
8428d2dffffffff,2023,42,3.9420151449739933,31.25817404909564
8428d2dffffffff,2023,51,0.11974812299013138,22
8428d2dffffffff,2023,53,9.1971998997032642,28.049831452423891
842aa83ffffffff,2023,42,1.2660611197352409,36.170035097308094
8427a83ffffffff,2023,42,812.22932607459973,70.704886201533867
8427a83ffffffff,2023,51,104.581452701606,61.143742279791319
8427a83ffffffff,2023,52,12.133036053794271,33.959831783941951
8427a83ffffffff,2023,53,4500.918920157791,76.7978536340235
8428ab9ffffffff,2023,53,0.19237465411424637,25.333810390816236
84266b3ffffffff,2023,53,0.3599894791841507,30.999040440656771
8426151ffffffff,2023,51,675.09119743108749,81.737376145697468
8426151ffffffff,2023,53,28.914880000931369,40.959517770233937
8426181ffffffff,2023,53,0.74642070382833481,23.9093899975396
8426f43ffffffff,2023,53,0.27868768572807312,32.499981018493123
8427499ffffffff,2023,42,11.918501349670045,30.800887522335621
8448d81ffffffff,2023,42,2.0495476573705673,32.747815551106761
842a125ffffffff,2023,42,13.19471151381731,31.5986288386865
8448939ffffffff,2023,42,0.078457742929458618,26
8426d2bffffffff,2023,42,0.43880554288625717,42.833133552873655
8426d2bffffffff,2023,53,0.21985672414302826,32
8448eb9ffffffff,2023,51,21.4395514652133,37.005152838640917
842654dffffffff,2023,53,0.12356328520120358,22.763970652582042
8427453ffffffff,2023,42,43.080286700205477,37.644569734248741
8427453ffffffff,2023,53,1.1420369371771812,33.1080172941563
8426f3dffffffff,2023,53,0.2842838317155838,35.756480997842274
842624dffffffff,2023,42,295.89550058830019,81.94499544001313
842aa57ffffffff,2023,42,4.51901575922966,32.378655074089508
8428339ffffffff,2023,42,0.97995409369468689,21.92809127589506
842ba9bffffffff,2023,42,0.064241737127304077,45
84288ddffffffff,2023,42,0.25206004828214645,45.260842542091737
84288ddffffffff,2023,53,55.462416746978668,78.314559407509677
8444f0dffffffff,2023,42,219.23593904823065,76.003138423541117
84261e7ffffffff,2023,42,0.0675516203045845,15
8428959ffffffff,2023,42,2.1374411508440971,32.784707892337593
84279edffffffff,2023,42,0.12441744655370712,27
84279edffffffff,2023,51,1.1182265020906925,30.828260571757344
84279edffffffff,2023,52,3.1728705614805222,36.457719381503409
84279edffffffff,2023,53,162.60192309942315,84.1295230772984
842b8a1ffffffff,2023,42,0.78167860954999924,32.74006251739084
842b8a1ffffffff,2023,53,0.32611531764268875,25.605264505234661
8448c55ffffffff,2023,42,11.310996130108833,45.858997415569171
8427519ffffffff,2023,42,18.957429020136011,38.379463647844844
8427519ffffffff,2023,53,12.245608493685722,31.597151122908546
8427ab1ffffffff,2023,42,3.0628733336925507,29.31976429844519
8427ab1ffffffff,2023,51,61.134857391741349,52.099616862293843
8427ab1ffffffff,2023,52,6.1713272742780987,40.356658019964428
8427ab1ffffffff,2023,53,226.4251092556791,69.768699061663355
84264b3ffffffff,2023,53,0.074013650417327881,28
8448cebffffffff,2023,42,10.061143010854721,30.294895494136853
842a325ffffffff,2023,42,0.2632923498749733,43.999937377083427
84274e3ffffffff,2023,42,14.831244297325611,33.346688587433192
84274e3ffffffff,2023,53,1.8242227686678663,28.900237319136146
8412da1ffffffff,2023,42,0.59913694113492966,20.502012993901783
8412da1ffffffff,2023,53,0.47993281483650208,32.127434748150336
8427189ffffffff,2023,42,16504.296081432087,77.52049083385667
8427189ffffffff,2023,52,0.41630285605788231,17.42857574431
8427189ffffffff,2023,53,21.37310428544879,60.173525332541956
8426461ffffffff,2023,42,0.069688998162746429,50
8428b39ffffffff,2023,42,273.63656801888169,78.970089310065177
8428b39ffffffff,2023,53,1.9126596301794052,40.967737861017696
8426203ffffffff,2023,42,2060.7487477744621,75.608472182430162
8426203ffffffff,2023,53,570.71852134913206,55.057744383480589
84289a9ffffffff,2023,51,0.18402061611413956,26.666664480328198
84289a9ffffffff,2023,52,0.98159370165245208,26.629019621762648
84289a9ffffffff,2023,53,0.61341100186109543,35.005431623620133
842719bffffffff,2023,42,1867.1736826261467,71.294126436281147
842719bffffffff,2023,53,126.87263864651322,50.983599871615304
84288c3ffffffff,2023,42,5.65399232506752,30.033728934838408
84288c3ffffffff,2023,51,43.2656913921237,90.187458566408154
84288c3ffffffff,2023,53,23.129456810068852,41.944374343007205
8426331ffffffff,2023,51,0.38407738506793976,35.000669427817975
8426331ffffffff,2023,53,184.75279649312006,69.138453526304232
842794bffffffff,2023,51,1518.9075332481489,46.622496574431835
842794bffffffff,2023,52,1992.7015004922653,57.9474393006818
842794bffffffff,2023,53,3229.5394630297142,59.604344054121377
842b133ffffffff,2023,53,0.0623665526509285,28
8444e25ffffffff,2023,42,0.30826039612293243,31.007031249811174
8444e25ffffffff,2023,53,24.936768422319609,29.132529640830729
8426db9ffffffff,2023,42,0.4536990150809288,32.166113789251504
8426b3dffffffff,2023,42,0.534393273293972,39.120625288924508
84264ebffffffff,2023,53,122.87879889458418,73.002570331790423
8448951ffffffff,2023,53,0.87286008149385452,30.81876580904078
84289d3ffffffff,2023,51,2351.4073172362851,79.565822142580629
84289d3ffffffff,2023,52,716.23205182114066,67.903683439124734
84289d3ffffffff,2023,53,1113.4046630051353,73.910737175337857
8427493ffffffff,2023,42,12.223788432776928,56.546426897737796
8427485ffffffff,2023,42,122.37265905416479,35.609236502820607
8427485ffffffff,2023,53,2.6492361323798406,28.224890017220709
8428f57ffffffff,2023,42,5.18015792965889,39.474295524062953
842628dffffffff,2023,42,21.514944083988667,61.446806659749541
842628dffffffff,2023,53,466.34205040239237,58.654160542585956
842893bffffffff,2023,51,2.1258385181427,33.147198760028274
842893bffffffff,2023,52,0.6256677657365799,25.800827682234669
842893bffffffff,2023,53,1.5631251074373722,29.880227336818347
8427a87ffffffff,2023,42,18.080805815756321,33.027087044789717
8427a87ffffffff,2023,51,135.93708680495621,62.851593013173158
8427a87ffffffff,2023,52,498.12151330478633,71.0198828937545
8427a87ffffffff,2023,53,1922.8722863211203,74.965987610257756
84289abffffffff,2023,51,0.060846172273159027,24
84289abffffffff,2023,52,1.5837541408836842,43.00034720673289
84289abffffffff,2023,53,21.070763230323792,38.197376800898162
84262bbffffffff,2023,53,20.931856483221054,46.6253902460553
84289bbffffffff,2023,53,0.18134156242012978,34.328357228719327
8448823ffffffff,2023,42,0.39271517097949982,27.000121819021896
8448823ffffffff,2023,53,3.2198572009801865,67.954432019158148
842a91dffffffff,2023,42,4.0760141015052795,26.797135335518956
8426a59ffffffff,2023,51,0.12956240773200989,20
84289e7ffffffff,2023,51,0.7385452464222908,31.916920477818781
84289e7ffffffff,2023,52,0.92247133329510689,33.403164793230289
84289e7ffffffff,2023,53,1.2920459806919098,42.226720353378383
842792bffffffff,2023,51,3.9755885861814022,30.509027331697361
842792bffffffff,2023,52,0.97866625711321831,30.813590377050403
842792bffffffff,2023,53,3.1229954734444618,37.390399393377287
8428b3bffffffff,2023,42,12.596404565081876,34.84924837045066
8428b3bffffffff,2023,53,0.9164261519908905,42.357734507974413
8448db1ffffffff,2023,42,1.2959511280059814,40.9436696410782
8444e0bffffffff,2023,53,7.4143759682774544,35.248826789765992
8444d17ffffffff,2023,42,6.1312438994646072,31.572672890237058
8444d17ffffffff,2023,53,14.138415142893791,44.847959324763835
8428a19ffffffff,2023,53,0.1336672306060791,26.499983333808981
842611dffffffff,2023,42,161.51185292005539,57.289129909500367
842611dffffffff,2023,51,2.3343637756565037,32.257213361900021
842611dffffffff,2023,53,1.7086385786533356,27.425934485174238
842786bffffffff,2023,51,12.233232658356428,28.535703260696522
842786bffffffff,2023,52,534.40035803481646,62.225313468418967
842786bffffffff,2023,53,2853.8997240463746,74.828779297193279
8428909ffffffff,2023,51,0.25616568326950073,38.253274011941606
8444525ffffffff,2023,53,3.7721791863441467,35.101141798592167
8426ea1ffffffff,2023,53,0.14639802277088165,20
842a901ffffffff,2023,42,292.00810057748765,70.265700032704672
84444d5ffffffff,2023,53,0.52737210690975189,42.0113299458571
8427a95ffffffff,2023,42,2163.8426375617878,76.201034176907015
8427a95ffffffff,2023,51,0.6676403135061264,39.090902084726466
8427a95ffffffff,2023,52,2.9816009216010571,32.417679113051037
8427a95ffffffff,2023,53,1150.6713810147023,68.791877886475532
842a96bffffffff,2023,42,0.40850041061639786,36.658310242484326
8426367ffffffff,2023,42,4.8621484749019146,29.316886753996496
8426367ffffffff,2023,53,16.341818281759821,30.685623750969857
84269d5ffffffff,2023,42,88.183790322699949,55.306630112123749
84274c5ffffffff,2023,42,310.20294366934718,54.743486722287848
84274c5ffffffff,2023,53,13.633322298526764,29.334061575165876
8448c3dffffffff,2023,42,0.44901405274868011,33.165765252064169
8428187ffffffff,2023,42,9.8126632869243622,40.133067382137682
8428187ffffffff,2023,53,0.39248906075954437,29.501762429385984
8426641ffffffff,2023,42,0.0672667995095253,49
8444e85ffffffff,2023,53,0.15037979185581207,32
8426267ffffffff,2023,42,546.8021636085183,67.768080835404731
8426267ffffffff,2023,53,1.2475560866296291,21.399463290276259
842a341ffffffff,2023,42,0.19530753791332245,42.670202268780173
842781dffffffff,2023,42,0.12137894332408905,32.497166416040656
842781dffffffff,2023,51,5551.8737839255264,81.19335091487288
842781dffffffff,2023,52,7043.5232428277241,78.643500483325965
842781dffffffff,2023,53,8455.2141907713012,84.557747384678322
842620dffffffff,2023,42,551.75015353522463,76.620199841030555
842620dffffffff,2023,53,1.2471326813101768,27.351770407452918
84262e1ffffffff,2023,42,18.863374024629593,37.379580771445731
84262e1ffffffff,2023,53,828.901590540041,68.875765656256945
8444cddffffffff,2023,53,0.88458626717329025,31.833003154737327
8426cc9ffffffff,2023,53,0.22089583426713943,38.666865273861895
8444de1ffffffff,2023,42,0.37112974375486374,24.200947213905931
8444de1ffffffff,2023,53,0.5193035826086998,39.416974268213629
84278cbffffffff,2023,42,1.2332452982664108,30.796972387864816
84278cbffffffff,2023,51,156.81252352893353,70.278412867242011
84278cbffffffff,2023,52,12.594798043370247,30.632431839797881
84278cbffffffff,2023,53,1034.449064923589,73.981086318900438
8427837ffffffff,2023,52,1.4264417737722397,29.387354437839392
8427837ffffffff,2023,53,11.97547094234649,56.6995809484864
8448899ffffffff,2023,53,0.077031068503856659,29
84268c9ffffffff,2023,42,1.6600856333971024,36.833223968042574
8448eabffffffff,2023,42,0.30181532353162766,32.752407781714105
8429addffffffff,2023,42,124.3431959787128,48.910860531786774
8429addffffffff,2023,51,50.017075413991421,76.5824426755071
8429addffffffff,2023,53,0.36725678294897079,36.399183719525276
8426441ffffffff,2023,53,0.069423452019691467,23
8426893ffffffff,2023,53,0.071511007845401764,23
842741bffffffff,2023,42,117.78187442544629,40.347551342402781
842741bffffffff,2023,53,0.44877319037914276,26.28405086367648
8426333ffffffff,2023,51,0.89916594326496124,35.994163849875392
8426333ffffffff,2023,53,238.44900192320347,84.331490772209264
842895dffffffff,2023,42,2.9038840159773827,34.398068829360177
842895dffffffff,2023,53,0.58038732409477234,54.661170695091705
84444c1ffffffff,2023,53,11.076229520142078,65.882506428930469
8426a81ffffffff,2023,42,3.6640689074993134,33.98236816659081
8426a81ffffffff,2023,53,198.11279444466618,54.969884656468949
842631dffffffff,2023,53,0.18991556018590927,16.333334379493792
8426d85ffffffff,2023,42,0.29995638877153397,29.498927643474648
8426d85ffffffff,2023,53,0.22513546049594879,26.664666644824781
8427737ffffffff,2023,53,0.061696358025074005,22
8448dc3ffffffff,2023,42,49.190355630335851,47.306219325076462
8444c09ffffffff,2023,53,0.9092988446354866,38.3327767828044
8448865ffffffff,2023,42,617.57994606483214,77.043841511303711
8448865ffffffff,2023,53,442.51091385100983,48.724433002548842
842789dffffffff,2023,51,2.0832498073577881,30.876776444608431
842789dffffffff,2023,53,0.12639998644590378,24.499457622431059
84288b3ffffffff,2023,42,158.7986731857938,67.170131977272817
84288b3ffffffff,2023,51,0.12157941609621048,34
84288b3ffffffff,2023,53,409.98838099549505,74.789149926659277
844893dffffffff,2023,42,0.70755137503147125,28.111142871036559
842b8bbffffffff,2023,42,0.79556757211685181,35.440448198597942
842b8bbffffffff,2023,53,0.33077483624219894,32.599148159060917
8444f03ffffffff,2023,53,0.077178843319416046,34
8428a17ffffffff,2023,53,3.7047929540276527,28.838926519239127
842773bffffffff,2023,53,38.261461280286312,52.12855025244437
