area_m2,crop_id,h3_id,mean_confidence,year
18916.306762695312,42,842694bffffffff,32.038656361671251,2022
3628.7337036132812,42,8428d09ffffffff,30.002564690702041,2022
28411.131042480469,42,8426a1dffffffff,43.180653684389192,2022
5185600.342590332,42,8426ae3ffffffff,70.467241584031285,2022
61937.785217285156,42,8428f31ffffffff,28.031022378193217,2022
17462.080017089844,42,842780bffffffff,23.241662277418307,2022
123011.93316650391,42,8428893ffffffff,25.394565350959361,2022
388589.70093587239,42,842625dffffffff,32.16967576840274,2022
20371.587890625,42,842602bffffffff,25.384112344877924,2022
36573675.251566328,42,8426203ffffffff,75.317858664420811,2022
65416.569873525579,42,8428f41ffffffff,39.563318727917448,2022
637.7391357421875,42,8426317ffffffff,17,2022
412755.1955145144,42,8426355ffffffff,33.892610636081656,2022
1317.512939453125,42,8426a05ffffffff,69,2022
2428.8343505859375,42,8412db3ffffffff,21.249777768128087,2022
18849.84326171875,42,84262e3ffffffff,26.61955635057269,2022
676.6805419921875,42,8426847ffffffff,93,2022
14995835.350959089,42,8426ac1ffffffff,69.738459143795154,2022
70780811.318286359,42,84271a1ffffffff,73.11848740769878,2022
11518.852722167969,42,8428953ffffffff,27.722312128814515,2022
3753.09619140625,42,84278e3ffffffff,35.167579980513487,2022
258599.87640380859,42,8427ad5ffffffff,26.80741298997383,2022
2055073.7792114259,42,84270a5ffffffff,52.945671920335442,2022
10411.191711425781,42,84270bbffffffff,28.825384881247007,2022
8015.9413452148438,42,8427831ffffffff,18.461736300109319,2022
2496.75244140625,42,8427567ffffffff,26.498867376351583,2022
2184662.2987060547,42,84275ddffffffff,52.443931852772039,2022
6019550.14761173,42,8428843ffffffff,51.883211831321553,2022
5289.8404541015625,42,8426b2dffffffff,35.372835081749081,2022
56800.516235351562,42,8426139ffffffff,26.990894363849769,2022
3640541.7866218118,42,842620bffffffff,54.897853608522638,2022
4756.7568969726562,42,8412d85ffffffff,37.626761081600293,2022
9269635.45055171,42,8426359ffffffff,59.007974678988475,2022
14512199.391296387,42,8427425ffffffff,68.710874404895876,2022
47526195.536420755,42,842623bffffffff,83.6760767487098,2022
1999.935546875,42,84281e9ffffffff,46,2022
1329.24462890625,42,8428189ffffffff,35,2022
1262.181884765625,42,8427985ffffffff,49,2022
2688.4430541992188,42,84261c7ffffffff,25.50847096691248,2022
7587.7898559570312,42,8427401ffffffff,44.828621557707464,2022
5860.4160766601562,42,8428847ffffffff,38.564498409902313,2022
4074082.3499145508,42,8426267ffffffff,62.9785251299798,2022
754346.07575492118,42,84262e9ffffffff,64.5958334232642,2022
1150772.5383164349,42,842634dffffffff,47.412555724263655,2022
7430643.83785544,42,8428b11ffffffff,56.615872619486019,2022
15981.524115109911,42,8427abdffffffff,26.193332265461095,2022
30030.9453125,42,8426305ffffffff,40.021969751302755,2022
15814046.618504187,42,8428855ffffffff,64.8885340031786,2022
288200.76605224609,42,8426ad9ffffffff,30.471802055027961,2022
154025.01470947266,42,8427585ffffffff,35.136528980929256,2022
1317499.7109375,42,8426229ffffffff,73.00915996669967,2022
143247.37469482422,42,8427429ffffffff,34.365460179317111,2022
85740.402957691869,42,8428f0dffffffff,46.480708602221256,2022
4465.976806640625,42,842604dffffffff,31.573221165822911,2022
4180.2369995117188,42,8427ae7ffffffff,24.720417042718523,2022
212836.32702636719,42,8427553ffffffff,36.598119260510408,2022
609.07830810546875,42,84270b9ffffffff,35,2022
77113.441345214844,42,8427ac7ffffffff,28.454406454279695,2022
52776.161315917969,42,8426107ffffffff,29.12568834186062,2022
1255.3056640625,42,8428833ffffffff,28,2022
675.199951171875,42,8426089ffffffff,25,2022
4644.0289306640625,42,84260cdffffffff,48.995396053794188,2022
2637.659423828125,42,842603dffffffff,25.255141290796903,2022
7042.8463745117188,42,8427517ffffffff,21.087729547089417,2022
3125.2312622070312,42,8427889ffffffff,19.399234712884237,2022
14674.964294433594,42,8428811ffffffff,40.089220809574364,2022
623.1951904296875,42,84288e3ffffffff,17,2022
30827.717651367188,42,842895bffffffff,34.704575591456333,2022
1566860.3323261335,42,8426213ffffffff,82.271654852715,2022
64749.166625976562,42,84262ddffffffff,44.870139195863544,2022
1274.602783203125,42,84279a5ffffffff,43.502827885832232,2022
4907.463623046875,42,8427911ffffffff,32.87495988377875,2022
672.5546875,42,8426a37ffffffff,82,2022
1758890.5093383789,42,8426119ffffffff,62.616939589347027,2022
33175.860290527344,42,8412da3ffffffff,29.999675034625628,2022
640689.47726500267,42,84288b1ffffffff,61.10525511347835,2022
7047389.6080932617,42,8426a3bffffffff,71.139563258556123,2022
7769106.5116720758,42,8427a99ffffffff,61.619103302844714,2022
18010483.0897437,42,8426a91ffffffff,60.104167849851564,2022
3033245.1898863553,42,8426b51ffffffff,72.091234990088168,2022
3725.7485961914062,42,84288e7ffffffff,23.169057445313044,2022
9382.4484252929688,42,8428f15ffffffff,46.99932552935563,2022
8683.1918334960938,42,84260c1ffffffff,51.922543233715658,2022
1313.928955078125,42,8426a57ffffffff,32,2022
4657.3809204101562,42,8426b2bffffffff,40.575038775515523,2022
1343.7144775390625,42,84260ebffffffff,51,2022
116328.1435546875,42,8427a8bffffffff,29.662357172202096,2022
13826.877807617188,42,842752dffffffff,26.225762430391519,2022
71734.392822265625,42,84262e1ffffffff,31.951828272253241,2022
18716155.533339556,42,84275ebffffffff,61.9263390160352,2022
1592480.1772460938,42,8427529ffffffff,55.873358511841552,2022
35301.744079589844,42,8428d03ffffffff,42.5878976238571,2022
106641.39434814453,42,8427addffffffff,30.102938358208558,2022
32615.554321289062,42,842613bffffffff,25.256847576211534,2022
15148.625122070312,42,84278adffffffff,36.829724565766362,2022
26845307.629869409,42,8427a91ffffffff,83.403161635167734,2022
126662862.80855569,42,842718bffffffff,80.2239191869085,2022
128631.19934082031,42,84279b3ffffffff,34.914900166456974,2022
35491.106811523438,42,8427853ffffffff,29.05270114758715,2022
19603678.504471123,42,8426123ffffffff,67.560424997316389,2022
1193.2969970703125,42,8427861ffffffff,37,2022
1287.6640014648438,42,8428a91ffffffff,20.499998886102144,2022
4300.82275390625,42,84278cdffffffff,41.43548434478096,2022
316883.39910888672,42,8427ad1ffffffff,30.065614006601127,2022
24842.987885119866,42,84288b5ffffffff,33.674830441169149,2022
71928.535522460938,42,84262d9ffffffff,33.3926201237104,2022
9685.782470703125,42,8428d61ffffffff,23.124004255794848,2022
24863.123411649816,42,842604bffffffff,39.967281049540858,2022
1555926.2885131836,42,84261a5ffffffff,61.86976756144297,2022
17247.358764648438,42,8427995ffffffff,47.889136550664816,2022
5133.9261474609375,42,842881dffffffff,39.751514672080638,2022
378075.57884114585,42,84271d3ffffffff,37.150172709681556,2022
1299.3021240234375,42,8426b6dffffffff,25,2022
2120746.5689398074,42,8427539ffffffff,59.113054860418842,2022
3759.4195556640625,42,84288e1ffffffff,24.167268561895227,2022
21200864.900180709,42,84271bdffffffff,63.480271999427096,2022
1072797.5399110084,42,8426225ffffffff,53.830961668921823,2022
2289432.496669156,42,8428b01ffffffff,75.7474714405085,2022
39097196.524588794,42,84271adffffffff,68.838427540366567,2022
1963434.6372680664,42,8426111ffffffff,68.7706158203496,2022
3922.0425415039062,42,8426005ffffffff,26.165899723064932,2022
5193.771484375,42,842885bffffffff,31.49834452775654,2022
13913.364685058594,42,8428f57ffffffff,53.416426494087361,2022
3977464.5275701783,42,8427423ffffffff,57.520659294183147,2022
21722.133911132812,42,8427543ffffffff,30.227784760446582,2022
5220.470703125,42,8426a63ffffffff,56.506089099178006,2022
3130.3828735351562,42,8427509ffffffff,32.203705617002335,2022
4236140.7300549075,42,8426269ffffffff,55.672981736269591,2022
5765.7564086914062,42,8428f59ffffffff,49.224267309795074,2022
8488614.4059594236,42,8426a13ffffffff,73.2549498884656,2022
7840435.6283636363,42,8426255ffffffff,66.636811734680748,2022
2566.7418823242188,42,8426045ffffffff,25.502863745059596,2022
17111.676574707031,42,8428f61ffffffff,26.889579972277488,2022
491403.46910113172,42,8426b59ffffffff,80.954539184514815,2022
491083.39819335938,42,8427ae5ffffffff,80.561700808307137,2022
646.1065673828125,42,8428969ffffffff,46,2022
23113.455078125,42,84261adffffffff,35.733720485898829,2022
92593.21149902344,42,8427535ffffffff,33.145615873467904,2022
22880.528991699219,42,8427aadffffffff,42.397022338033281,2022
631.3917236328125,42,8428f65ffffffff,28,2022
1157008.4200942095,42,84270a7ffffffff,37.997997018262282,2022
8857720.2293114755,42,842888bffffffff,39.043565097821379,2022
8630.5396118164062,42,8428b29ffffffff,27.230604945542755,2022
22544.321105957031,42,8426113ffffffff,45.796080177968228,2022
10023.681213378906,42,8427551ffffffff,34.561716941885784,2022
4012.019287109375,42,8426b23ffffffff,33.007686969774845,2022
35478.860717773438,42,8412dbdffffffff,35.595971066232437,2022
73063.266049852566,42,8426319ffffffff,28.559692872644153,2022
2610434.2366376091,42,8427abbffffffff,62.081636025333076,2022
3013.7647705078125,42,8427087ffffffff,31.017506305804492,2022
1932.1942749023438,42,8428943ffffffff,59.333657368364875,2022
22941.536437988281,42,8426ae5ffffffff,46.29544029836179,2022
2563.9205932617188,42,84278b1ffffffff,17.749255646789752,2022
64170.907775878906,42,84275e5ffffffff,33.353339837450164,2022
9886.047119140625,42,8427545ffffffff,33.191595536085536,2022
1976.3517456054688,42,8428adbffffffff,27.333386986946206,2022
498896.95153784659,42,8426309ffffffff,36.724711911185508,2022
25531.22216796875,42,8426b31ffffffff,36.6089605422994,2022
4510.3809814453125,42,8426a4bffffffff,35.714053025083928,2022
6939.1303100585938,42,8428f67ffffffff,33.723128989843332,2022
2015.3163452148438,42,84261e5ffffffff,30.329556309540255,2022
8980.0531616210938,42,84279a7ffffffff,36.277634279930211,2022
4258945.0535584688,42,8427ab9ffffffff,79.945905826460887,2022
18608.746887207031,42,84281ebffffffff,41.6049141548973,2022
52511.00390625,42,84275e1ffffffff,35.448046512963018,2022
3992617.3158475989,42,8427505ffffffff,75.048941660886925,2022
49950.534642836632,42,8426329ffffffff,32.94160719544373,2022
1821093.0744846719,42,8428891ffffffff,48.02957253320784,2022
46572684.0161937,42,8427a97ffffffff,85.527207127858489,2022
4570.7940063476562,42,8426285ffffffff,50.704796565970767,2022
46758.831298828125,42,8412de7ffffffff,29.935592893801452,2022
22493.331452014398,42,84270bdffffffff,27.960083004367476,2022
20573.096374511719,42,84278dbffffffff,24.11824103597402,2022
11049525.068998689,42,8426aebffffffff,65.903473344824846,2022
15193.314819335938,42,8426a21ffffffff,52.787162603759725,2022
11278703.101511039,42,84271b7ffffffff,61.080805074096588,2022
2898.257073615579,42,8426a29ffffffff,75.465590691272453,2022
3048353.9363563685,42,8428889ffffffff,57.539839535388772,2022
430672.43617302389,42,8427ad7ffffffff,31.989953981438855,2022
14256.738647460938,42,8428959ffffffff,31.955498133707895,2022
2613.5225219726562,42,8426a67ffffffff,48.496840479951018,2022
1362.0636596679688,42,84261abffffffff,21.498554112463715,2022
18698.966613769531,42,8426137ffffffff,31.431624820614861,2022
4476.7193603515625,42,8428957ffffffff,32.005072179926067,2022
17982.67626953125,42,84278d9ffffffff,29.3484032999859,2022
78310196.5253777,42,8426207ffffffff,82.389918194624116,2022
7994.5667114257812,42,8428b63ffffffff,34.584874167736338,2022
84965.787170410156,42,84278d5ffffffff,39.488540206221863,2022
8529.1236572265625,42,8427811ffffffff,39.282625365602726,2022
1928442.6450271907,42,8427a87ffffffff,75.838688666775582,2022
1280.5883178710938,42,8428963ffffffff,49.999967923602313,2022
126689.60821533203,42,842605bffffffff,34.840446518454385,2022
2818193.1458139461,42,8428d1dffffffff,60.321179146192925,2022
26209.861694335938,42,84278d1ffffffff,26.598244247515616,2022
24673.458862304688,42,84281edffffffff,31.542348969987504,2022
154708.68145751953,42,8428f25ffffffff,25.382456196554969,2022
2290378.2755126953,42,8426ae1ffffffff,86.312781381304688,2022
588522.53875732422,42,84288d1ffffffff,34.85301085206298,2022
110839.55509631586,42,8428b17ffffffff,43.890725607817544,2022
16133.531677246094,42,8427a8dffffffff,30.818730364331557,2022
24852972.492289945,42,84271b3ffffffff,73.907974154320286,2022
15189.836364746094,42,8427587ffffffff,27.434787341561183,2022
2061.015380859375,42,84261a7ffffffff,27.333367715326336,2022
869020.99857704318,42,8427adbffffffff,38.897152577124118,2022
24649542.031447228,42,8427a95ffffffff,78.155045409819337,2022
18374270.11739454,42,842718dffffffff,69.498089437616343,2022
1941.4509887695312,42,8426047ffffffff,23.668053958640854,2022
250392.06799890855,42,8428d67ffffffff,39.403514675512142,2022
30206241.277933039,42,8427a93ffffffff,80.186791510982815,2022
11356.424438476562,42,8412dabffffffff,32.219603051123507,2022
41122.261532772289,42,8428d55ffffffff,39.888421179445217,2022
1576064.017626235,42,84262c9ffffffff,50.66731501881911,2022
2581.9115600585938,42,8426a41ffffffff,38.7525211018788,2022
30775.435852050781,42,8426133ffffffff,26.808532328642716,2022
149791.20880126953,42,84262e5ffffffff,32.500154578975085,2022
1337.9042358398438,42,84261c5ffffffff,30.495633370153215,2022
1329.385009765625,42,8428a15ffffffff,32,2022
8704.0925903320312,42,84278c3ffffffff,41.0053963087152,2022
21712768.689004105,42,842636bffffffff,81.980184250847842,2022
3267.79296875,42,8426029ffffffff,24.201658699965932,2022
608.4000244140625,42,8428d51ffffffff,38,2022
6742272.1272518365,42,8428b0bffffffff,64.552021967586739,2022
4777.8343505859375,42,8427085ffffffff,29.000133111841361,2022
837056.08245921414,42,84275d1ffffffff,43.254325200698595,2022
1273.3106689453125,42,8428821ffffffff,34,2022
18292.043701171875,42,8428f63ffffffff,42.86358935765103,2022
1825.5300903320312,42,8428991ffffffff,33.33366669469568,2022
5903.0548706054688,42,84275adffffffff,50.5530804109461,2022
687659.58374023438,42,8428b67ffffffff,77.768958105092267,2022
9881.3826904296875,42,8426021ffffffff,23.866175654835043,2022
389540.82867431641,42,84261c1ffffffff,39.386200117502781,2022
3372.3541870117188,42,84261e7ffffffff,28.202630947065327,2022
43362.257934570312,42,8428185ffffffff,52.025691756018574,2022
9802.1121215820312,42,8426b61ffffffff,43.940210714586044,2022
12878.153564453125,42,84281b7ffffffff,53.028982988409034,2022
651.65960693359375,42,8426067ffffffff,28,2022
51924.424682617188,42,8426301ffffffff,33.204930304931352,2022
594573.00719736132,42,84288bdffffffff,72.5537025823754,2022
58667.805114746094,42,84281bdffffffff,41.780105307716816,2022
41935.862182617188,42,8412db7ffffffff,35.5938875532359,2022
634.45672607421875,42,8427403ffffffff,90,2022
1285.70556640625,42,8428f4dffffffff,43,2022
1428202.2405043656,42,8428b2bffffffff,81.9220334022597,2022
1324.54931640625,42,8426a23ffffffff,54,2022
9253.9226684570312,42,8428f33ffffffff,32.802140606691751,2022
53243.1044921875,42,842751dffffffff,34.095450623566848,2022
124797.94122314453,42,84261cdffffffff,27.728209916749954,2022
2559042.0273983227,42,8426a17ffffffff,58.217774506893718,2022
1500239.3739013672,42,8426027ffffffff,86.4838044256777,2022
2919731.9247917626,42,8428b07ffffffff,80.701798270609089,2022
7974.6528930664062,42,84260c9ffffffff,49.082681821331292,2022
54019.597595214844,42,8428a97ffffffff,26.273802398240104,2022
4190.8776245117188,42,8428d29ffffffff,24.855856339873014,2022
10491.861694335938,42,8426101ffffffff,30.624622534874646,2022
1203.6972045898438,42,8427a85ffffffff,20.5000905362836,2022
7160.4220581054688,42,8426a51ffffffff,29.996681349331045,2022
23767.5361328125,42,8427555ffffffff,32.91796606531107,2022
20841.127197265625,42,8427859ffffffff,21.829007455574111,2022
8879.8528715245866,42,8412dadffffffff,20.569625563675121,2022
5593134.9154663086,42,8426351ffffffff,50.0111293220335,2022
8860.7120971679688,42,842891bffffffff,31.649570325334015,2022
641.68902587890625,42,8428951ffffffff,37,2022
3675619.9232867071,42,842630dffffffff,63.5904444685513,2022
6067027.712056,42,842613dffffffff,59.461928698204858,2022
143567067.73073494,42,842719dffffffff,77.154167088342945,2022
153797.32312011719,42,8426289ffffffff,55.879911001033982,2022
1095929.8269603057,42,8426235ffffffff,57.598614415092563,2022
1523422.2325092391,42,8428851ffffffff,50.243582135546056,2022
2001135.5913298964,42,8427521ffffffff,70.145515286447591,2022
7112.0128784179688,42,84262ebffffffff,28.361185456093519,2022
671.09503173828125,42,84260c7ffffffff,63,2022
71844.168823242188,42,8426361ffffffff,32.116829613686647,2022
3268.7166748046875,42,8426001ffffffff,23.99609322468968,2022
2046.2577514648438,42,84261a1ffffffff,28.997202460295831,2022
10370.410949707031,42,8426b4bffffffff,34.742439810935529,2022
4643091.5618896484,42,8427817ffffffff,64.345591642002375,2022
1309.635498046875,42,8428b27ffffffff,77,2022
158031.81280517578,42,842755bffffffff,32.230658760094137,2022
12728689.581594907,42,8426ac7ffffffff,60.565628031751466,2022
396582.44671630859,42,8428f49ffffffff,44.5667183040428,2022
819968.545715332,42,842742dffffffff,62.498588739178238,2022
7087473.2731115008,42,842626dffffffff,63.26302390144685,2022
40682.081665039062,42,8426b39ffffffff,38.099698475651159,2022
3206.4332885742188,42,8428829ffffffff,53.195332229557188,2022
1209.7061767578125,42,842781dffffffff,18.5000512618022,2022
2424.8546142578125,42,8427819ffffffff,22.257052475107617,2022
9765.4913330078125,42,84275e7ffffffff,25.397251956136149,2022
980537.3286776673,42,8427ad3ffffffff,53.068990684476866,2022
14747.658203125,42,8428f37ffffffff,29.954347806941279,2022
643.78094482421875,42,8428aa5ffffffff,31,2022
655.697998046875,42,8426b0dffffffff,31,2022
10494642.529918956,42,8428857ffffffff,68.021067533854151,2022
675.20819091796875,42,84261d1ffffffff,41,2022
11921.458801269531,42,84275a3ffffffff,37.553891193193223,2022
3336.8541259765625,42,84261edffffffff,23.598461546847364,2022
21555.522583007812,42,84278e9ffffffff,38.828727868864675,2022
13765.801635742188,42,84279c7ffffffff,30.680898922914821,2022
642.5372314453125,42,84279bbffffffff,67,2022
243118.71203613281,42,8426211ffffffff,54.405415573968526,2022
74503.5244140625,42,8412db5ffffffff,34.391513886048727,2022
22657.582336425781,42,8428f29ffffffff,47.944596016739091,2022
31680.51220703125,42,8426a19ffffffff,56.40268378918126,2022
14999.898803710938,42,84270a9ffffffff,26.638698294929089,2022
8646.847412109375,42,84281c7ffffffff,41.536981675182091,2022
978235.15393066406,42,8426221ffffffff,61.956601906838394,2022
1337.79833984375,42,8426037ffffffff,36,2022
3851985.9491505343,42,84275c7ffffffff,56.149508600864671,2022
4955.3950805664062,42,8427561ffffffff,28.133179744747554,2022
13563.544860839844,42,8427913ffffffff,31.318156724668015,2022
12973748.584574141,42,842624bffffffff,78.977854362625578,2022
95163.576772413056,42,842631bffffffff,41.909983957405878,2022
14165.048217773438,42,84270b7ffffffff,29.789858499315862,2022
656.22607421875,42,84281adffffffff,40,2022
54975.444885253906,42,8412da7ffffffff,25.99156386502364,2022
34016.236083984375,42,84281abffffffff,53.095501835301633,2022
1335.3411865234375,42,8428a03ffffffff,28.498792635418862,2022
2526.8639526367188,42,84288e9ffffffff,25.003337525026183,2022
169416044.13169375,42,8427189ffffffff,82.643133322428625,2022
2549.4238891601562,42,8428815ffffffff,21.250203562333049,2022
5874.933349609375,42,8426b43ffffffff,46.223160246540367,2022
25429255.436450914,42,84288bbffffffff,61.942261785294484,2022
29380.919128417969,42,84288a3ffffffff,33.7839580026946,2022
4489.1563720703125,42,8427997ffffffff,47.277705277166774,2022
1281411.1351502661,42,8426237ffffffff,54.641430357457089,2022
123359.75793457031,42,8428b37ffffffff,38.74075441809827,2022
474604.23172439879,42,8427427ffffffff,39.213668978671151,2022
19476.491943359375,42,842894bffffffff,51.238962614823954,2022
3518764.2695685891,42,8428b15ffffffff,71.473211299193,2022
664.04339599609375,42,8426031ffffffff,41,2022
3051.2008666992188,42,84288a7ffffffff,34.393797308008715,2022
2033.0092163085938,42,8426865ffffffff,44.687535131457516,2022
2717.2034301757812,42,8426185ffffffff,26.001702971255131,2022
2073031.6654026406,42,842743dffffffff,61.677497379776149,2022
430079.21070604509,42,8428b39ffffffff,43.86193575146617,2022
160534.84295654297,42,842881bffffffff,35.193587798260126,2022
213674.07434082031,42,8412db1ffffffff,36.837625237949091,2022
28347.820373535156,42,8426b49ffffffff,38.455913841910565,2022
72422.751558191638,42,84271d1ffffffff,32.129049213056369,2022
11874751.07193053,42,84279b5ffffffff,83.017783323937863,2022
2462.318115234375,42,842791bffffffff,47.750003718152165,2022
2194643.7287911214,42,8427589ffffffff,54.333923026377853,2022
2004.9666137695312,42,8426a35ffffffff,49.000008401986854,2022
13775.657775878906,42,84270adffffffff,34.089024166760694,2022
39049670.864711151,42,8428897ffffffff,61.98760076534397,2022
5501549.9071044922,42,8427a9dffffffff,65.719379128862329,2022
3704576.7460997337,42,842622bffffffff,68.549923495458245,2022
19936.750122070312,42,84262cbffffffff,29.645616535574906,2022
5044.5841064453125,42,8428831ffffffff,21.255861255519115,2022
17548043.041403379,42,84271abffffffff,55.109618453413205,2022
4672.20654296875,42,8428b0dffffffff,20.85692296188429,2022
648.83349609375,42,8426063ffffffff,31,2022
334924.87762451172,42,8427519ffffffff,36.470685649313964,2022
66289.5590209961,42,8426055ffffffff,32.815540482817262,2022
4294573.3500758754,42,842624dffffffff,74.647212497406329,2022
654.8377685546875,42,8428ad5ffffffff,56,2022
2608.498291015625,42,84281b9ffffffff,31.010278949448679,2022
2288520.7854003906,42,8426ad7ffffffff,55.293974929484207,2022
4482536.4961899705,42,8428b1bffffffff,57.909070107504149,2022
5776.5188598632812,42,8428961ffffffff,47.330091290396695,2022
123552.61120605469,42,84279a1ffffffff,39.890566006992188,2022
2558839.0856095855,42,842751bffffffff,49.039334308804968,2022
47682.333435058594,42,84261c3ffffffff,38.465938886463796,2022
165906474.64300892,42,84271b9ffffffff,80.156272711536943,2022
6606.85498046875,42,8426a03ffffffff,34.50123394048218,2022
108940.70178222656,42,84279b9ffffffff,43.795982963845162,2022
646.00201416015625,42,842896dffffffff,23,2022
37862.729400036384,42,84270b1ffffffff,27.343166884730223,2022
47448.769897460938,42,84270e7ffffffff,32.936056111792837,2022
673.8555908203125,42,8426189ffffffff,23,2022
627.15240478515625,42,84288c7ffffffff,30,2022
1428452.982920927,42,8426249ffffffff,62.92086411788312,2022
64164.4263635972,42,842621bffffffff,29.098131118169007,2022
162676.46081542969,42,84262c7ffffffff,47.477142329697934,2022
6535.4819946289062,42,8428949ffffffff,28.604144152370917,2022
15469766.818536976,42,84271e7ffffffff,63.101743602277942,2022
4605.9705810546875,42,8426b67ffffffff,39.1367933402931,2022
51843.548571777341,42,8426367ffffffff,30.778475322959359,2022
4152248.5055541992,42,8426035ffffffff,83.903716752314153,2022
151872.40930175781,42,8426ae7ffffffff,43.795978662756525,2022
18424.770088704427,42,8428d25ffffffff,26.068146512086756,2022
650.2598876953125,42,8426a6bffffffff,68,2022
17691.868408203125,42,8426b09ffffffff,38.810464614021939,2022
142387417.33681041,42,84271a7ffffffff,80.938184893972135,2022
144992.87125842524,42,8426059ffffffff,36.00544397517988,2022
678.56951904296875,42,8426085ffffffff,55,2022
1432211.5237606273,42,84288b3ffffffff,64.959688253329986,2022
1848.681640625,42,8428c61ffffffff,56.333324529198912,2022
4050.8106079101562,42,8426941ffffffff,28.002350468138633,2022
111146.38079833984,42,8426ad5ffffffff,30.988252034604542,2022
5308886.6442260742,42,8426263ffffffff,75.685395762017222,2022
5876971.7324740533,42,84271d5ffffffff,51.355858699629721,2022
16481.88134765625,42,84275d3ffffffff,29.960687010620948,2022
3316.7196044921875,42,8426b03ffffffff,35.39018537964261,2022
2028.7736206054688,42,84261e3ffffffff,20.665049520859672,2022
15057.543518066406,42,8428b3bffffffff,37.515185679312516,2022
2515.6892700195312,42,84289c9ffffffff,20.99999643351503,2022
26983583.975247495,42,8426209ffffffff,77.550919243035224,2022
82852.654602050781,42,8427987ffffffff,36.3484226320676,2022
23891228.766407449,42,842623dffffffff,80.646222727238836,2022
347801.77963053389,42,84275d7ffffffff,34.68220122366624,2022
445353.06408906827,42,8426743ffffffff,69.41174606798026,2022
4037122.8086416209,42,8426231ffffffff,74.316019183884308,2022
18792.956359863281,42,8426b35ffffffff,35.679406314693807,2022
32472.052062988281,42,8427527ffffffff,29.481007773021069,2022
233468.73278808594,42,8426b57ffffffff,37.727109016856,2022
3882474.2985839844,42,8428849ffffffff,64.732601453534542,2022
13751.084838867188,42,84262a9ffffffff,58.764859576464346,2022
14953.588256835938,42,84262d5ffffffff,32.111042153172583,2022
3958.9371337890625,42,8426a07ffffffff,34.665366628542344,2022
57041.682861328125,42,84275a9ffffffff,29.425236314754116,2022
103741.10211181641,42,842888dffffffff,31.643311536312652,2022
4417.2700805664062,42,84288d9ffffffff,47.431569589648163,2022
413138.00115966797,42,842628dffffffff,54.718961769016317,2022
38356770.555900067,42,8426239ffffffff,83.631967822759748,2022
29395.855041503906,42,84288d3ffffffff,26.701751068772985,2022
49047530.598757505,42,84271a9ffffffff,61.860932029744156,2022
1362.0501708984375,42,8426187ffffffff,35,2022
20613114.791342102,42,84271a5ffffffff,72.2747350973003,2022
41734.816711425781,42,8426057ffffffff,32.827161023252756,2022
8043.2161254882812,42,8426b3bffffffff,33.335591419135341,2022
1319.0792236328125,42,8426b05ffffffff,31.5,2022
36308.948974609375,42,84281a3ffffffff,38.857486594654418,2022
4610.7113647460938,42,8428181ffffffff,39.712835692035526,2022
8009.1815185546875,42,84281c3ffffffff,41.321788675914625,2022
65600.83056640625,42,8426a1bffffffff,31.577048520831344,2022
590781.75921630859,42,842759dffffffff,51.8649391629005,2022
11758772.372377641,42,8426215ffffffff,81.6879382725136,2022
5704473.6363623533,42,8427513ffffffff,72.199061929768945,2022
117285.21675427008,42,8427511ffffffff,31.685698692394226,2022
645.068603515625,42,8426061ffffffff,28,2022
47253.172241210938,42,8428b23ffffffff,36.774169036172232,2022
6982228.1712938491,42,8426349ffffffff,52.391860726346273,2022
5367.4977416992188,42,8412d87ffffffff,27.87595645143465,2022
1506959.7947485829,42,8428841ffffffff,74.337358920059827,2022
6683.6094137752752,42,8426b15ffffffff,37.835166131313606,2022
53146.261596679688,42,842750dffffffff,42.520173706903954,2022
14231244.166141763,42,8428883ffffffff,54.330367963757226,2022
76830.59619140625,42,84278bbffffffff,39.071754355750492,2022
13675535.639465572,42,8426243ffffffff,70.121109156700882,2022
922406.84527587891,42,8426261ffffffff,57.108281461539306,2022
10473980.293232758,42,8428f09ffffffff,51.693707681151004,2022
7055.620361328125,42,8428965ffffffff,50.268612459571983,2022
912991.19665527344,42,84288abffffffff,66.72916874943347,2022
87027.18252599379,42,8428f47ffffffff,45.155856872116082,2022
1292.9095458984375,42,8428a9bffffffff,30.994772985734336,2022
3608.4254150390625,42,8427809ffffffff,21.333336208819279,2022
3739100.3654923984,42,8427439ffffffff,67.048338781508235,2022
25785410.6647662,42,842719bffffffff,68.047737215936891,2022
54386.818054199219,42,84262c3ffffffff,27.059875154401805,2022
2577.938720703125,42,8426b4dffffffff,39.985786757130271,2022
641.00372314453125,42,8426041ffffffff,38,2022
3197.2295532226562,42,8428807ffffffff,31.203508118381528,2022
3006.3243408203125,42,842708bffffffff,33.800013046227541,2022
3121.8773803710938,42,84288e5ffffffff,25.803543478279146,2022
750814.08154296875,42,84281b5ffffffff,47.135519188882192,2022
12546.367809340532,42,8428d57ffffffff,33.152034156259944,2022
29443.851440429688,42,8427467ffffffff,34.975892455130655,2022
618.7791748046875,42,84289d5ffffffff,20,2022
94333.556978113513,42,8428887ffffffff,34.8656380692591,2022
10264.934204101562,42,842753bffffffff,44.316905065232163,2022
2816503.4870282342,42,8426ac3ffffffff,62.1354643079915,2022
112103.25917968751,42,8428f5dffffffff,46.820318240962678,2022
47812.733825683594,42,842750bffffffff,33.471787710096613,2022
3015307.9112656536,42,8427437ffffffff,55.761288327636628,2022
1366.7958984375,42,842619dffffffff,48,2022
3645834.3365485696,42,84262edffffffff,70.208635608882119,2022
19830.646118164062,42,842756bffffffff,35.094747396953871,2022
16400.273864746094,42,8428f05ffffffff,38.230030833366769,2022
5678003.4239437329,42,842635bffffffff,55.45229640727144,2022
10611.456970214844,42,8428f39ffffffff,32.708784095784864,2022
11592.32373046875,42,8428d69ffffffff,29.634303836822244,2022
19777955.169505164,42,84275cdffffffff,73.661957308575026,2022
108703.18444824219,42,8427a81ffffffff,30.819304071549919,2022
3261.5291137695312,42,8426b47ffffffff,36.204900554379165,2022
7434.9057006835938,42,8428885ffffffff,35.497581643150454,2022
3250877.7045288086,42,842742bffffffff,60.239220645540108,2022
1297.0067749023438,42,84281b1ffffffff,55,2022
8590.4793789732685,42,8426b1dffffffff,33.165381263747292,2022
162569.39208984375,42,8426051ffffffff,32.72375923476968,2022
3293.6221313476562,42,8428a31ffffffff,22.604953198695284,2022
1687210.5057626762,42,8427523ffffffff,63.226578483451206,2022
2686960.2010476505,42,8426341ffffffff,55.707750679666979,2022
1893.0523071289062,42,84288ddffffffff,46.997167892242167,2022
27060.072692871094,42,84275abffffffff,31.677164725939996,2022
1282601.7230882831,42,8428f0bffffffff,42.453298456086316,2022
1083151.365234375,42,842612bffffffff,43.848399646876651,2022
1207.782470703125,42,842709dffffffff,28.498676238514179,2022
3963.3734130859375,42,84281e3ffffffff,42.334192190422833,2022
1329679.2542693494,42,842635dffffffff,42.694152448778169,2022
80358070.2713451,42,8427187ffffffff,74.719522266974167,2022
4462.2135620117188,42,8428967ffffffff,43.429862396930652,2022
254695.05490698721,42,8428d3bffffffff,44.85290950317799,2022
3134.226806640625,42,8428f2dffffffff,25.800084738085431,2022
10676045.781809848,42,8428895ffffffff,56.324136713904281,2022
4657.3336791992188,42,8426b21ffffffff,39.566666930954291,2022
1241.7337036132812,42,84289c3ffffffff,27.500171864082617,2022
1274962.242634852,42,8426b55ffffffff,58.122464924856345,2022
235209.84250919119,42,842758bffffffff,41.390853452497282,2022
189561.57489013672,42,8426aedffffffff,34.203960156193361,2022
11885.664306640625,42,84289d9ffffffff,27.151860661481205,2022
33447731.948869772,42,8426247ffffffff,75.54270923168653,2022
517043.07446289062,42,8428d17ffffffff,76.0697443408707,2022
37640511.148124665,42,8427191ffffffff,68.814868894195513,2022
42500.521933880977,42,8412da5ffffffff,32.725522821777822,2022
247086.02368164062,42,84288b7ffffffff,31.282396734607644,2022
8686.6359252929688,42,8426acbffffffff,27.612482329925982,2022
855950.18933105469,42,8426265ffffffff,38.177061694399733,2022
2589.7905883789062,42,8426b41ffffffff,33.494373906477954,2022
1341.8128662109375,42,8426949ffffffff,52,2022
12973.291625976562,42,8427541ffffffff,29.239802142896025,2022
7944546.1635754164,42,842885dffffffff,54.383759154504141,2022
2633.247314453125,42,84281e7ffffffff,31.000196462360954,2022
9186.7413330078125,42,84262a5ffffffff,57.358192245493271,2022
81527.439068962543,42,8428d65ffffffff,36.3198847533386,2022
952018.75219726562,42,8427a89ffffffff,56.655998166044057,2022
9236.2555541992188,42,84270b3ffffffff,29.595327691138618,2022
5424531.9195958748,42,84288d7ffffffff,67.993586773130716,2022
50801.801330566406,42,84261cbffffffff,42.367941603700473,2022
718753.52075195312,42,84288c5ffffffff,39.175802670176523,2022
2635.3492431640625,42,8428a35ffffffff,47.752109046823904,2022
48078987.78899166,42,8428b03ffffffff,74.759081951375492,2022
12501022.154412003,42,84271a3ffffffff,59.94130896020804,2022
4014.767578125,42,8426b17ffffffff,32.835101783041225,2022
5786.011474609375,42,84278b7ffffffff,39.995864048288269,2022
2903600.005859375,42,8426103ffffffff,66.61528822292675,2022
1303.2243041992188,42,842894dffffffff,25,2022
1320.278076171875,42,8428a23ffffffff,69,2022
778645.66667073569,42,8426251ffffffff,41.944585043069544,2022
8499.3613891601562,42,8428845ffffffff,39.689820568076485,2022
13885698.252235323,42,842752bffffffff,81.0410747070482,2022
11779676.452361463,42,8426a8dffffffff,52.847386979632915,2022
29248.974975585938,42,8428133ffffffff,25.705613270961187,2022
1969.0516357421875,42,8428a37ffffffff,48.996419819359275,2022
2888418.6014404297,42,842611dffffffff,84.6279905277393,2022
133091.73571777344,42,8427989ffffffff,29.855406745335891,2022
105076.25653076172,42,8427525ffffffff,28.646357689909365,2022
6794.9786376953125,42,8427569ffffffff,32.909685990874067,2022
579753.72766376566,42,8428b13ffffffff,66.773904241192412,2022
585506.34675675933,42,84275c9ffffffff,40.598148070060219,2022
33137.592102050781,42,84262a7ffffffff,50.275749869767317,2022
1303.1293334960938,42,8428ae7ffffffff,25.500086063675131,2022
973969.12896728516,42,84261c9ffffffff,67.753460279487641,2022
1690410.7258403704,42,842621dffffffff,59.58002223691917,2022
22452334.484694779,42,8426ae9ffffffff,69.316347449780281,2022
63409.751098632812,42,8427ac3ffffffff,26.878865852845603,2022
268088.26513671875,42,842880bffffffff,41.045796508565942,2022
7724.9225463867188,42,8412d9dffffffff,18.846209316529684,2022
188555791.40533948,42,8427181ffffffff,81.025866527290617,2022
39372298.772412106,42,84271b1ffffffff,68.326796981291267,2022
15665.8037109375,42,84260a1ffffffff,32.5198038187214,2022
21229.057800292969,42,8426a15ffffffff,37.436284250181153,2022
387032.49200439453,42,8427537ffffffff,41.487940467283295,2022
666.44476318359375,42,8428a11ffffffff,19,2022
63181618.284329042,42,8428b1dffffffff,77.056267846494237,2022
9123.1366577148438,42,8428b31ffffffff,30.714762541374316,2022
1842.9598999023438,42,8428c65ffffffff,51.000003311800555,2022
20464086.933745977,42,8427197ffffffff,73.843358605194311,2022
813396.2475873162,42,8426345ffffffff,38.514440337375184,2022
105134.11016845703,42,8426357ffffffff,33.248236895897207,2022
1866.0228881835938,42,84278e1ffffffff,21.999047392236246,2022
1884.0574951171875,42,84279d5ffffffff,19.666616356313664,2022
602441.52942708333,42,8427503ffffffff,66.674532107194963,2022
3687.8601684570312,42,84288a5ffffffff,27.506282415708835,2022
22610.051147460938,42,8426131ffffffff,25.139424816030711,2022
2519618.553355976,42,8426363ffffffff,70.2997629353638,2022
53786.444213867188,42,8428d2dffffffff,30.600166717674128,2022
1801.7691650390625,42,8412db9ffffffff,22.340418925544711,2022
182818.12768554688,42,8427547ffffffff,34.674537974392564,2022
334307.21923828125,42,842622dffffffff,35.874575312751226,2022
98814.494079589844,42,8426121ffffffff,33.0929770148615,2022
9770.9681396484375,42,84270b5ffffffff,39.499169142093521,2022
3956.361572265625,42,8428a33ffffffff,38.499990219223307,2022
2445481.6721756281,42,8426233ffffffff,80.324407481397273,2022
639.23114013671875,42,842799bffffffff,36,2022
6688.4323120117188,42,8426b27ffffffff,32.811573235058,2022
30297.945983886719,42,84278edffffffff,38.651158488432351,2022
1198.1347045898438,42,8428d01ffffffff,18,2022
41266.614807128906,42,8426223ffffffff,35.570587534583773,2022
20727227.267099418,42,8427199ffffffff,63.028676897384031,2022
1354.0875244140625,42,8426851ffffffff,28.498871553640981,2022
5340.2526245117188,42,8412da9ffffffff,29.666692538710258,2022
1925.6311645507812,42,8426069ffffffff,21.333136288733964,2022
603.35400390625,42,8428d0dffffffff,18,2022
541118.50927734375,42,8428b57ffffffff,85.198465250435447,2022
32919.435119628906,42,8428817ffffffff,25.214716557335628,2022
20648710.97801825,42,84271d7ffffffff,66.656459049980143,2022
31472.971740722656,42,84271dbffffffff,32.555183338745273,2022
20503.088989257812,42,8426a11ffffffff,32.224601077015926,2022
3731.4896240234375,42,84279d9ffffffff,18,2022
4468.6019897460938,42,8428f51ffffffff,41.707855353327574,2022
27318.326904296875,42,84262d1ffffffff,39.630535681447469,2022
985596.16409553075,42,8428899ffffffff,39.394503393596175,2022
119886131.44179903,42,8427183ffffffff,73.066839003121558,2022
11641.984497070312,42,8427ab5ffffffff,34.270334724016138,2022
818552.1552734375,42,8427857ffffffff,72.2359444767705,2022
5977.4697875976562,42,8426b25ffffffff,39.667182509517936,2022
24335.9130859375,42,842882dffffffff,42.940568487227615,2022
1987.9689331054688,42,8426b19ffffffff,38.001975506773952,2022
14645.679443359375,42,8427983ffffffff,38.044328146251139,2022
8739.6276245117188,42,842625bffffffff,35.571156926473506,2022
2899467.4662475586,42,8426115ffffffff,74.393705834527353,2022
66945.158508300781,42,8426365ffffffff,27.889561357950267,2022
5375.7175903320312,42,84261ebffffffff,22.24778474512572,2022
229567.29888916016,42,8427501ffffffff,45.061399134226178,2022
3897.7298583984375,42,8426a47ffffffff,44.005148824139951,2022
2703830.5910982015,42,8426245ffffffff,58.771975878435683,2022
105649.13043212891,42,84275e3ffffffff,31.484193798267192,2022
216405.73120117188,42,842889bffffffff,23.1048089177786,2022
607760.96283365879,42,842758dffffffff,40.335721996839787,2022
94689.062561035156,42,84262a1ffffffff,58.213937303392569,2022
551913.49066162109,42,84262dbffffffff,65.090977082968124,2022
291145.34276936849,42,8426adbffffffff,52.92811076376239,2022
10160649.353866039,42,8426217ffffffff,69.280563057659677,2022
19672.049499511719,42,8426227ffffffff,32.063739698446817,2022
3979.6441040039062,42,8426117ffffffff,23.001656393822635,2022
3335.9100341796875,42,8428b53ffffffff,26.601116263581648,2022
11875.305297851562,42,84275a1ffffffff,49.334275231061341,2022
1285.2906494140625,42,8428aa3ffffffff,25,2022
106048.56902190563,42,84270a1ffffffff,29.000674376369378,2022
14437756.538083546,42,842634bffffffff,58.161288787462212,2022
44921460.267149664,42,84271b5ffffffff,64.110257424780769,2022
192479.35081284467,42,8427407ffffffff,36.92101322600783,2022
2258086.3651970359,42,842626bffffffff,62.250171537293738,2022
18860.656005859375,42,842608dffffffff,54.999540931917075,2022
3499631.72209329,42,84275cbffffffff,61.64870716609601,2022
33595176.887140013,42,8426acdffffffff,64.357913022908,2022
66131.185302734375,42,84262adffffffff,61.887109804477433,2022
577899.41578010109,42,8426353ffffffff,39.030884727058044,2022
11975169.532436471,42,8426347ffffffff,71.3017334123334,2022
11779738.862552658,42,84279a3ffffffff,77.707031707776522,2022
4798091.7628714759,42,84279abffffffff,66.6304248357666,2022
1731263.9291381836,42,84279b1ffffffff,44.54742940180784,2022
47029.38818359375,42,8428d5dffffffff,34.3233022892611,2022
22233312.355414655,42,8427507ffffffff,84.60970444014967,2022
31898.510864257812,42,8427563ffffffff,38.033641138874891,2022
33959532.622495644,42,84288b9ffffffff,70.737295201795973,2022
2014529.9784136605,42,8427583ffffffff,52.612579797728984,2022
2589.382080078125,42,842606bffffffff,25.249425944047907,2022
1964.9279174804688,42,8426a0bffffffff,53.309723344045373,2022
36436.592407226562,42,84262cdffffffff,30.61024274916528,2022
2551.0076904296875,42,8427895ffffffff,31.489613072729234,2022
8722293.95686155,42,8427a83ffffffff,71.224391475756676,2022
1334.4862060546875,42,8426033ffffffff,32.497634766057537,2022
6651126.5620157877,42,8427a9bffffffff,59.832659688917751,2022
1224.3790283203125,42,8428d4bffffffff,42,2022
82491.748657226562,42,84279a9ffffffff,42.676455313383208,2022
8540.9393920898438,42,8426007ffffffff,26.692521495250311,2022
4454.1111450195312,42,8428825ffffffff,34.570442178806431,2022
6922.3529663085938,42,84279e3ffffffff,31.82300970840658,2022
20372478.944351494,42,84271e3ffffffff,62.927525514664786,2022
254923.69903540518,42,8428f03ffffffff,36.874251085857814,2022
4966162.2315439265,42,842884dffffffff,61.634361459793837,2022
5381.9931640625,42,842785bffffffff,42.878876769341339,2022
1250.125244140625,42,84289c1ffffffff,20,2022
3058541.645424996,42,84275c1ffffffff,58.946357155273716,2022
3912.5614624023438,42,842886dffffffff,33.332122019661142,2022
14580431.150644338,42,8426205ffffffff,80.276195212578372,2022
269700.23681879975,42,84275b5ffffffff,60.960702073238394,2022
78083.444458007812,42,8426b5dffffffff,37.127109700883913,2022
5446013.1493326826,42,84288d5ffffffff,35.587669660655976,2022
1751845.73174618,42,84270a3ffffffff,49.7100989225281,2022
764800.34388714959,42,84275d5ffffffff,37.695958579240425,2022
2762855.71899438,42,8426219ffffffff,61.41752732849347,2022
12871.400634765625,42,84262c5ffffffff,24.247300865758948,2022
138297.92297363281,42,8427ab7ffffffff,39.833203350035696,2022
29645.490295410156,42,8426b0bffffffff,40.110025137483149,2022
35221.435913085938,42,8426053ffffffff,30.536716873539511,2022
959509.42156982422,42,8426a9bffffffff,34.763619349742854,2022
9553.70654296875,42,84278b9ffffffff,26.333313720219948,2022
943017.84945164109,42,8426343ffffffff,48.248038589106677,2022
2556.24853515625,42,8428f6dffffffff,34.000002292177349,2022
235015.78466796875,42,8426025ffffffff,35.123103591319406,2022
22046.3310546875,42,8427557ffffffff,35.31327844817929,2022
10954224.788507439,42,84279bdffffffff,81.789081749712039,2022
56004.101623535156,42,8427ab3ffffffff,33.906033467587,2022
5580844.9800570616,42,842753dffffffff,79.3677131072689,2022
4144902.9520507813,42,8428f4bffffffff,48.080614848555037,2022
21665224.677989051,42,8426a99ffffffff,57.150254999613459,2022
85389234.663734347,42,84275c5ffffffff,65.852161556127371,2022
1324.735595703125,42,8426023ffffffff,36,2022
2596.5722045898438,42,8428b33ffffffff,36.748228789744708,2022
76118.651306152344,42,8426259ffffffff,45.576173565018948,2022
858346.05763442093,42,8428f55ffffffff,46.99921898631127,2022
2618.0006103515625,42,8428ad7ffffffff,27.750001084084836,2022
504068.36067947687,42,8428853ffffffff,60.988883181331005,2022
3022.0736083984375,42,8427083ffffffff,30.808345794879127,2022
100017531.5323405,42,8426ac5ffffffff,77.935017362212164,2022
5394.8975830078125,42,8426859ffffffff,51.001111483174306,2022
18459247.855281573,42,8428b19ffffffff,70.528646583681933,2022
17260182.26688065,42,8427185ffffffff,52.614682487741057,2022
400231.79418945312,42,842605dffffffff,38.26918261060986,2022
3981672.9935515756,42,8426a89ffffffff,47.406990112910833,2022
2278974.0716552734,42,842611bffffffff,66.357225043229988,2022
1901.4906616210938,42,842883bffffffff,35.668486442344864,2022
585769.30908203125,42,8427aa5ffffffff,44.284672591893866,2022
1309.6640625,42,842602dffffffff,18,2022
6950271.62242671,42,842620dffffffff,78.597883545056874,2022
673.5355224609375,42,842685dffffffff,30,2022
10692.461181640625,42,84278a9ffffffff,50.764657658116988,2022
596.73944091796875,42,8428d07ffffffff,19,2022
294085.34786376951,42,84270abffffffff,29.09791433741113,2022
7005778.0930230832,42,8428881ffffffff,46.102612963609431,2022
31859.121215820312,42,842685bffffffff,38.874201025180582,2022
13917.59765625,42,8428813ffffffff,23.499485347981494,2022
4489484.7461547852,42,8427431ffffffff,58.421934470788841,2022
1282.5406494140625,42,8428819ffffffff,44,2022
3392.1506958007812,42,84261a9ffffffff,21.800059636183654,2022
7796.9921875,42,8412da1ffffffff,32.993566988284243,2022
2650.874755859375,42,8428b05ffffffff,30.250704412596704,2022
929162.68823242188,42,8426313ffffffff,63.3462914950736,2022
22525.436340332031,42,842630bffffffff,26.306087622854989,2022
4954260.0529785156,42,8427813ffffffff,73.572893928232233,2022
81854.201904296875,42,842889dffffffff,33.975191503426124,2022
42517.209594726562,42,8427533ffffffff,34.975146419412468,2022
1992.2955932617188,42,84281d5ffffffff,53.027694912754583,2022
4212.1897583007812,42,8427801ffffffff,29.571602829672187,2022
43852.351989746094,42,8428187ffffffff,42.986718339121076,2022
21185.848876953125,42,84262c1ffffffff,27.757766820808087,2022
36454.34423828125,42,84288c3ffffffff,29.105159058452514,2022
7887.6807861328125,42,8428183ffffffff,27.996609486760693,2022
25143.99462890625,42,842895dffffffff,33.870285098712976,2022
15481.819763183594,42,84270e3ffffffff,32.496307493666521,2022
626070.86464915553,42,8428a27ffffffff,36.500013331555337,2022
23475085.343565695,42,8426257ffffffff,75.439203673877827,2022
18856.360046386719,42,84262e7ffffffff,26.516132930361824,2022
7412.1311947093291,42,8428d43ffffffff,32.890226310292157,2022
15495.853149414062,42,8426b33ffffffff,46.521365784219505,2022
7580.3770141601562,42,8427981ffffffff,28.001090993440844,2022
43065575.832936004,42,8427193ffffffff,78.703687869448871,2022
1268.3353271484375,42,84278a5ffffffff,35.498894679921072,2022
13261.008972167969,42,842818dffffffff,31.739835021821929,2022
1252.6309814453125,42,84279d1ffffffff,28,2022
1229.6260986328125,42,84288a1ffffffff,17,2022
24921.358764648438,42,8426addffffffff,26.971135897990365,2022
1305.8591918945312,42,8426a09ffffffff,32.499830686298424,2022
647.81494140625,42,8428aadffffffff,32,2022
651.43231201171875,42,8426a65ffffffff,58,2022
6434.1634521484375,42,8428867ffffffff,42.889124761967516,2022
136954.87719726562,42,84262abffffffff,51.851927838818987,2022
109213.62484920726,42,8428d0bffffffff,39.208656484240684,2022
1266.70751953125,42,8428827ffffffff,21.490732319231583,2022
17356.510192871094,42,84278ddffffffff,32.425735326912125,2022
2697649.284608609,42,8427599ffffffff,53.392377256166931,2022
6705437.3263276946,42,84275e9ffffffff,67.200272575964973,2022
1256.3302612304688,42,8428f1dffffffff,42.974636891348332,2022
13534.865234375,42,84275edffffffff,35.149899128422817,2022
203935.29672636138,42,8426ad3ffffffff,58.193665535468234,2022
11919.826232910156,42,8426a39ffffffff,31.722441709334337,2022
33038.063903808594,42,8428809ffffffff,33.822664510696342,2022
263639.58054989087,42,84279b7ffffffff,42.269591435944882,2022
228921115.91563958,42,8427195ffffffff,82.13304306446679,2022
52388460.759518854,42,8426241ffffffff,83.777192225297313,2022
4261175.6521077482,42,8426201ffffffff,52.702986503073092,2022
3299109.4791321997,42,842884bffffffff,55.426963753019422,2022
4272091.0240052463,42,8426127ffffffff,60.981743276058111,2022
1349.8990478515625,42,84260e7ffffffff,28,2022
60513.505859375,42,8426135ffffffff,33.087667457209882,2022
386844.29461598117,42,8427581ffffffff,34.098926221647261,2022
359941.00262451172,42,84262a3ffffffff,61.487976935975816,2022
38281.224487304688,42,84278cbffffffff,29.593280486274303,2022
2564.199462890625,42,8428803ffffffff,33.50028734753942,2022
70415680.193857476,42,84271bbffffffff,76.056828089218953,2022
647.71356201171875,42,842886bffffffff,43,2022
97570.77971694048,42,8426253ffffffff,32.2665100881512,2022
10683.597473144531,42,8426b3dffffffff,42.996466745975368,2022
2586.9315795898438,42,8426a5dffffffff,57.242734931461747,2022
91079.790344238281,42,8426125ffffffff,37.18855934910453,2022
3063.3193359375,42,8428d59ffffffff,23.3970561606764,2022
33350955.311114144,42,8426ac9ffffffff,64.401356679598237,2022
644745.90783691406,42,8426ad1ffffffff,63.03912384538215,2022
1304.0065307617188,42,8426281ffffffff,26.999997800124252,2022
12532.933654785156,42,8428f07ffffffff,36.554387396857749,2022
36229.885948270909,42,8427515ffffffff,32.467367538923376,2022
28430.380432128906,42,8426959ffffffff,51.189702108048159,2022
28830.719543457031,42,8426a33ffffffff,40.165283489930822,2022
482999.91739023244,42,8426709ffffffff,45.5117530290385,2022
897614.76114358334,42,8427421ffffffff,55.970596900785,2022
696390.92810058594,42,842781bffffffff,53.632383512133529,2022
13117410.984365188,42,84275c3ffffffff,67.359318423743645,2022
1157685.739074707,42,8427531ffffffff,53.168480340680034,2022
1241.78515625,42,84289dbffffffff,25.5,2022
5867209.8097979371,42,8428f43ffffffff,51.512738001348815,2022
508673.68501239852,42,8428d15ffffffff,40.433536765766135,2022
1239.00927734375,42,8428f3bffffffff,19,2022
1384947.3046743355,42,8426369ffffffff,57.655650044077113,2022
390.43503489774815,42,8426a2bffffffff,90.000000000000014,2022
1020940.2640050552,42,842636dffffffff,41.034576183985813,2022
1257.9296264648438,42,842798dffffffff,27.499255091686678,2022
3396186.2728711893,42,8428b3dffffffff,89.540658896170271,2022
769874.94960386981,42,8428f01ffffffff,38.091209316744077,2022
34797.890686035156,42,8426183ffffffff,34.1375091766351,2022
73842.048013604857,42,8427ab1ffffffff,29.169668193811024,2022
1129257.0396118164,42,84275d9ffffffff,60.706406513878989,2022
1234.8404541015625,42,84289d7ffffffff,32,2022
2644.7928466796875,42,842818bffffffff,59.493768687855514,2022
12705.309936523438,42,84260c5ffffffff,52.481298688641338,2022
5035.9729614257812,42,84288dbffffffff,25.623117461031491,2022
6457.9652709960938,42,8428865ffffffff,23.599537642500916,2022
737581.64314706833,42,8428d6dffffffff,37.537315509237224,2022
26293.553100585938,42,8426b37ffffffff,42.1641371837176,2022
689620.06841131474,42,8427435ffffffff,36.747004474899931,2022
669.40032958984375,42,842674bffffffff,35,2022
6080.3623657226562,42,842694bffffffff,39.88777046511548,2023
9088.7493286132812,42,8428d09ffffffff,26.603707154282496,2023
3965.3078002929688,42,8426a1dffffffff,31.5034295785855,2023
4915476.6906094421,42,8426ae3ffffffff,64.238825781101212,2023
2476.1519165039062,42,8428f31ffffffff,24.749964733161473,2023
3008.0130004882812,42,842780bffffffff,62.6,2023
104466.08447265625,42,8428893ffffffff,42.262600339259514,2023
1055071.1203677908,42,842625dffffffff,38.079934806269904,2023
2559.796630859375,42,8428f45ffffffff,29.003291391537584,2023
20607487.448955938,42,8426203ffffffff,75.608472181224172,2023
155476.67159830729,42,8428f41ffffffff,33.343952284588696,2023
10641.889282226562,42,8426a27ffffffff,37.388040847110709,2023
441246.03142807906,42,8426355ffffffff,33.284213268974412,2023
3279.3274536132812,42,8426a05ffffffff,51.989157374779545,2023
8498.9373168945312,42,8412db3ffffffff,39.7806506771954,2023
46328.260798435585,42,84262e3ffffffff,55.722066020893436,2023
1349.0866088867188,42,8426847ffffffff,30.994539581743741,2023
13115886.007570514,42,8426ac1ffffffff,57.253399120436193,2023
48703529.43309997,42,84271a1ffffffff,75.060005380859664,2023
26227.498962402344,42,8428953ffffffff,36.445155007230049,2023
80482.563354492188,42,8427ad5ffffffff,27.892944873712128,2023
493479.11493518308,42,84270a5ffffffff,42.201499214293044,2023
11000.0390625,42,84270bbffffffff,58.32976902603329,2023
2577317.6366598681,42,84275ddffffffff,61.325788604090285,2023
11447384.099119898,42,8428843ffffffff,48.296387559382936,2023
12540.925659179688,42,8426139ffffffff,28.624486321702413,2023
1637165.1872836242,42,842620bffffffff,37.84141622412141,2023
2973.096923828125,42,8412d85ffffffff,20.789612926960153,2023
15838201.836247224,42,8426359ffffffff,59.031284003154084,2023
668.05438232421875,42,8428a2dffffffff,23,2023
13870714.868286133,42,8427425ffffffff,71.013127211095679,2023
48463727.565377265,42,842623bffffffff,78.599041922990523,2023
2669.7344360351562,42,84281e9ffffffff,30.75185138386064,2023
1325.4771728515625,42,8428189ffffffff,38,2023
1339.106689453125,42,84261c7ffffffff,17,2023
22169.433654785156,42,8427401ffffffff,34.690465107783446,2023
667.17193603515625,42,8428ac9ffffffff,16,2023
12374.011413574219,42,8428847ffffffff,32.475513661491746,2023
674.6246337890625,42,84261dbffffffff,35,2023
5468021.6441107057,42,8426267ffffffff,67.76808084710018,2023
1278.7943115234375,42,8426a49ffffffff,28.499994272559171,2023
928021.07214355469,42,84262e9ffffffff,74.215507809592324,2023
2173784.5966186523,42,842634dffffffff,46.271211168895945,2023
7475373.0659332871,42,8428b11ffffffff,54.72712314655989,2023
6092.9539794921875,42,8427abdffffffff,22.500504372776739,2023
1122575.7225952148,42,8426305ffffffff,77.164652043237012,2023
12457680.46486984,42,8428855ffffffff,58.094172264295956,2023
88250.46923828125,42,8426ad9ffffffff,30.811041296223852,2023
460044.75218362245,42,8427585ffffffff,34.597687592063458,2023
52031.589904785156,42,8426229ffffffff,32.395571663923384,2023
163509.76391601562,42,8427429ffffffff,35.63340951798002,2023
102462.11668126723,42,8428f0dffffffff,39.229332420366731,2023
38271.716918945312,42,842604dffffffff,34.733453295711506,2023
9554.4490966796875,42,8427ae7ffffffff,29.309558712798523,2023
454701.75655230356,42,8427553ffffffff,42.176344949755162,2023
2426.7534790039062,42,84270b9ffffffff,38.99998973841226,2023
14825.004760742188,42,8427ac7ffffffff,23.963184741876212,2023
6851.861328125,42,8426195ffffffff,37.48852278891485,2023
5987.669677734375,42,84260cdffffffff,41.6659206980328,2023
3303.8324584960938,42,842603dffffffff,33.014054389922215,2023
8963.7415771484375,42,8427517ffffffff,74.55986876436647,2023
2498.3338623046875,42,8427889ffffffff,26.49451853923545,2023
5743.480712890625,42,8428811ffffffff,26.778779636660911,2023
11202.09423828125,42,84288e3ffffffff,38.333031594521273,2023
167500.14874267578,42,842895bffffffff,35.334020141963371,2023
794771.35559082031,42,8426213ffffffff,60.686728716642769,2023
320618.44061279297,42,84262ddffffffff,64.983022299209509,2023
648.6195068359375,42,8428861ffffffff,28,2023
20991.200561523438,42,8428919ffffffff,32.84505582594641,2023
637.54168701171875,42,84279a5ffffffff,31,2023
1898.0654296875,42,84288cbffffffff,21.000435206179812,2023
200924.96398925781,42,8426119ffffffff,27.920754485129429,2023
9027.5325784122251,42,8412da3ffffffff,35.125908211520155,2023
1704460.2944400562,42,84288b1ffffffff,65.039678545627268,2023
5110817.2722167969,42,8426a3bffffffff,73.030263515391368,2023
9717788.9402058925,42,8427a99ffffffff,62.425506617927077,2023
13930532.501020363,42,8426a91ffffffff,50.643705829359767,2023
2363018.5565185547,42,8426b51ffffffff,68.880534218100692,2023
1861.057373046875,42,84288e7ffffffff,35.336807452710524,2023
11245.91015625,42,8428f15ffffffff,34.723937090801762,2023
2005.8322143554688,42,84260c1ffffffff,33.982243734738987,2023
3971.743896484375,42,8426011ffffffff,25.670694591057448,2023
1311.5431518554688,42,8426a57ffffffff,27.505897784578163,2023
1996.908203125,42,8426b2bffffffff,37.678322329587637,2023
11419.226745605469,42,84260ebffffffff,39.705990296965815,2023
713172.39875272859,42,8427a8bffffffff,59.089855910355787,2023
23252.31494140625,42,842752dffffffff,47.152140555729694,2023
188633.73968505859,42,84262e1ffffffff,37.379580737726826,2023
15095036.568051089,42,84275ebffffffff,64.230355603543586,2023
765529.13549804688,42,8427529ffffffff,46.896438862429896,2023
1196.2573852539062,42,8428d03ffffffff,29.997289366999055,2023
105299.57958984375,42,8427addffffffff,24.008818995082663,2023
3988.7330932617188,42,842613bffffffff,24.171062662572066,2023
23233470.111385807,42,8427a91ffffffff,76.726939908743248,2023
137664404.66950324,42,842718bffffffff,78.065771744243946,2023
140574.19877857881,42,84279b3ffffffff,39.452907766273263,2023
39717.997680664062,42,84278b5ffffffff,25.726067521126737,2023
342759.68383789062,42,8427853ffffffff,43.72548154309311,2023
19487287.3119155,42,8426123ffffffff,65.410495955737872,2023
1938.97607421875,42,8428a91ffffffff,26.666635713265826,2023
158795.74565070658,42,84278cdffffffff,38.492144888868253,2023
333764.31365966797,42,8427ad1ffffffff,31.327006917678471,2023
9754.4732055664062,42,84288b5ffffffff,26.749820352665349,2023
14864.337280273438,42,84262d9ffffffff,30.434867932469746,2023
3628.203369140625,42,8428d61ffffffff,25.164332993453186,2023
26382.90771484375,42,842604bffffffff,34.589982787114238,2023
1019159.040222168,42,84261a5ffffffff,51.964185634506237,2023
5126.9696044921875,42,842881dffffffff,30.504194426994104,2023
61742.275329589844,42,84271d3ffffffff,32.653614275679587,2023
1334.494873046875,42,8426749ffffffff,25,2023
427195.8456200693,42,8427539ffffffff,31.884874624307475,2023
8759.4381713867188,42,84288e1ffffffff,27.134866677534315,2023
8626616.214646522,42,84271bdffffffff,62.241337628280512,2023
2846061.9181875191,42,8428b01ffffffff,63.838832631390787,2023
5599.609619140625,42,84279ddffffffff,43.33330518253814,2023
41588112.700983755,42,84271adffffffff,71.563015953176631,2023
357469.1259765625,42,8426111ffffffff,42.76725356778995,2023
3919.1033935546875,42,8426a0dffffffff,37.503263651681131,2023
3894.5848388671875,42,842885bffffffff,31.333352876068435,2023
51801.579040527344,42,8428f57ffffffff,39.474295525275231,2023
4802218.0638224278,42,8427423ffffffff,50.711297188089212,2023
9313.3440551757812,42,8427543ffffffff,22.933763370296457,2023
1246.4326171875,42,8427509ffffffff,32,2023
5705943.0538100293,42,8426269ffffffff,68.421460584411662,2023
7049.0115966796875,42,8428f59ffffffff,47.004827250357486,2023
7315684.271411851,42,8426a13ffffffff,65.790880116208541,2023
3066017.970118863,42,8426255ffffffff,50.917849995937843,2023
7057.5872802734375,42,8426045ffffffff,26.727120790864014,2023
7150.2618408203125,42,8426b59ffffffff,34.544524156189986,2023
589168.85174560547,42,8427ae5ffffffff,54.302046103451616,2023
5353.2857055664062,42,8426849ffffffff,46.115330518629875,2023
13581.348510742188,42,84261adffffffff,29.398579825972163,2023
507799.46838378906,42,8427535ffffffff,49.470080067403266,2023
368716.44525146484,42,8427aadffffffff,46.507971867737353,2023
18686.842956542969,42,84278e5ffffffff,31.234485904318955,2023
381027.71215820312,42,84270a7ffffffff,39.78734237826545,2023
6752618.3555113543,42,842888bffffffff,46.0144678950423,2023
1330.5638427734375,42,8426113ffffffff,29.49999788990419,2023
3372.4613037109375,42,84261d5ffffffff,43.800197562525604,2023
10637.2919921875,42,8427551ffffffff,43.586385034152123,2023
1958.5477294921875,42,8428ae3ffffffff,27.999753746208263,2023
1337.9341430664062,42,8426b23ffffffff,29.00166956248184,2023
636.9873046875,42,842799dffffffff,19,2023
43195.905649222579,42,8412dbdffffffff,38.096984933960762,2023
1948284.4608573166,42,8427abbffffffff,66.446190327306368,2023
12098.043334960938,42,8427087ffffffff,38.7552588147229,2023
2705.3091430664062,42,8426ae5ffffffff,30,2023
1283.4599609375,42,84278b1ffffffff,34,2023
16188.705322265625,42,84275e5ffffffff,34.517676256067865,2023
3700.7782592773438,42,8427545ffffffff,27.991681997975014,2023
701437.89858254825,42,8426309ffffffff,44.375584082104481,2023
3120.16259765625,42,84289ddffffffff,27.599075631606613,2023
12762.475402832031,42,8426b31ffffffff,33.376208415328833,2023
644.25323486328125,42,8426a4bffffffff,33,2023
10757.6103515625,42,84261e5ffffffff,36.124978275508624,2023
8342.9971923828125,42,84279a7ffffffff,43.309674885373042,2023
5203315.6704197312,42,8427ab9ffffffff,74.785629282347784,2023
27922.538818359375,42,84281ebffffffff,29.974900096588534,2023
34348.280456542969,42,84275e1ffffffff,39.885853353480314,2023
4072011.6064453125,42,8427505ffffffff,67.732379173979936,2023
71298.2173461914,42,8426329ffffffff,23.017451726338365,2023
3550640.126690554,42,8428891ffffffff,73.109070767747937,2023
36169228.657469034,42,8427a97ffffffff,80.52533088798441,2023
21972.960398954503,42,8426285ffffffff,39.801383541110248,2023
23684.854675292969,42,8412de7ffffffff,31.151374393752061,2023
27892.800415039062,42,84270bdffffffff,32.610625612924338,2023
69897.213256835938,42,84278dbffffffff,26.145339069844521,2023
8880878.6265084073,42,8426aebffffffff,52.582725027235917,2023
109148.02581787109,42,8426a21ffffffff,41.760925261166484,2023
5278732.4900182383,42,84271b7ffffffff,54.093867685469483,2023
951332.457824707,42,8426a29ffffffff,70.79541310125,2023
1490759.80386915,42,8428889ffffffff,35.330935251917019,2023
604056.731203326,42,8427ad7ffffffff,52.091916279865679,2023
21374.411376953125,42,8428959ffffffff,32.78470792992529,2023
1959.7489013671875,42,8426a67ffffffff,48.32821413228374,2023
666.40557861328125,42,84260cbffffffff,36,2023
2048.6591796875,42,84261abffffffff,26.333334654144505,2023
1336.013916015625,42,8426137ffffffff,25.499993695536055,2023
14050.879620720358,42,8428957ffffffff,35.91967767506199,2023
2008.2208251953125,42,842684dffffffff,49.334948419111022,2023
11800.540588378906,42,84278d9ffffffff,39.845870936098876,2023
70631129.416767925,42,8426207ffffffff,84.271771782541776,2023
14688.928894042969,42,8428b63ffffffff,39.322757546222931,2023
15615.237060546875,42,84278d5ffffffff,26.399298895523955,2023
7332.0274658203125,42,8427811ffffffff,49.49029034361682,2023
180808.05816650391,42,8427a87ffffffff,33.027087043435792,2023
124687.92404856962,42,842605bffffffff,35.791636278826495,2023
175586.8193359375,42,8428d1dffffffff,44.657068184329418,2023
3121.746826171875,42,84278d1ffffffff,35.3661820606217,2023
2372.161865234375,42,8427843ffffffff,39,2023
136628.92242431641,42,8428f25ffffffff,28.364851829556862,2023
1468723.8641967773,42,8426ae1ffffffff,79.451403252989337,2023
1237672.9849243164,42,84288d1ffffffff,53.677183560039452,2023
180457.52228118296,42,8428b17ffffffff,37.18461542266094,2023
35821.767639160156,42,8427a8dffffffff,25.91846370622066,2023
19494234.126504339,42,84271b3ffffffff,70.721069051279727,2023
149690.49792552274,42,8427587ffffffff,31.89538278711445,2023
686.28887939453125,42,84261a7ffffffff,33,2023
15628.50146484375,42,84261d7ffffffff,32.608382216129,2023
479452.17797085631,42,8427adbffffffff,34.9811158441723,2023
641.8675537109375,42,842614bffffffff,17,2023
21638426.379176721,42,8427a95ffffffff,76.201034172348216,2023
603.86956787109375,42,8427aa1ffffffff,18,2023
650.8017578125,42,8426a55ffffffff,36,2023
15853173.753668332,42,842718dffffffff,67.545398182690946,2023
51113.030090332031,42,8428d67ffffffff,34.109255881720429,2023
24467720.383896772,42,8427a93ffffffff,77.7544696515313,2023
2551.9505615234375,42,8428ab5ffffffff,19.500559730969421,2023
4183.2311401367188,42,8412dabffffffff,37.437138305886371,2023
1818.189453125,42,8428d55ffffffff,30.664465422654963,2023
483799.96612548828,42,84262c9ffffffff,49.242555936818057,2023
29069.82373046875,42,8426a41ffffffff,33.801197057213358,2023
25405.437133789062,42,8426133ffffffff,25.368761344373617,2023
301456.39023365686,42,84262e5ffffffff,50.967873689131423,2023
667.107666015625,42,84261c5ffffffff,16,2023
623.12274169921875,42,84278c3ffffffff,37,2023
1830.4493408203125,42,8427097ffffffff,35,2023
13493273.862983972,42,842636bffffffff,76.970582481308114,2023
9313908.01576215,42,8428b0bffffffff,66.351180072712566,2023
17985.960021972656,42,8427085ffffffff,44.948246735109876,2023
1007538.519578642,42,84275d1ffffffff,35.640631260312915,2023
3153.46923828125,42,8428f63ffffffff,21.594914958336592,2023
1284315.6803588867,42,8428b67ffffffff,69.7452220365287,2023
2625.6388549804688,42,8426021ffffffff,19.748307325781738,2023
675.5162353515625,42,84261e7ffffffff,15,2023
24335.965087890625,42,8428185ffffffff,33.370484825293083,2023
1309.835693359375,42,8426b61ffffffff,53,2023
2500.68310546875,42,84279e1ffffffff,25,2023
1267.0396728515625,42,8428839ffffffff,23,2023
5790.8849487304688,42,84281b7ffffffff,29.66970537351607,2023
45658.945556640625,42,8426301ffffffff,29.617469111073028,2023
2630.8751220703125,42,8428ae9ffffffff,26.99518970956419,2023
6129.004150390625,42,84288bdffffffff,30.902358713916335,2023
44953.626098632812,42,84281bdffffffff,40.159630050070177,2023
14605.70263671875,42,8412db7ffffffff,46.084794330319461,2023
1903.33154296875,42,8427403ffffffff,23.000006156967263,2023
1036049.233581543,42,8428b2bffffffff,77.5545342122588,2023
664.2823486328125,42,8426a23ffffffff,53,2023
2461.5770874023438,42,8428f33ffffffff,23.747016022299164,2023
22560.708374023438,42,84261cdffffffff,27.378589346302782,2023
1794419.0788574219,42,8426a17ffffffff,58.918891303822406,2023
482761.22528076172,42,8426027ffffffff,71.1695274424127,2023
844665.00816482841,42,8428b07ffffffff,39.803102193204289,2023
13955.001770019531,42,84260c9ffffffff,46.286169546002895,2023
32714.496887207031,42,8428a97ffffffff,26.005672664622672,2023
1796.9534912109375,42,8428d29ffffffff,23.000829956952288,2023
9839.2072143554688,42,8426101ffffffff,23.333348293527646,2023
362495.89050292969,42,8427a85ffffffff,59.592217244239471,2023
1952.2582397460938,42,8426a51ffffffff,26.999698928890286,2023
5004.8921508789062,42,8427555ffffffff,24.247862269232595,2023
4157.3207397460938,42,8427859ffffffff,87.714294453894439,2023
1280.62939453125,42,8428f69ffffffff,30,2023
57681.687514121855,42,8412dadffffffff,41.127526964981996,2023
12652280.432828058,42,8426351ffffffff,65.184424996846047,2023
655.85504150390625,42,8428ae5ffffffff,41,2023
12659.152160644531,42,842891bffffffff,34.300654881177927,2023
5149.6868286132812,42,8428951ffffffff,31.251498507172997,2023
4584605.9215028053,42,842630dffffffff,68.75237943991084,2023
18504.674560546875,42,842613dffffffff,25.750441426678677,2023
135467718.74212214,42,842719dffffffff,79.223094669621489,2023
3905.1679077148438,42,8426289ffffffff,25.001298047079324,2023
1013741.5056564031,42,8426235ffffffff,56.974904752219686,2023
2247570.3198639513,42,8428851ffffffff,54.526202463803578,2023
1840750.6278076172,42,8427521ffffffff,70.110649176880443,2023
48456.656982421875,42,84262ebffffffff,36.89386384292257,2023
203780.17224121094,42,8426361ffffffff,30.862859979831242,2023
1329.1013793945312,42,84281e1ffffffff,38.499286439100814,2023
5838.7295532226562,42,8426b4bffffffff,28.335540398097486,2023
6258664.4435460707,42,8427817ffffffff,71.483880061366207,2023
667.90093994140625,42,84261e9ffffffff,31,2023
1308.8563232421875,42,8428b27ffffffff,32.500546718657475,2023
1876.9103393554688,42,842632dffffffff,30.666538672073656,2023
296158.3548952589,42,842755bffffffff,41.469450646469333,2023
12641616.755984079,42,8426ac7ffffffff,58.641325036957092,2023
54344.801086425781,42,8428f49ffffffff,31.178570453832812,2023
825695.56878662109,42,842742dffffffff,64.817451206600438,2023
13298888.038806627,42,842626dffffffff,74.711210199816009,2023
36687.216430664062,42,8426b39ffffffff,31.998260149789473,2023
3715.633544921875,42,8427565ffffffff,47.353762524857522,2023
1323.39208984375,42,8426291ffffffff,16,2023
1213.7894287109375,42,842781dffffffff,32.497166451632111,2023
10307.159240722656,42,8427819ffffffff,37.829439360987244,2023
2433.7407523360907,42,84278ebffffffff,28.899344523944247,2023
3904.0980834960938,42,84275e7ffffffff,71.983737087789123,2023
507861.36982589425,42,8427ad3ffffffff,55.406166666016,2023
616.14080810546875,42,8428f37ffffffff,20,2023
10938.348266601562,42,8428aa5ffffffff,45.000292694933741,2023
1186.78369140625,42,8427aebffffffff,17,2023
655.697998046875,42,8426b0dffffffff,36,2023
11870192.467407946,42,8428857ffffffff,65.29406293029551,2023
2030.01025390625,42,84261d1ffffffff,40.998623859610468,2023
40397.573669433594,42,84275a3ffffffff,28.508443227550583,2023
1334.5367431640625,42,84261edffffffff,27.000069425864563,2023
43308.195495605469,42,84278e9ffffffff,36.674658486778753,2023
1250.071044921875,42,84279c7ffffffff,42,2023
643.20611572265625,42,84279bbffffffff,33,2023
40380.20068359375,42,8426841ffffffff,38.264201439331821,2023
2374062.2747429344,42,8426211ffffffff,65.824720613232117,2023
535816.96771240234,42,8412db5ffffffff,69.333224337390064,2023
2515.2256469726562,42,8428f29ffffffff,67.001981875179766,2023
12522.151245117188,42,8426a19ffffffff,30.895080259286221,2023
8397.257568359375,42,84270a9ffffffff,31.851534257705449,2023
15300.471984863281,42,84281c7ffffffff,40.566322877672732,2023
1238.1170654296875,42,842898dffffffff,28.000004929675711,2023
3151.1314086914062,42,8426221ffffffff,34.394591732023954,2023
1337.2744140625,42,8426037ffffffff,53,2023
7021267.5181700457,42,84275c7ffffffff,67.986898408743741,2023
3717.92578125,42,8427561ffffffff,69.694433325033174,2023
4934.0932006835938,42,8427913ffffffff,38.2454962527732,2023
15212861.908079378,42,842624bffffffff,76.091589969972688,2023
2539.8938598632812,42,842631bffffffff,40.50000582741886,2023
50854.878665699682,42,84270b7ffffffff,40.084314463959139,2023
44067.61181640625,42,8412da7ffffffff,27.369949089959853,2023
3930.85009765625,42,84281abffffffff,38.67121953606916,2023
2671.9075927734375,42,8428a03ffffffff,28.246199801930413,2023
2524.0138549804688,42,84288e9ffffffff,38.002557731408238,2023
165042960.76710874,42,8427189ffffffff,77.520490834083773,2023
1276.2877807617188,42,8428815ffffffff,29.001804148201838,2023
3260.1358032226562,42,8426b43ffffffff,28.395381703302306,2023
38143366.579569258,42,84288bbffffffff,73.574708278416509,2023
32502.217651367188,42,84288a3ffffffff,33.281132300441321,2023
2553.050537109375,42,84278a3ffffffff,22.511138874823747,2023
898379.35363769531,42,8426237ffffffff,58.37360764618181,2023
112388.03344726562,42,8428b37ffffffff,30.499441448219997,2023
823741.61508525768,42,8427427ffffffff,41.398599190016455,2023
42823.144409179688,42,842894bffffffff,27.743411927530026,2023
1925.98876953125,42,8426337ffffffff,17.666690962561084,2023
4180828.0864238665,42,8428b15ffffffff,72.515810323880942,2023
2660.9141845703125,42,8426031ffffffff,56.253611638460754,2023
12209.898559570312,42,84288a7ffffffff,45.499454178208083,2023
2709.3641967773438,42,8426865ffffffff,36.253754075531454,2023
2913519.8213472255,42,842743dffffffff,58.9874134625361,2023
2736365.6810898725,42,8428b39ffffffff,78.970089319093,2023
30629.680236816406,42,842881bffffffff,19.9794584385911,2023
36837.646423339844,42,8412db1ffffffff,35.615672940040682,2023
32137.2197265625,42,8426b49ffffffff,37.95932137111452,2023
79625.605346679688,42,84271d1ffffffff,28.208998950730663,2023
7445040.5910606273,42,84279b5ffffffff,80.773491446639383,2023
4124419.5099477731,42,8427589ffffffff,57.502457618410652,2023
8688.6853637695312,42,8426a35ffffffff,26.381513479560432,2023
18582.216491699219,42,84270adffffffff,41.579075715738661,2023
60602967.768746644,42,8428897ffffffff,76.034954359557361,2023
4179408.4763104608,42,8427a9dffffffff,71.069913214997356,2023
3273.565185546875,42,842610bffffffff,36.799994190262417,2023
4456745.99699731,42,842622bffffffff,74.657205526508875,2023
18020.695739746094,42,84262cbffffffff,26.106467102868741,2023
14526982.503847606,42,84271abffffffff,60.565693503249662,2023
2012.85791015625,42,84260c3ffffffff,44,2023
189574.28991818894,42,8427519ffffffff,38.3794636129575,2023
46117.087585449219,42,8426055ffffffff,31.253910283504062,2023
2958955.0053368662,42,842624dffffffff,81.94499544011444,2023
3682.3623350854014,42,8428ad5ffffffff,37.221567607266927,2023
7183.9888916015625,42,84281b9ffffffff,34.370298163826192,2023
3533521.0725708008,42,8426ad7ffffffff,54.2640796430923,2023
6795524.1348802727,42,8428b1bffffffff,75.279826492818614,2023
55423.594177246094,42,84279a1ffffffff,35.310066256876127,2023
1595122.3819809859,42,842751bffffffff,42.9432353557519,2023
149052.82855224609,42,84261c3ffffffff,51.056935439931785,2023
121053975.63482596,42,84271b9ffffffff,79.130180121454657,2023
2643.8269653320312,42,8426a03ffffffff,26.50185815041538,2023
32685.378295898438,42,84279b9ffffffff,42.200940517623451,2023
31774.614440917969,42,84270b1ffffffff,35.273209964908574,2023
220547.49426269531,42,84270e7ffffffff,28.31154340741249,2023
5404.0369262695312,42,8426189ffffffff,47.62379086923238,2023
144261.392578125,42,84288c7ffffffff,52.549762445477086,2023
2542211.5875244141,42,8426249ffffffff,74.371491119128137,2023
475293.34600997623,42,842621bffffffff,35.048040415709096,2023
4531.2545166015625,42,84262c7ffffffff,25.286346360592258,2023
9122.85400390625,42,8428949ffffffff,46.940260792818087,2023
16993459.497758932,42,84271e7ffffffff,68.4602521944978,2023
1318.0364990234375,42,8426b67ffffffff,31.998580856144862,2023
48621.484375,42,8426367ffffffff,29.316886767299209,2023
4623137.0213623047,42,8426035ffffffff,74.279019598592257,2023
565425.93244102318,42,8426ae7ffffffff,43.196010274632592,2023
95930.888580920655,42,8428d25ffffffff,31.439904243365117,2023
1300.8973999023438,42,8426a6bffffffff,43.99992023985471,2023
2003.9425048828125,42,8428131ffffffff,52.666909961485224,2023
22929.806762695312,42,8426b09ffffffff,30.09069127126612,2023
121579015.05669039,42,84271a7ffffffff,79.190223755648148,2023
172454.87828201594,42,8426059ffffffff,33.313661924756623,2023
1587986.7316566617,42,84288b3ffffffff,67.170131954960254,2023
310829.11450195312,42,8426ad5ffffffff,40.0027721040101,2023
3152472.9604621436,42,8426263ffffffff,60.076844118026393,2023
5459917.7797382427,42,84271d5ffffffff,62.214622624540226,2023
38252.5224609375,42,84275d3ffffffff,44.501072885805655,2023
662.325439453125,42,8426b03ffffffff,51,2023
125964.04476509843,42,8428b3bffffffff,34.84924834223947,2023
22983805.572790764,42,8426209ffffffff,77.576218656138991,2023
179703.38562011719,42,8427987ffffffff,38.388966436380983,2023
23828372.653142951,42,842623dffffffff,81.01440400817053,2023
677556.75543212891,42,84275d7ffffffff,37.017068570836841,2023
1087238.9058837891,42,8426743ffffffff,75.631662131195469,2023
4071717.5345724663,42,8426231ffffffff,79.281306120050786,2023
14762.246215820312,42,8426b35ffffffff,51.406588185800224,2023
39989.560180664062,42,8427527ffffffff,54.12415598050513,2023
9463.4431762695312,42,8426843ffffffff,36.218194592907317,2023
679.47466059666056,42,842788dffffffff,29.396371803905261,2023
170893.63043212891,42,8426b57ffffffff,40.686610569914954,2023
2592855.5764770508,42,8428849ffffffff,52.94630210510234,2023
10436.486877441406,42,84262a9ffffffff,63.625536502856072,2023
2600.5669555664062,42,84262d5ffffffff,40.731483723512909,2023
4617.297119140625,42,8426a07ffffffff,24.997181631527468,2023
57706.145080566406,42,84275a9ffffffff,35.739001833547285,2023
3197.7943725585938,42,8428ab1ffffffff,27.799288556872934,2023
1196204.8500818589,42,842888dffffffff,36.67795575867472,2023
8834.4893798828125,42,84288d9ffffffff,23.928680398092986,2023
12816.703595090381,42,84278c5ffffffff,40.162595517981373,2023
215149.44177246094,42,842628dffffffff,61.446806688424466,2023
36942032.298733816,42,8426239ffffffff,79.370606946296462,2023
3128.2973022460938,42,84288d3ffffffff,25.003647401492756,2023
43959576.364877261,42,84271a9ffffffff,68.374705135240916,2023
642.125,42,8428801ffffffff,25,2023
11632122.514841115,42,84271a5ffffffff,65.942293843523686,2023
30668.420959472656,42,8426057ffffffff,30.631392981406432,2023
7377.9750366210938,42,8426b3bffffffff,28.820648769506654,2023
10258.881591796875,42,8427aabffffffff,22.058139539864694,2023
9919.3941650390625,42,8426b05ffffffff,34.589286553526421,2023
7776.2241821289062,42,84281a3ffffffff,29.500156825846439,2023
9224.1749877929688,42,8428181ffffffff,37.073982476268284,2023
10018.875732421875,42,84281c3ffffffff,31.133344542643687,2023
171220.17071533203,42,8426a1bffffffff,36.3166452062169,2023
2034125.1166113759,42,842759dffffffff,45.441610316731357,2023
12029222.185324278,42,8426215ffffffff,74.028597716862592,2023
7109403.0457478836,42,8427513ffffffff,74.995202842128961,2023
26769.989135742188,42,8427511ffffffff,33.024887604637541,2023
79678.575323845362,42,8428b23ffffffff,42.315173642701083,2023
3226463.5028827745,42,8426349ffffffff,50.762606612939585,2023
16125.573486328125,42,8412d87ffffffff,32.3715941871859,2023
808828.66557569313,42,8428841ffffffff,36.625289973519877,2023
1996.2042236328125,42,8426b15ffffffff,31.002772534910463,2023
67596.151245117188,42,842750dffffffff,36.226606498901191,2023
16520066.639511527,42,8428883ffffffff,52.551283896694024,2023
1974.9540405273438,42,8428addffffffff,25.333330943377927,2023
13341111.229001032,42,8426243ffffffff,65.698436274383539,2023
817560.96313644107,42,8426261ffffffff,44.162464592627671,2023
9877134.92741819,42,8428f09ffffffff,48.285127633231141,2023
50513.92138671875,42,84288abffffffff,28.437934649309767,2023
77210.063983992033,42,8428f47ffffffff,36.356442520085643,2023
4273363.7239329619,42,8427439ffffffff,72.1965553246337,2023
18671736.85454293,42,842719bffffffff,71.294126428434581,2023
2569.932373046875,42,8426a4dffffffff,29.000375245465158,2023
1328.0247802734375,42,8426a3dffffffff,29.001486325392751,2023
20050.311767578125,42,84262c3ffffffff,27.579398873514926,2023
1200.249267578125,42,8412d97ffffffff,50,2023
3199.9766845703125,42,8428807ffffffff,30.1996328975633,2023
1250.0107421875,42,84288e5ffffffff,36.502533864943345,2023
551998.82366536465,42,84281b5ffffffff,40.7279061696058,2023
602.53326416015625,42,8428d57ffffffff,25,2023
29459.270202636719,42,8427467ffffffff,54.571478862304595,2023
134626.67996538943,42,8428887ffffffff,86.961101146279546,2023
55058.595458984375,42,842753bffffffff,30.138628153953544,2023
834159.87683105469,42,8426ac3ffffffff,43.852476287026477,2023
78197.790380859369,42,8428f5dffffffff,39.48628703082354,2023
7550.5,42,842750bffffffff,27.828665881178708,2023
3025098.4190898817,42,8427437ffffffff,52.750121744991866,2023
18787.438781738281,42,8428941ffffffff,27.448119936768055,2023
3777308.7073364258,42,84262edffffffff,62.860926376380057,2023
19838.700012207031,42,842756bffffffff,27.878049658435931,2023
20814.144348144531,42,8428f05ffffffff,34.9696986391146,2023
15980063.612672102,42,842635bffffffff,66.763937657959545,2023
4993.6649780273438,42,8428f39ffffffff,22.125277122661039,2023
10974.991760253906,42,8428d69ffffffff,29.779032392118612,2023
16740681.134621056,42,84275cdffffffff,69.750347543249021,2023
7775.34326171875,42,8426a43ffffffff,39.666683342331339,2023
199413.89208984375,42,8427a81ffffffff,32.759012787146091,2023
5870.6797485351562,42,8426b47ffffffff,31.666248525488069,2023
57708.288635253906,42,8428885ffffffff,35.869677033041107,2023
3625114.842812452,42,842742bffffffff,63.862507180125029,2023
1296.7501831054688,42,84281b1ffffffff,40,2023
83144.66064453125,42,8426051ffffffff,30.941242300597782,2023
62561.225708007812,42,8428a31ffffffff,50.574709408543633,2023
2130331.2153810989,42,8427523ffffffff,66.482017522458392,2023
3870.949951171875,42,842880dffffffff,26.661972401724558,2023
2367942.3022992304,42,8426341ffffffff,46.874198194291047,2023
2520.6004638671875,42,84288ddffffffff,45.260843012405736,2023
104844.49322509766,42,84275abffffffff,38.323265134594152,2023
1055727.7213273591,42,8428f0bffffffff,39.371066419339158,2023
444110.77804529527,42,842612bffffffff,40.787276602800851,2023
5097578.8129511811,42,842635dffffffff,60.601845559833663,2023
60094440.156148031,42,8427187ffffffff,76.2201202727604,2023
3363.1989135742188,42,842684bffffffff,32.399074556322162,2023
72293.1390991211,42,8428d3bffffffff,42.753981715226871,2023
3762.686279296875,42,8428f2dffffffff,22.335296743185797,2023
23305158.34644584,42,8428895ffffffff,67.9718857949525,2023
623.67462158203125,42,84289c3ffffffff,28,2023
1700406.4629516602,42,8426b55ffffffff,70.8016157182022,2023
613069.74985878146,42,842758bffffffff,41.29111822838852,2023
20768.677429199219,42,8426aedffffffff,30.509796585669893,2023
2494.4539184570312,42,84289d9ffffffff,30.008280454591489,2023
27286890.044366814,42,8426247ffffffff,71.117878752237175,2023
1186.556884765625,42,8428d17ffffffff,23,2023
34111523.406795248,42,8427191ffffffff,70.67405703600302,2023
21030.699829101562,42,8412da5ffffffff,29.875965630090864,2023
107556.93841552734,42,84288b7ffffffff,24.094071285016412,2023
61411.123596191406,42,8426acbffffffff,34.412147920046849,2023
1249.0479736328125,42,84289cbffffffff,34,2023
7129753.1000366211,42,8426265ffffffff,67.985544806505033,2023
1944.1049194335938,42,8426b41ffffffff,28.667693910768843,2023
2622.3284912109375,42,8428ae1ffffffff,31.505832689192847,2023
7205.1170654296875,42,8426157ffffffff,23.636361971410462,2023
4947.2418823242188,42,8427541ffffffff,22.505409711858196,2023
600.01226806640625,42,8427851ffffffff,53,2023
10348793.887234319,42,842885dffffffff,56.282453325887921,2023
2628.5656127929688,42,84262a5ffffffff,45.505381304166477,2023
112702.85437011719,42,8428d65ffffffff,30.220879172900844,2023
1175797.721166274,42,8427a89ffffffff,47.425517037212281,2023
11717.483825683594,42,84270b3ffffffff,42.635061480991787,2023
5806718.9429996265,42,84288d7ffffffff,62.428791173803369,2023
4003.8189697265625,42,84261cbffffffff,35.01327769797421,2023
1326.466064453125,42,84262b5ffffffff,33,2023
1621240.9102931602,42,84288c5ffffffff,53.1152883131687,2023
13824.495056152344,42,8428a35ffffffff,27.525535457142666,2023
46335823.388792992,42,8428b03ffffffff,74.041862046797178,2023
8065762.885450894,42,84271a3ffffffff,55.314885962775534,2023
1337.9625854492188,42,8426b17ffffffff,32.999981251008442,2023
1951.8893432617188,42,8426a61ffffffff,30.669620921110873,2023
575464.96490478516,42,8426103ffffffff,69.477205340085476,2023
2604.9138793945312,42,842894dffffffff,24.509142841491098,2023
660.14892578125,42,8428a23ffffffff,25,2023
8058.1087036132812,42,84261ddffffffff,50.416764708776213,2023
262956.87890625,42,8426251ffffffff,45.885151220238164,2023
12413.849487304688,42,8428845ffffffff,29.472742781782511,2023
18768893.875097897,42,842752bffffffff,78.273110895454366,2023
3070873.6050223559,42,8426a8dffffffff,41.780942526817235,2023
9321.2765502929688,42,8428133ffffffff,36.858682104700314,2023
16415.579345703125,42,8428a37ffffffff,35.3628105903112,2023
1615118.5316162109,42,842611dffffffff,57.28912988180754,2023
3767.52978515625,42,8427989ffffffff,44.002175377833389,2023
405789.74006874231,42,8427525ffffffff,59.492742242382612,2023
6175.6567993164062,42,8427569ffffffff,34.701175716489622,2023
957630.12312011712,42,8428b13ffffffff,61.094235294122925,2023
1235857.1973118202,42,84275c9ffffffff,39.446454287762656,2023
2641.5817260742188,42,84262a7ffffffff,50.501492860101187,2023
1955.2789306640625,42,8428ae7ffffffff,30.00870914544554,2023
8669.0053100585938,42,84288a9ffffffff,36.786266778611555,2023
1988.7327880859375,42,84261c9ffffffff,17,2023
3545556.9166745655,42,842621dffffffff,64.960233424950317,2023
19064938.509306062,42,8426ae9ffffffff,66.9796159716329,2023
21887.918579101562,42,8427ac3ffffffff,23.162189275508716,2023
196620.12628173828,42,842880bffffffff,42.634401739253867,2023
153508281.36335349,42,8427181ffffffff,77.883585280239359,2023
37979519.486070581,42,84271b1ffffffff,70.28649957075389,2023
680.38311767578125,42,84260a1ffffffff,35,2023
1960.288818359375,42,8428a8dffffffff,19.666905623536074,2023
3972.8690185546875,42,8426a15ffffffff,33.506074957330057,2023
214678.55786491843,42,8427537ffffffff,35.705381582328215,2023
58764306.564490214,42,8428b1dffffffff,72.245357222353888,2023
4561.0303955078125,42,8428b31ffffffff,34.142934337181224,2023
647.23834228515625,42,8426043ffffffff,31,2023
4298.9839477539062,42,8428c65ffffffff,16.285715705472,2023
16699993.046727318,42,8427197ffffffff,74.561988972304249,2023
1217313.5557765586,42,8426345ffffffff,35.612586916978586,2023
182062.23352050781,42,8426357ffffffff,31.471449132373639,2023
2369.7181396484375,42,8412d81ffffffff,24.500001983234611,2023
2560.830322265625,42,8426335ffffffff,19.000022880762341,2023
19279.65283203125,42,84278e1ffffffff,27.579876925329788,2023
428678.28033447266,42,8427503ffffffff,38.676038664986891,2023
2660.56201171875,42,8426131ffffffff,24.502388998667787,2023
1209210.6928002452,42,8426363ffffffff,55.053450886981523,2023
39420.151428222656,42,8428d2dffffffff,31.258174046548163,2023
8401.209716796875,42,8412db9ffffffff,41.136149550054043,2023
41508.610412597656,42,8427547ffffffff,31.413529138336354,2023
214454.87601126876,42,842622dffffffff,33.980046937132052,2023
118559.24353027344,42,8426121ffffffff,31.171422095359489,2023
2516.0994262695312,42,84288ebffffffff,29.262933259408353,2023
23223.968811035156,42,84270b5ffffffff,33.333693339793754,2023
9882.0964965820312,42,8428a33ffffffff,35.331370635554137,2023
1292.7301025390625,42,8426a69ffffffff,41,2023
5622112.551985438,42,8426233ffffffff,73.3843825737549,2023
1274.505615234375,42,842799bffffffff,35,2023
2678.2733154296875,42,8426b27ffffffff,36.251838399592714,2023
141659.56509674669,42,84278edffffffff,46.556378865365581,2023
458526.75231933594,42,8426223ffffffff,76.827074428546837,2023
14862491.379586015,42,8427199ffffffff,68.66863272353379,2023
2377.4780883789062,42,8412da9ffffffff,26.4967740921845,2023
358506.09008789062,42,8428b57ffffffff,38.723915600160552,2023
4437.4879760742188,42,8428817ffffffff,23.143620602625148,2023
23098326.594277777,42,84271d7ffffffff,71.919548245736422,2023
3948.447021484375,42,8426b53ffffffff,20.498564398619191,2023
30865.930847167969,42,84271dbffffffff,37.019207323817525,2023
17891.430725097656,42,8426a11ffffffff,40.324157917546842,2023
120033.84765625,42,84279d9ffffffff,48.55442278711913,2023
1915.3560180664062,42,8428f51ffffffff,42.022174746511389,2023
90088.287902832031,42,84262d1ffffffff,37.203997161370239,2023
1179808.4442562328,42,8428899ffffffff,34.23762550280221,2023
88251833.936228067,42,8427183ffffffff,72.350766128633126,2023
8588.970947265625,42,8427ab5ffffffff,29.440014333254929,2023
194243.32177734375,42,8427857ffffffff,56.864154151173196,2023
15362.076049804688,42,842882dffffffff,32.79397733471766,2023
1986.0894775390625,42,8426b19ffffffff,19,2023
3182.5519409179688,42,8427983ffffffff,34.601382841328963,2023
9986.59228515625,42,842625bffffffff,39.181211230673,2023
6361.9317626953125,42,84278a7ffffffff,35.20035228465521,2023
1854435.757019043,42,8426115ffffffff,73.884531428769222,2023
96069.935546875,42,8426365ffffffff,27.809253870324,2023
2688.5859985351562,42,84261ebffffffff,25.248826186311476,2023
28510.89013671875,42,8427833ffffffff,88.664643065818652,2023
69161.222473144531,42,8427501ffffffff,32.665139240047495,2023
2591.3463745117188,42,8428945ffffffff,35.74635629841368,2023
2540.8348388671875,42,8427999ffffffff,41.50169734885538,2023
44127.444213867188,42,8426a47ffffffff,31.089856923343508,2023
1664130.2640627394,42,8426245ffffffff,61.706768656006844,2023
4748.3120727539062,42,842618bffffffff,53.86806588407206,2023
170832.75057229435,42,84275e3ffffffff,36.540421250338071,2023
118775.69116210938,42,842889bffffffff,29.561817516716484,2023
826978.89041891659,42,842758dffffffff,37.499445551858308,2023
42751.113525390625,42,84262a1ffffffff,36.3962572695118,2023
650.326171875,42,84262dbffffffff,30,2023
37121.678588867188,42,8426adbffffffff,28.268198019912418,2023
10485515.609442737,42,8426217ffffffff,68.791216168720069,2023
713858.40307617188,42,8426227ffffffff,57.276402325575269,2023
10615.783447265625,42,8426117ffffffff,33.500037245083618,2023
9341.703125,42,8428b53ffffffff,32.714485779388966,2023
6600.5778198242188,42,84275a1ffffffff,33.603553283331358,2023
1285.0949096679688,42,8428aa3ffffffff,31.499989812393686,2023
96700.183837890625,42,84270a1ffffffff,34.267111400117741,2023
14128822.003363635,42,842634bffffffff,60.022636801525493,2023
21561384.76307445,42,84271b5ffffffff,61.903803703368034,2023
266187.53104104433,42,8427407ffffffff,37.11207570538722,2023
1830792.0261275945,42,842626bffffffff,56.64453854379996,2023
5407.2025146484375,42,842608dffffffff,26.499979174099181,2023
4926066.174900908,42,84275cbffffffff,68.055115169781615,2023
2036.4443969726562,42,84260a9ffffffff,28.996892441968939,2023
32018476.50560303,42,8426acdffffffff,62.389116201813771,2023
5221.7875366210938,42,84262adffffffff,35.139218101290616,2023
763374.95497616031,42,8426353ffffffff,35.805031524712277,2023
2488072.596731388,42,8426347ffffffff,49.107296029805291,2023
11540862.719934322,42,84279a3ffffffff,79.6768463107695,2023
5680.8679809570312,42,84288c1ffffffff,25.333135980667532,2023
3204273.756464221,42,84279abffffffff,67.0734876121664,2023
1535812.1190185547,42,84279b1ffffffff,46.9262426150608,2023
7943.0885009765625,42,842601bffffffff,23.833333863533365,2023
6722.1205444335938,42,8428d5dffffffff,26.364051571403273,2023
20871045.091973759,42,8427507ffffffff,80.725989877739764,2023
53150.301513671875,42,8427563ffffffff,31.342630301051244,2023
36629070.098909751,42,84288b9ffffffff,77.097035371539349,2023
5164444.6871428834,42,8427583ffffffff,53.191139994989427,2023
660.79920869715079,42,8428955ffffffff,29.999999999999996,2023
81963.795776367188,42,84262cdffffffff,28.896645732860556,2023
8122293.2614365518,42,8427a83ffffffff,70.704886215552165,2023
3559000.6515689623,42,8427a9bffffffff,62.014406750440735,2023
3060.7779541015625,42,8428d4bffffffff,25.401391658646705,2023
38073.731140136719,42,84279a9ffffffff,44.066015736251728,2023
1962.236328125,42,8428859ffffffff,36.970823110190956,2023
601.61505126953125,42,8427aa9ffffffff,17,2023
4443.0802612304688,42,8428825ffffffff,33.142553350226244,2023
32102.102783203125,42,84279e3ffffffff,40.902041576280659,2023
35054492.112480856,42,84271e3ffffffff,71.941573743067011,2023
399407.2185230928,42,8428f03ffffffff,32.973744556787047,2023
7669478.9022913314,42,842884dffffffff,73.9772546168393,2023
25116.674621582031,42,842785bffffffff,39.660214047382,2023
7441166.2996515008,42,84275c1ffffffff,53.5165082929039,2023
11745.349914550781,42,842886dffffffff,30.95024314419063,2023
20295.191223144531,42,8428aebffffffff,29.740643406976726,2023
19049547.773193359,42,8426205ffffffff,77.341328460070187,2023
9345.9661865234375,42,84275b5ffffffff,27.428400846345038,2023
31972.817735858993,42,8426b5dffffffff,35.958314169491864,2023
8196040.2275302066,42,84288d5ffffffff,43.027903992437437,2023
269868.42767333984,42,84270a3ffffffff,38.292328344649327,2023
1165047.3704867496,42,84275d5ffffffff,43.285491492899055,2023
4862338.8209623452,42,8426219ffffffff,45.014995142910642,2023
19913.608520507812,42,84262c5ffffffff,28.387610150562413,2023
38870.021728515625,42,8427ab7ffffffff,27.701477933685098,2023
42857.624328613281,42,8426b0bffffffff,42.510354219106112,2023
15649.120544433594,42,8426053ffffffff,31.87437417264195,2023
14412.155090332031,42,8426a9bffffffff,29.234744846761544,2023
459176.30866292317,42,8426343ffffffff,32.815644286873933,2023
1277.256591796875,42,8428f6dffffffff,19,2023
128392.78839111328,42,8426025ffffffff,36.07667932910676,2023
630.381591796875,42,8427557ffffffff,45,2023
12967382.431057081,42,84279bdffffffff,82.588710112474743,2023
36345.700561523438,42,8427ab3ffffffff,32.050556406045743,2023
4752008.674458582,42,842753dffffffff,65.2559267007706,2023
5832373.7572909482,42,8428f4bffffffff,51.304203473149244,2023
13157549.354786353,42,8426a99ffffffff,54.820943773978144,2023
72499676.953807652,42,84275c5ffffffff,66.1461411481072,2023
1298.7708740234375,42,8428b33ffffffff,32,2023
40279.125671386719,42,8426259ffffffff,43.137575232899145,2023
869630.31265988818,42,8428f55ffffffff,39.253166004770669,2023
1856.647216796875,42,84288adffffffff,19,2023
1972.72998046875,42,8426a01ffffffff,25.666770561298328,2023
21848.33993207146,42,8428ad7ffffffff,39.479649313968366,2023
419387.59100341797,42,8428853ffffffff,61.420789311072596,2023
1205.700927734375,42,8427083ffffffff,44,2023
81449786.933233753,42,8426ac5ffffffff,72.258633614643458,2023
14588015.523123231,42,8428b19ffffffff,69.848799903713712,2023
28444445.113688868,42,8427185ffffffff,62.781712327970055,2023
1868419.8101806641,42,842605dffffffff,73.273754607542344,2023
654.65753173828125,42,8428b35ffffffff,44,2023
502868.237002384,42,8426a89ffffffff,34.3126562227111,2023
2676570.5834350586,42,842611bffffffff,86.018716845769475,2023
7601.9228515625,42,842883bffffffff,26.41526414986237,2023
3234002.9009399414,42,8427aa5ffffffff,58.283057557691571,2023
3927.6297607421875,42,842602dffffffff,21.666091289788518,2023
5517501.5416688211,42,842620dffffffff,76.620199819409336,2023
673.5355224609375,42,842685dffffffff,31,2023
2026.8345336914062,42,84260e3ffffffff,30.999823655128694,2023
1244.1865234375,42,84279e9ffffffff,42,2023
4751.8816528320312,42,8426081ffffffff,34.153203637503331,2023
136418.14434814453,42,84270abffffffff,33.45315902676132,2023
9781131.1249269973,42,8428881ffffffff,47.819380588701385,2023
55249.078004126459,42,842685bffffffff,33.854770105853696,2023
80919.404991957723,42,8428813ffffffff,34.029399045140842,2023
5345106.9605679382,42,8427431ffffffff,61.0873253340932,2023
1925.470947265625,42,8428819ffffffff,48.333561036520969,2023
5991.369384765625,42,8412da1ffffffff,20.502012996885291,2023
1329.166015625,42,8428b05ffffffff,19,2023
485526.66249928193,42,842630bffffffff,46.864530613457227,2023
5509852.14654541,42,8427813ffffffff,77.111464550118626,2023
633548.94940305233,42,842889dffffffff,52.831792655551325,2023
128686.38494873047,42,8427533ffffffff,30.881363985398824,2023
6642.859619140625,42,84281d5ffffffff,35.491469947631224,2023
98126.63330078125,42,8428187ffffffff,40.133067348674956,2023
20552.827941894531,42,84262c1ffffffff,30.434197856405866,2023
45059.94873046875,42,84262d3ffffffff,37.100105488266905,2023
56539.923583984375,42,84288c3ffffffff,30.033728856649521,2023
9837.6709594726562,42,8428183ffffffff,36.736423561820025,2023
29038.840026855469,42,842895dffffffff,34.398068933618475,2023
14277.749572753906,42,84270e3ffffffff,26.875196215887314,2023
720279.58690400969,42,8428a27ffffffff,55.952996945923189,2023
18109283.650887284,42,8426257ffffffff,79.6554386462309,2023
50077.0224609375,42,84262e7ffffffff,39.972883533014993,2023
3657.2628173828125,42,8428d43ffffffff,25.664455462507597,2023
10778.962646484375,42,8426b33ffffffff,36.49666495706483,2023
18700.571533203125,42,8428a95ffffffff,26.240855714937375,2023
608.295166015625,42,8427095ffffffff,55,2023
631.8768310546875,42,8427981ffffffff,40,2023
31631322.528552964,42,8427193ffffffff,73.175511268354256,2023
8258.7113037109375,42,84278a5ffffffff,37.388293408461941,2023
13922.283325195312,42,842818dffffffff,30.764938861527675,2023
626.78961181640625,42,84279d1ffffffff,82,2023
14147.836608886719,42,84288a1ffffffff,39.072735522851765,2023
618.12591552734375,42,84278c1ffffffff,20,2023
10112.522521972656,42,8426addffffffff,32.538448836770293,2023
1302.3465576171875,42,8426a09ffffffff,36,2023
1944.8631591796875,42,8428aadffffffff,26.666882956586544,2023
9860.6412963867188,42,84262abffffffff,42.533623216615027,2023
10847.272827148438,42,8428d0bffffffff,27.278048032373849,2023
1241.574462890625,42,84278ddffffffff,26.498573441020127,2023
3881184.3090870576,42,8427599ffffffff,63.82381388770321,2023
7374758.4846191406,42,84275e9ffffffff,71.244959759540762,2023
1259.778564453125,42,8428f1dffffffff,32,2023
10946.936218261719,42,84275edffffffff,35.317657183295154,2023
347375.56420898438,42,8426ad3ffffffff,42.477289518264719,2023
1324.4195556640625,42,8426a39ffffffff,44,2023
65963.213882506127,42,8428809ffffffff,33.960755667431137,2023
422762.75272336468,42,84279b7ffffffff,40.1712189962809,2023
214398235.26117873,42,8427195ffffffff,82.899550072858588,2023
41827086.879354559,42,8426241ffffffff,79.338521443066156,2023
4685066.6908686617,42,8426201ffffffff,63.844516312802234,2023
5814946.1921571027,42,842884bffffffff,48.410537001513987,2023
1628623.1792540308,42,8426127ffffffff,65.752073520038579,2023
128255.65740966797,42,8426135ffffffff,41.615670661373969,2023
848602.10962656047,42,8427581ffffffff,34.880012856393215,2023
720690.00219726562,42,84262a3ffffffff,67.994978465900246,2023
12332.453002929688,42,84278cbffffffff,30.796972308171082,2023
5115.673583984375,42,8428803ffffffff,38.619913088313965,2023
64343665.762454286,42,84271bbffffffff,73.999815753691365,2023
148361.01733398438,42,8426253ffffffff,40.893342022920308,2023
5343.9329223632812,42,8426b3dffffffff,39.120625211145857,2023
45297.195064769068,42,8426125ffffffff,36.22867265315238,2023
3121.3521728515625,42,84278e7ffffffff,34.400330862780173,2023
21584509.378094845,42,8426ac9ffffffff,57.786784707836205,2023
539943.83959960938,42,8426ad1ffffffff,32.954566940713192,2023
8483.9849243164062,42,8426281ffffffff,38.307846450899717,2023
38187.903869628906,42,8427515ffffffff,30.438509128518017,2023
5419.6801147460938,42,8426959ffffffff,34.4927762599861,2023
3345.8712768554688,42,8426a33ffffffff,29.99940184705034,2023
732331.81463623047,42,8426709ffffffff,75.091249985318711,2023
2162859.5090346392,42,8427421ffffffff,56.004935684596305,2023
1138857.7246704102,42,842781bffffffff,49.7787244667865,2023
1188.7987060546875,42,8412d83ffffffff,18,2023
13263793.351354264,42,84275c3ffffffff,65.400822483593643,2023
2828717.6813849956,42,8427531ffffffff,68.0266274243009,2023
1241.95458984375,42,84289dbffffffff,19,2023
6128980.1306832107,42,8428f43ffffffff,50.187006837353415,2023
25663.479370117188,42,8428d15ffffffff,29.163979513080925,2023
635.40399169921875,42,8428ab3ffffffff,19,2023
2470.4324951171875,42,842756dffffffff,41.749997220545353,2023
16343.606994628906,42,8428869ffffffff,33.915878364390416,2023
4744326.7784660785,42,8426369ffffffff,79.926993702430252,2023
1324.5662841796875,42,8428a25ffffffff,66,2023
60672.954528808594,42,8426a2bffffffff,49.225792328349421,2023
1565285.9145507812,42,842636dffffffff,52.523149172747807,2023
2513.2128295898438,42,842798dffffffff,34.0018385253387,2023
3342954.8139583813,42,8428b3dffffffff,80.20373729186781,2023
695724.46624157473,42,8428f01ffffffff,32.70236529893436,2023
10252.239440917969,42,8426183ffffffff,46.333358700552104,2023
684.5137939453125,42,8426191ffffffff,32,2023
30628.7333984375,42,8427ab1ffffffff,29.319764342822619,2023
1795570.8840245863,42,84275d9ffffffff,56.717057977741256,2023
1233.372802734375,42,84289d7ffffffff,33,2023
16754.175720214844,42,8427081ffffffff,34.214949798891922,2023
5286.5057983398438,42,842818bffffffff,34.37463549097675,2023
1337.6868896484375,42,84260c5ffffffff,41,2023
2513.4398193359375,42,84288dbffffffff,23.503065963888762,2023
5171.7805786132812,42,8428865ffffffff,32.877504903465891,2023
615055.497620347,42,8428d6dffffffff,54.720650716854088,2023
6055.9234008789062,42,8426b37ffffffff,28.55584011888541,2023
1381610.4433265836,42,8427435ffffffff,36.641117803267086,2023
96778.514282226562,42,842674bffffffff,36.930748223455204,2023
1341.9071044921875,42,84261d9ffffffff,32,2023
26119.611022949219,51,84279edffffffff,31.666105649732103,2022
2645.5184936523438,51,8426a1dffffffff,23.750054419077074,2022
75092.191284179688,51,8426ae3ffffffff,32.033173341413075,2022
6375122.1719025262,51,842780bffffffff,70.871827525500535,2022
1277.1094970703125,51,8426317ffffffff,14,2022
3751.0039672851562,51,842893bffffffff,27.501528456354514,2022
1823.8153076171875,51,8427aa3ffffffff,36.012465618232618,2022
446924.69683837891,51,842783bffffffff,36.650389286027711,2022
2459303.8226710903,51,8412db3ffffffff,52.801167695744525,2022
289506.95709300321,51,8412dbbffffffff,38.37010986745296,2022
380960.28204345703,51,8427959ffffffff,24.829448026110082,2022
65549.9853515625,51,8426ac1ffffffff,33.502874356118532,2022
10649.830078125,51,84278e3ffffffff,34.355347340397337,2022
76105.888977050781,51,8427ad5ffffffff,22.680154350216615,2022
17987892.999535896,51,8412cbbffffffff,67.495833172473638,2022
383231.69781494141,51,8427831ffffffff,28.744198828840606,2022
1816.1321411132812,51,8428997ffffffff,48.656717853490591,2022
14960.437255859375,51,8428843ffffffff,18.479391135320434,2022
642.481689453125,51,8428aa1ffffffff,31,2022
36452.646251005281,51,84278d3ffffffff,36.010828342163244,2022
191061.20947265625,51,8428927ffffffff,45.222175149909333,2022
4370848.1020306759,51,8427985ffffffff,63.403173808477973,2022
3435.3681030273438,51,84261bdffffffff,27.398632205687367,2022
28601.443786621094,51,8427aa7ffffffff,35.104885465041633,2022
2547361.2191772461,51,8427abdffffffff,82.443444295806145,2022
3141.072021484375,51,8426305ffffffff,20.998122701907089,2022
7136.9908447265625,51,8428855ffffffff,23.182776462289024,2022
15397217.410446826,51,8427815ffffffff,70.699021091066342,2022
8088.8237915039062,51,8427933ffffffff,36.078455645463329,2022
8230126.4049462406,51,8427ae7ffffffff,76.34923728787227,2022
213516.02760727826,51,8427ac7ffffffff,26.618564914635037,2022
17584.986633300781,51,8428833ffffffff,29.818728023530788,2022
21691.229675292969,51,84289e5ffffffff,28.928762037154954,2022
2417.563720703125,51,84289a3ffffffff,29.250742804151059,2022
381598.04413440183,51,842786bffffffff,33.085574140280052,2022
52511.869859403727,51,8427889ffffffff,39.57624061994526,2022
2409.4779052734375,51,8427951ffffffff,29.491186766858966,2022
1276.2205810546875,51,8428811ffffffff,17,2022
9636500.91999033,51,84288e3ffffffff,79.457917425827716,2022
635.947998046875,51,84279a5ffffffff,32,2022
632.6795654296875,51,84288cbffffffff,36,2022
6755.5125122070312,51,8427911ffffffff,32.001140724222459,2022
30173.955322265625,51,8426119ffffffff,25.347907991536154,2022
1806.1677856445312,51,8412da3ffffffff,30.996858637292672,2022
2441.2850952148438,51,84288b1ffffffff,15.500005662781016,2022
9230040.4212770946,51,84288e7ffffffff,55.654066865231556,2022
23588875.98384627,51,842796bffffffff,64.036502677737786,2022
37743.481872558594,51,8427a8bffffffff,32.0185754373944,2022
1298.221923828125,51,8426109ffffffff,20,2022
5918.182861328125,51,8427addffffffff,28.800483301408608,2022
71184.076904296875,51,84278adffffffff,30.634026817966742,2022
2428.900634765625,51,8427a91ffffffff,35.259270461082806,2022
6842539.1229061354,51,8427853ffffffff,72.010797808795346,2022
525260.14761005482,51,8426123ffffffff,35.612785350342023,2022
2820387.209905168,51,8427861ffffffff,50.604397969589328,2022
1589416.1371459961,51,84278cdffffffff,61.278201275861583,2022
7737.0620727539062,51,8427ad1ffffffff,31.621254997228117,2022
100288.72644042969,51,84288b5ffffffff,34.443425104494473,2022
603.366455078125,51,8428d61ffffffff,20,2022
3208.137291283701,51,842881dffffffff,26.399109743097434,2022
12513.61083984375,51,84288e1ffffffff,28.151387580905556,2022
242600.66076660156,51,84279ebffffffff,31.028553638097428,2022
12469.618469238281,51,84279c3ffffffff,28.601927666682482,2022
11218.310852050781,51,84279ddffffffff,26.832375037748065,2022
1871695.2150481578,51,8427931ffffffff,69.035862285776972,2022
2671.67626953125,51,8426a13ffffffff,25,2022
369114.03868767235,51,8427b33ffffffff,22.014195622113693,2022
103880.38502963197,51,8427847ffffffff,32.971006324045071,2022
13253615.565838505,51,8427ae5ffffffff,75.644865735752,2022
247444.65472316367,51,8427aadffffffff,32.856336877733561,2022
3680.9901123046875,51,84278c9ffffffff,31.832567863201028,2022
212986.73132324219,51,84278e5ffffffff,61.677963566084017,2022
4468797.7583307,51,8427b35ffffffff,45.706716230220977,2022
6066.826904296875,51,84261e1ffffffff,14.888881910273206,2022
48904.62128666896,51,8428999ffffffff,44.727683363593535,2022
13042.000366210938,51,8428ae3ffffffff,25.797826296758124,2022
3810.5317993164062,51,842799dffffffff,20.501991943106258,2022
21015.422119140625,51,8412dbdffffffff,34.488498494914609,2022
4892.9135131835938,51,8427abbffffffff,23.633003563440855,2022
17657206.548698395,51,842794bffffffff,63.786351924629095,2022
4051.7631225585938,51,8426ae5ffffffff,35.507216932877306,2022
5168746.5180544369,51,8427b37ffffffff,83.0081278169911,2022
16195.991638183594,51,84289ddffffffff,33.385241978007834,2022
9450.8235473632812,51,8428915ffffffff,28.998766209177749,2022
601.580810546875,51,84289b3ffffffff,17,2022
20720.665710449219,51,8427ab9ffffffff,32.738476195582486,2022
390330.0625,51,8426329ffffffff,65.6842889828974,2022
24640.620666503906,51,842798bffffffff,26.690031678504106,2022
9149.5779418945312,51,84289adffffffff,38.794481126708924,2022
366780.06500244141,51,8427919ffffffff,29.487441655641572,2022
14710.0009765625,51,8427a97ffffffff,23.294891105487928,2022
603215.81831485522,51,8426aebffffffff,57.062202719432292,2022
15617.179626464844,51,8428889ffffffff,29.840652296633262,2022
19714.883483886719,51,8427ad7ffffffff,33.060876251887137,2022
36575.627563476562,51,842892bffffffff,36.5977233664912,2022
1988.615478515625,51,8428a17ffffffff,21.003402792433345,2022
3853.9318237304688,51,8426333ffffffff,24.998664567066605,2022
1913.8773193359375,51,8428957ffffffff,38,2022
20732.685336243871,51,84278d9ffffffff,35.71934235151523,2022
72628.728881835938,51,8427863ffffffff,30.903862027731414,2022
2206554.2852074718,51,84278d5ffffffff,46.879179127653686,2022
3143202.3675747742,51,8427811ffffffff,64.179646766641483,2022
15087.334411621094,51,8427a87ffffffff,23.997920554409436,2022
2551.322021484375,51,8428963ffffffff,30,2022
24050067.710006654,51,8412c97ffffffff,63.2708838735545,2022
43087.062438964844,51,84278d1ffffffff,31.22059777051577,2022
5011329.9495849609,51,8427843ffffffff,73.879158785873642,2022
3155570.68291255,51,8426ae1ffffffff,72.047889416382162,2022
43539.888610839844,51,8427a8dffffffff,28.275549023253816,2022
6427.9959716796875,51,842614bffffffff,24.298077735099774,2022
4261.2290649414062,51,8427a95ffffffff,22.710231914394036,2022
204261.02746773514,51,8427aa1ffffffff,37.064067691062554,2022
25371.68603515625,51,842891dffffffff,29.87463092662983,2022
1835.5344848632812,51,8427a93ffffffff,21.335810583686307,2022
2717699.9796738564,51,8427901ffffffff,53.550767085774886,2022
13747.179260253906,51,8412dabffffffff,19.658100542065657,2022
3361172.1090087891,51,84278c3ffffffff,77.355234272929451,2022
1237.87890625,51,842636bffffffff,14.00150600983916,2022
1307.9866943359375,51,8426029ffffffff,19.999995613636813,2022
27424437.44119921,51,8427909ffffffff,67.104247300845429,2022
34692.042297363281,51,8428991ffffffff,42.865540328728876,2022
667.61614990234375,51,84261c1ffffffff,14,2022
11452.035949707031,51,84261e7ffffffff,25.823520405624347,2022
34172.62939453125,51,8427825ffffffff,31.8206980330724,2022
171724.3099130668,51,84279e1ffffffff,30.245390952442246,2022
5192.1972045898438,51,8426067ffffffff,19.875056305790693,2022
6582.8021850585938,51,8428ae9ffffffff,29.699878772544732,2022
85834.622436523438,51,84288bdffffffff,26.798946918169129,2022
2119676.6524452358,51,8412db7ffffffff,72.38922685284335,2022
31697.299255371094,51,8428929ffffffff,31.416313248296646,2022
4984.0119018554688,51,84289edffffffff,32.373376325134188,2022
5383.795654296875,51,8412d91ffffffff,35.224842811502093,2022
15287.964721679688,51,8427907ffffffff,34.641039700195,2022
1279.4200439453125,51,8426149ffffffff,23,2022
3276.1002197265625,51,842612dffffffff,22.000689363175756,2022
12867534.890629308,51,8427903ffffffff,71.9060983023183,2022
1307407.3691332049,51,8427a85ffffffff,64.8928810824254,2022
3915.338134765625,51,8426a51ffffffff,35.499717906308604,2022
172600.39654541016,51,842780dffffffff,31.928757318866221,2022
25210848.387809247,51,8427859ffffffff,81.777150046839282,2022
5468997.4119559489,51,8426159ffffffff,83.286459531890955,2022
4840.0054931640625,51,8427953ffffffff,28.753282092444195,2022
27241198.155310776,51,8427905ffffffff,74.572032754531222,2022
43544.248448988968,51,8412cb1ffffffff,30.967266689088685,2022
21344223.860095933,51,8427949ffffffff,66.214800087954472,2022
24671.797485351562,51,842795bffffffff,28.704887795399333,2022
4285.0446166992188,51,84289a9ffffffff,23.285714485126956,2022
12353960.564145556,51,8428935ffffffff,84.951563087749165,2022
3715.73193359375,51,8426361ffffffff,28.835221310782821,2022
1271.3048095703125,51,842892dffffffff,43,2022
1927622.6678466797,51,842792dffffffff,53.962502396134447,2022
2461374.9234233783,51,8427817ffffffff,66.356641076558716,2022
52097.679977596505,51,8426ac7ffffffff,24.484275004446623,2022
2698017.3661659388,51,842788bffffffff,81.504046451053853,2022
52522065.458085358,51,842781dffffffff,81.528987064736427,2022
12150431.401367906,51,8427941ffffffff,65.2447669747426,2022
405042.03307363472,51,8427819ffffffff,33.543067368214118,2022
5585.71484375,51,84278ebffffffff,27.654627590487873,2022
7700.8228759765625,51,8428aa5ffffffff,23.665635240476043,2022
4100810.2751093847,51,8427aebffffffff,59.665943548150274,2022
9024.9390869140625,51,8428857ffffffff,23.714604838283066,2022
1053498.1624576345,51,8427935ffffffff,32.523350192259265,2022
1514632.6521702188,51,84278e9ffffffff,45.475681327807152,2022
848071.20050407853,51,84279c7ffffffff,30.857190271235854,2022
3155.6507568359375,51,8428925ffffffff,28.800993621507114,2022
9114.0494384765625,51,8427807ffffffff,22.998903067442626,2022
6310.2798461914062,51,842789dffffffff,36.499311421458806,2022
3616165.4637451172,51,8412db5ffffffff,73.067108806776261,2022
1972.3648071289062,51,8426a19ffffffff,26.009991080055919,2022
615.99139404296875,51,842898dffffffff,28,2022
33757.782653808594,51,8426155ffffffff,26.08818187362759,2022
111961.94342041016,51,8427913ffffffff,29.055937853303284,2022
2541.0301513671875,51,8426323ffffffff,26.00001393151144,2022
61927.174385818784,51,84288e9ffffffff,34.358926967281242,2022
776021.62233599485,51,84288a3ffffffff,44.784530361011093,2022
13352.975646972656,51,84278a3ffffffff,60.190628969643548,2022
616522.3665812175,51,842786dffffffff,43.600390531757419,2022
18001.060791015625,51,8426337ffffffff,25.78554317308096,2022
41380.284606933594,51,8412cb3ffffffff,26.984825560931096,2022
102003876.64557196,51,84288a7ffffffff,80.54298365948091,2022
102690.06207275391,51,842881bffffffff,30.957611937554503,2022
1036356.2496337891,51,8412db1ffffffff,46.538501826151382,2022
647.0411376953125,51,8426a59ffffffff,39,2022
113429.43194580078,51,84279dbffffffff,52.306469804754265,2022
3815.8258056640625,51,8428901ffffffff,39.497911897744174,2022
7036.59375,51,8426331ffffffff,23.998692269916528,2022
12679.769836425781,51,84278abffffffff,59.006151073928493,2022
225111.21405029297,51,842791bffffffff,31.798238879988979,2022
16667.358627977555,51,84288cdffffffff,39.206814406724348,2022
1209.4022216796875,51,8427a9dffffffff,34,2022
15031120.986476285,51,8427929ffffffff,66.246965312124118,2022
61029.412292480469,51,842795dffffffff,32.041345024938956,2022
27306.833346497777,51,84279d3ffffffff,26.533673030825604,2022
632.36749267578125,51,8428831ffffffff,38,2022
15338997.188077081,51,842796dffffffff,52.732893646928737,2022
92719.857727050781,51,8427921ffffffff,35.153165764289042,2022
18559.627807617188,51,84289b7ffffffff,40.771738213702321,2022
1205.57666015625,51,8412cb7ffffffff,28,2022
204852.00915527344,51,8426ad7ffffffff,48.930254011396265,2022
33908605.550348975,51,8427961ffffffff,64.123947191590332,2022
13352.271850585938,51,84279a1ffffffff,43.001583663667809,2022
7634851.9801180968,51,84288c7ffffffff,83.101375321852885,2022
1069506.4826049805,51,8427955ffffffff,35.351402102704292,2022
1245.2012939453125,51,8426367ffffffff,20,2022
36603.122192382812,51,8426ae7ffffffff,41.239383754314872,2022
708096.95444120513,51,84289d1ffffffff,47.523722232135036,2022
10975461.066771742,51,8426ad5ffffffff,63.425099173327382,2022
1856064.6959228516,51,842793bffffffff,68.61720929842069,2022
12344.1435546875,51,842793dffffffff,36.099235740347837,2022
1844400.6818237305,51,8427855ffffffff,72.736563818220574,2022
1349.172119140625,51,84261e3ffffffff,18,2022
5084.3036499023438,51,8427987ffffffff,34.873038887024371,2022
1900.3042602539062,51,842633dffffffff,24.333237555599343,2022
60071.592346191406,51,8427917ffffffff,28.749548718860662,2022
6351501.0943483841,51,8426151ffffffff,81.192788938068489,2022
13318992.076318355,51,84289d3ffffffff,73.035843895816967,2022
1252.87109375,51,842788dffffffff,64,2022
1975.1714477539062,51,8428849ffffffff,19.66413822796299,2022
7551.5772705078125,51,84279e7ffffffff,35.3279200180025,2022
21796119.810910933,51,842888dffffffff,84.6130975530053,2022
23433.807922363281,51,84278c5ffffffff,40.978688358951878,2022
10439375.268375412,51,8412c95ffffffff,65.711637711197838,2022
641.73876953125,51,8428801ffffffff,17,2022
65205.289245605469,51,8427aabffffffff,32.405032349851261,2022
38581896.959957823,51,8427947ffffffff,65.914449856043674,2022
22561488.975901164,51,842790dffffffff,59.454577376380058,2022
1322.4307861328125,51,8426a1bffffffff,26.496947574772094,2022
155959.48663617304,51,8427865ffffffff,28.339511842011277,2022
8481828.4368077889,51,8427965ffffffff,66.022463664664883,2022
12530.550415039062,51,8412d87ffffffff,26.528844732009421,2022
673814.44018339273,51,84288abffffffff,35.319860363970413,2022
603.375732421875,51,84289a7ffffffff,33,2022
1047623.2329467774,51,8427937ffffffff,37.552920708521583,2022
1835155.8578443341,51,8427809ffffffff,57.638520142950668,2022
36996003.672466919,51,842794dffffffff,66.159089153822947,2022
28225.439453125,51,8412d97ffffffff,30.510707802171758,2022
1278.19189453125,51,8428807ffffffff,31,2022
159105.79200152229,51,84288e5ffffffff,53.255942712311651,2022
4929577.5821858719,51,8427ae3ffffffff,68.334155907588567,2022
19155.645812988281,51,8428887ffffffff,33.870999206709918,2022
11013.21337890625,51,842783dffffffff,25.998685156515428,2022
20863.845275878906,51,8426ac3ffffffff,26.22649198414264,2022
1114900.2840576172,51,8427a81ffffffff,58.274534916451444,2022
15380066.753444297,51,8428885ffffffff,81.508246027233454,2022
13649.273846076516,51,84279d7ffffffff,36.456410533415259,2022
1313.0396728515625,51,8428aedffffffff,30,2022
32907.082275390625,51,8428907ffffffff,31.999727402208613,2022
658.921142578125,51,842612bffffffff,31,2022
313547.11634018843,51,8428923ffffffff,38.273830699155766,2022
66818.402282714844,51,8427827ffffffff,27.329145251719922,2022
2009.5810546875,51,8426aedffffffff,50.34329634742938,2022
26512973.524121575,51,84289d9ffffffff,84.022826685407821,2022
3035.8687744140625,51,84289bdffffffff,39.200000164858338,2022
1817.2020874023438,51,84288b7ffffffff,24.999338864937503,2022
1216.5347900390625,51,8428995ffffffff,49,2022
4951.5319156422338,51,8427837ffffffff,24.37400110587474,2022
3268.744140625,51,8428ae1ffffffff,22.806384373747086,2022
20940.747192382812,51,8426157ffffffff,27.531454575424668,2022
22119790.134283803,51,8427963ffffffff,55.820647060061511,2022
1460139.9772338867,51,8427851ffffffff,66.216306408218813,2022
1822.7611083984375,51,84289b9ffffffff,28.329920776498405,2022
2529.8059692382812,51,8427883ffffffff,31.500170851229004,2022
43003.511840820312,51,842885dffffffff,27.3511291159454,2022
9698.8072509765625,51,8428d65ffffffff,21.500018992448947,2022
1212796.9813232422,51,8427a89ffffffff,48.833497189197388,2022
1995551.2957296935,51,84288c5ffffffff,58.129890056065989,2022
3293.8444213867188,51,8428a35ffffffff,25.40106937384515,2022
44684.5859375,51,84279c1ffffffff,32.304183600499648,2022
1283.9866943359375,51,84278b7ffffffff,59,2022
30796.650329589844,51,8427841ffffffff,30.92178158707117,2022
10400.558410644531,51,8427823ffffffff,25.876674155063075,2022
7524.2645874023438,51,84279e5ffffffff,21.081962749243779,2022
32492.842102050781,51,8426a8dffffffff,26.52593378133302,2022
23760.277404785156,51,8412d99ffffffff,33.997897933687391,2022
656.0833740234375,51,842611dffffffff,23,2022
13288992.970953248,51,8427989ffffffff,45.771678251848364,2022
2435.9545288085938,51,8427821ffffffff,20.496791623114206,2022
7813.2076416015625,51,8428ae7ffffffff,23.919372514024005,2022
7653506.6300709443,51,84288a9ffffffff,66.144109120182051,2022
630.0086669921875,51,8427881ffffffff,46,2022
44895.912154612823,51,8426ae9ffffffff,33.088945696713473,2022
1278351.677165671,51,8427ac3ffffffff,47.391538524262131,2022
17357.929462268305,51,842880bffffffff,30.441937222535508,2022
474124.48950195312,51,8412d9dffffffff,38.380683855338958,2022
53444.656677246094,51,84279c5ffffffff,29.496547661165923,2022
668.004150390625,51,8428a11ffffffff,30,2022
625.05657958984375,51,84289e9ffffffff,33,2022
35185.760729980466,51,8426345ffffffff,42.138315358773156,2022
1207.9285278320312,51,8427805ffffffff,23,2022
2060.9962768554688,51,84261a3ffffffff,26.332984989085467,2022
5582.7913208007812,51,84279cbffffffff,21.775389324666943,2022
1921.1932373046875,51,8426335ffffffff,16.998222502075336,2022
36046.842590332031,51,84278e1ffffffff,49.997702770745576,2022
297368.26586914062,51,84279d5ffffffff,44.117653059012724,2022
39108255.92209138,51,84288a5ffffffff,78.122392701530117,2022
2907745.4331064261,51,8427ae1ffffffff,61.448571773691846,2022
1191.426513671875,51,8428d2dffffffff,14,2022
169221.65895397711,51,8412db9ffffffff,34.573141638202863,2022
7993319.87158251,51,8427967ffffffff,64.34710555515727,2022
4516155.5213012695,51,842785dffffffff,68.7785228239501,2022
62619.44139476103,51,84289a5ffffffff,32.118298946526,2022
12511.157958984375,51,8426121ffffffff,20.369652593115955,2022
31316.828788009345,51,84288ebffffffff,39.067957469441772,2022
109198.37754696117,51,84278edffffffff,54.895749403184446,2022
5039.09228515625,51,8427885ffffffff,63.124575244758731,2022
21403739.859163407,51,8427969ffffffff,56.245956236031738,2022
350077.44244384771,51,8428931ffffffff,65.198895726980112,2022
109895.99983317057,51,84278d7ffffffff,32.892321455424259,2022
1264.8860473632812,51,8428817ffffffff,24.501427555141305,2022
3273.1082153320312,51,8426a53ffffffff,34.994560423879157,2022
44335.884216308594,51,8427887ffffffff,62.414141654110217,2022
14562.779174804688,51,8426a11ffffffff,74.545588102199659,2022
4238398.1801815256,51,84279d9ffffffff,79.043316847741778,2022
1243.9417114257812,51,84289c7ffffffff,28,2022
70426.922485351562,51,8427ab5ffffffff,35.016432147297159,2022
13980648.027175725,51,8427857ffffffff,74.981024814214081,2022
27272.063720703125,51,8427983ffffffff,25.935654427702168,2022
13966.538269042969,51,8426339ffffffff,25.861826582642422,2022
93631.026977539062,51,8428903ffffffff,29.521717719630118,2022
3095.9569702148438,51,8426365ffffffff,17.400065144500473,2022
32764.777404785156,51,8427923ffffffff,39.919086614352004,2022
117038.93756103516,51,8427833ffffffff,35.881879039599326,2022
22909859.161439657,51,8427943ffffffff,60.647125538905854,2022
165922.32727050781,51,8428945ffffffff,47.226552956096747,2022
23949.441284179688,51,8426143ffffffff,22.86482149848316,2022
12692.607055664062,51,8427999ffffffff,27.493324437976142,2022
1238.1717529296875,51,842889bffffffff,28,2022
30200.616271972656,51,8427829ffffffff,29.138739157469747,2022
676.908203125,51,8426adbffffffff,18,2022
1345262.5555778951,51,8427845ffffffff,63.9259788581106,2022
12660.286560058594,51,8426117ffffffff,26.89479071670501,2022
3836.141845703125,51,8428aa3ffffffff,20.333782530805863,2022
3021424.7715490009,51,8427803ffffffff,62.542938485662177,2022
1695383.749206543,51,8426acdffffffff,64.932214562828577,2022
13080.110854444316,51,84288c1ffffffff,38.399044095858542,2022
13975.054748535156,51,84279abffffffff,28.363979835076623,2022
29393.162231445312,51,842792bffffffff,34.3131282277121,2022
8960.28466796875,51,8428955ffffffff,28.143218272277139,2022
1944.458251953125,51,8426065ffffffff,28.666700462464629,2022
1262.230224609375,51,8426303ffffffff,28.997154017479371,2022
24707.195007324219,51,8427927ffffffff,36.754086958460206,2022
28978.394287109375,51,8427a83ffffffff,28.144757704089262,2022
9538.6363525390625,51,8428905ffffffff,41.344793876374673,2022
3216.0009155273438,51,8428805ffffffff,23.400709920652613,2022
47474.953247070312,51,84279a9ffffffff,36.009857017095854,2022
2399805.1180991977,51,8427aa9ffffffff,68.4931021401888,2022
1879.3724975585938,51,8428837ffffffff,29.669766295974046,2022
652.6224365234375,51,8426a5bffffffff,42,2022
50048853.947021246,51,8427945ffffffff,65.713438649282736,2022
10182.259765625,51,8426315ffffffff,35.441312106332688,2022
2145815.0950927734,51,8427915ffffffff,70.341675065564758,2022
3148486.8736572266,51,84279e3ffffffff,83.5100133669899,2022
11731.093811035156,51,84279c9ffffffff,30.683182393279171,2022
2628.3450317382812,51,842884dffffffff,30.499968035059492,2022
4205834.9162784349,51,842785bffffffff,77.226781563243975,2022
3243.7598876953125,51,8428aa9ffffffff,26.200370031386509,2022
1077420.5896814684,51,8427839ffffffff,51.9885777892543,2022
2618.97900390625,51,8428aebffffffff,23.002476476456692,2022
646.78302001953125,51,8426147ffffffff,23,2022
203392.87185704848,51,842791dffffffff,27.62175252893687,2022
41681.499084472656,51,8428921ffffffff,37.325776744992432,2022
713391.15594482422,51,8427ab7ffffffff,56.2392396892397,2022
14653.927856445312,51,84278b9ffffffff,27.650766699717892,2022
7672.8187255859375,51,842633bffffffff,24.499942535072897,2022
13786.679626464844,51,8426025ffffffff,33.337426963022587,2022
53566.342041015625,51,8427ab3ffffffff,26.126094636079308,2022
347063.34918212891,51,8427939ffffffff,70.685003699707565,2022
1366.2706298828125,51,8426a99ffffffff,15,2022
53194.75326430377,51,8428993ffffffff,40.680685683585686,2022
3604.4948120117188,51,84289b5ffffffff,45.670532412745636,2022
197890055.71702135,51,84288adffffffff,84.288964295719069,2022
901000.56708984368,51,842899bffffffff,45.262547611294444,2022
644.1453857421875,51,8428853ffffffff,19,2022
2461.9813232421875,51,8427925ffffffff,36.748799950973179,2022
56300.329895019531,51,8426ac5ffffffff,23.107646242805938,2022
1062526.0080657359,51,8426a89ffffffff,50.766511535770427,2022
101920.35174560547,51,8427869ffffffff,27.461667937518396,2022
90107.695190429688,51,8427aa5ffffffff,29.732657010107502,2022
1960.389404296875,51,842602dffffffff,17.334024045565524,2022
12609.169924268535,51,84278a9ffffffff,34.533548759157796,2022
41146.327292049631,51,84279e9ffffffff,32.8182661796277,2022
23320.706176757812,51,8428939ffffffff,29.458802451644125,2022
26768.54833984375,51,8428881ffffffff,28.00123579066917,2022
631.69830322265625,51,8428911ffffffff,19,2022
54238.104553222656,51,842782bffffffff,28.339787027011436,2022
610040.83734011184,51,8428813ffffffff,71.054178405976245,2022
47903.980590820312,51,8427813ffffffff,39.83453111308485,2022
1234.9013671875,51,84289e3ffffffff,25.500002471256323,2022
1924012.5299072266,51,8427801ffffffff,69.69887386035515,2022
18277.298212986367,51,84288c3ffffffff,28.077075468347413,2022
11992.249206542969,51,842632bffffffff,21.526860817099521,2022
1202.8687744140625,51,84289b1ffffffff,31,2022
278156.47219525505,51,8412cb9ffffffff,33.24033590770329,2022
74419.12581140855,51,8428937ffffffff,40.440595966398604,2022
2459.4612426757812,51,8428985ffffffff,25.747406436495027,2022
46713.982177734375,51,8427957ffffffff,28.779582509232977,2022
709777.74591878254,51,8427981ffffffff,36.373936526526322,2022
37385.518249511719,51,84278a5ffffffff,44.8630175574201,2022
41383.726867675781,51,84279d1ffffffff,32.411514890644796,2022
113613464.42235173,51,84288a1ffffffff,85.77581876437435,2022
433847.09466552734,51,84278c1ffffffff,58.793779004209334,2022
36479.911827655866,51,8426addffffffff,20.869950884256387,2022
22702.276306152344,51,8428aadffffffff,34.171422696663683,2022
14536447.850787712,51,842790bffffffff,72.830941985766287,2022
2456.9708251953125,51,84289e7ffffffff,23.998442231165761,2022
790721.73156738281,51,84279cdffffffff,62.382983291203288,2022
8211.1199340820312,51,8426307ffffffff,18.075545553299992,2022
1501339.531399596,51,84278ddffffffff,63.565928551511135,2022
18639949.768342622,51,8412c93ffffffff,61.489434396371443,2022
3241.67724609375,51,8428809ffffffff,17.7998239933845,2022
39112.295104980469,51,8412d8bffffffff,37.533590699629443,2022
2617.5889282226562,51,842884bffffffff,22.005364009349591,2022
123217.53771972656,51,8426127ffffffff,27.298349724205782,2022
664.93115234375,51,8426135ffffffff,35,2022
168423.50335693359,51,84278cbffffffff,34.148155690591345,2022
17295.616027832031,51,8428803ffffffff,29.261517517508729,2022
5273.32177734375,51,8426125ffffffff,27.993924866684573,2022
62567.785275926777,51,84278e7ffffffff,49.628802586605474,2022
589131.39916298061,51,8426ac9ffffffff,26.807531423725337,2022
89365.744873046875,51,8426ad1ffffffff,43.10669411922904,2022
5762.3217163085938,51,8428909ffffffff,31.333439289759074,2022
11576.623779296875,51,842781bffffffff,36.051050341779515,2022
3822329.8341674805,51,8427899ffffffff,86.154076319402307,2022
636.0809326171875,51,8426327ffffffff,23,2022
43473.544189453125,51,8412d83ffffffff,35.819956979324658,2022
262283.76214599609,51,8412d95ffffffff,37.914911369166212,2022
66222536.639642671,51,84289dbffffffff,80.866394022082233,2022
40934.463745117188,51,842615bffffffff,30.974446299209209,2022
107546.46371400122,51,8426369ffffffff,57.333734515426379,2022
732046.75811767578,51,842893dffffffff,35.556055095612749,2022
1960657.4880945543,51,8427867ffffffff,70.537200443548585,2022
1073666.6399536133,51,842636dffffffff,73.364521006224265,2022
10904827.876919616,51,842798dffffffff,55.766763734999493,2022
17137.493347167969,51,8427ab1ffffffff,29.568933470571164,2022
12325.485412597656,51,84289d7ffffffff,38.845270602709896,2022
6345.7919921875,51,84279adffffffff,41.302460032107888,2022
9509.62109375,51,84278a1ffffffff,31.942542385117374,2022
57984.776553883275,51,842782dffffffff,23.488607610210551,2022
29104.463500976562,51,842615dffffffff,27.863817480610628,2022
8905.96337890625,51,842890bffffffff,28.999267115942821,2022
68621.616149902344,51,8426153ffffffff,27.997129285886217,2022
11182.265014648438,51,84279edffffffff,30.828260610774844,2023
15543.089416503906,51,8426ae3ffffffff,34.420875663360825,2023
18560028.426823404,51,842780bffffffff,85.500538822067384,2023
1274.6555786132812,51,8426317ffffffff,21.501902536956958,2023
21258.385192871094,51,842893bffffffff,33.147198682799178,2023
472321.91656494141,51,8427aa3ffffffff,67.0201428248624,2023
100437.54619020948,51,842783bffffffff,37.206109263418618,2023
2187489.6831662646,51,8412db3ffffffff,42.822531456473548,2023
163416.88677978516,51,8412dbbffffffff,38.095590624079342,2023
95185.562194824219,51,8427959ffffffff,28.14119029929801,2023
25281.555239209942,51,8426ac1ffffffff,25.4828336046681,2023
198996.29418945312,51,84278e3ffffffff,38.313133957826665,2023
593.684814453125,51,8427ad5ffffffff,46,2023
5451164.89624909,51,8412cbbffffffff,68.268900891003184,2023
1537348.7084350586,51,8427831ffffffff,44.602881974495283,2023
606.1756591796875,51,8428997ffffffff,32,2023
1285.0919799804688,51,8428aa1ffffffff,27.50118269117467,2023
1757926.3442993164,51,84278d3ffffffff,72.593683849376461,2023
23759.056396484375,51,8426139ffffffff,35.718066250333507,2023
11289.489624023438,51,8412d85ffffffff,23.835767816267417,2023
387190.344129136,51,8428927ffffffff,46.9505891929433,2023
2839780.3541384228,51,8427985ffffffff,61.52996787297996,2023
70985.750893267468,51,8427aa7ffffffff,35.565362831217286,2023
633752.05913038051,51,8427abdffffffff,49.320834260270708,2023
22050531.09988559,51,8427815ffffffff,71.528186184644085,2023
10098.363037109375,51,8426ad9ffffffff,24.93306466459855,2023
3113.8110961914062,51,8427933ffffffff,25.59745436987561,2023
8359517.2172241211,51,8427ae7ffffffff,65.0005416532922,2023
33737.567199707031,51,8427ac7ffffffff,32.5378050733428,2023
22419.166259765625,51,8426107ffffffff,20.912536207961971,2023
5651.2227783203125,51,8428833ffffffff,29.11349933622159,2023
16093.92822265625,51,84289e5ffffffff,37.5728535886966,2023
122332.32659912109,51,842786bffffffff,28.535703251095637,2023
538101.7416652306,51,8427889ffffffff,34.076179101165131,2023
6627.5284423828125,51,8427951ffffffff,31.996664487921244,2023
1911.3336181640625,51,8428811ffffffff,39.000175888519635,2023
10555889.201303521,51,84288e3ffffffff,81.458815154881776,2023
3085.6234741210938,51,8427835ffffffff,29.603355009128205,2023
7368.6857299804688,51,8427911ffffffff,28.166512846377586,2023
6569.4352416992188,51,8426119ffffffff,38.206613208342411,2023
16889.671020507812,51,8412da3ffffffff,33.293226750889353,2023
87674.5869140625,51,84288b1ffffffff,36.38253743838591,2023
173726.99517822266,51,8426a91ffffffff,25.832189569540681,2023
6323134.8465648005,51,84288e7ffffffff,74.9673867510345,2023
23515780.11009258,51,842796bffffffff,66.264108485417609,2023
656.45709228515625,51,8426a57ffffffff,17,2023
13198.884216308594,51,8427a8bffffffff,29.501577959218679,2023
1993.435791015625,51,842613bffffffff,24.334441789109349,2023
47843.104125976562,51,84278adffffffff,32.188696269013207,2023
2243525.4982910156,51,8427853ffffffff,80.96887366618968,2023
45631.708435058594,51,8426123ffffffff,28.142861928647473,2023
825764.42010498047,51,8427861ffffffff,58.721924451955,2023
1498303.9241493375,51,84278cdffffffff,60.558414083220363,2023
523210.90757745481,51,84288b5ffffffff,49.115261686253504,2023
1875.7771606445312,51,84288e1ffffffff,38.0014746491957,2023
17515.911193847656,51,84279ebffffffff,35.144706614736712,2023
24320.539489746094,51,84279c3ffffffff,34.307932984654144,2023
15553.64013671875,51,84279ddffffffff,28.880447519617327,2023
8061.2398071289062,51,8427931ffffffff,30.156441293024596,2023
296211.74566650391,51,8427b33ffffffff,34.578461710114006,2023
118525.75659179688,51,8427847ffffffff,33.243463208162339,2023
5388728.2249736711,51,8427ae5ffffffff,68.015211969340783,2023
928424.49528880394,51,8427aadffffffff,36.326261980864743,2023
10428.319519042969,51,84278c9ffffffff,33.645999237950143,2023
40422.598693847656,51,84278e5ffffffff,34.520395004886858,2023
12455.286254882812,51,8428933ffffffff,31.801442626238064,2023
14997644.664418658,51,8427b35ffffffff,49.504799389332121,2023
1074430.2337524414,51,8428b29ffffffff,80.15958091258733,2023
14707.523376464844,51,8428999ffffffff,26.210228983747111,2023
21460.017706657858,51,8428ae3ffffffff,24.428422857000513,2023
46384.147766113281,51,842799dffffffff,36.657705634913761,2023
10802.461791992188,51,8412dbdffffffff,26.004090796586837,2023
11615.427307128906,51,8427abbffffffff,30.20442459335516,2023
15189075.330218147,51,842794bffffffff,46.6224965794448,2023
4481.1559448242188,51,84278b1ffffffff,24.856494070581672,2023
11807134.807868987,51,8427b37ffffffff,63.281365420349083,2023
1247.6021728515625,51,84289ddffffffff,25.498840549307623,2023
22701.870178222656,51,8428915ffffffff,30.867358944942975,2023
20131.291908174404,51,8427ab9ffffffff,27.792762614575661,2023
17040.528930664062,51,842798bffffffff,32.772904380872255,2023
17684.547973632812,51,84289adffffffff,41.311193984679576,2023
27448.359069824219,51,8427919ffffffff,30.912223336473811,2023
1839.9429321289062,51,8427a97ffffffff,23.33338658594738,2023
591.06304931640625,51,8412de7ffffffff,23,2023
46837.595275878906,51,84278dbffffffff,33.763668574069357,2023
28302.256591796875,51,8426aebffffffff,26.166963263811223,2023
74947.619445800781,51,8428889ffffffff,24.176695423618682,2023
1190.20751953125,51,8428d21ffffffff,19,2023
8375.8199462890625,51,8427ad7ffffffff,33.562004963162643,2023
16419.443664550781,51,842892bffffffff,36.876568194331369,2023
8991.659423828125,51,8426333ffffffff,35.994163943761144,2023
6676.9727172851562,51,8426137ffffffff,39.802142475284704,2023
8914.603271484375,51,8428957ffffffff,42.499099460306077,2023
940099.20208740234,51,84278d9ffffffff,62.683753261183931,2023
16806.25732421875,51,8427863ffffffff,30.999512074868644,2023
22336.5705145144,51,8428b63ffffffff,28.220124122517035,2023
4616286.7987211337,51,84278d5ffffffff,65.926438485574835,2023
3575532.9730428066,51,8427811ffffffff,58.295838090448889,2023
1359370.8688842773,51,8427a87ffffffff,62.851593009572177,2023
1912.4834594726562,51,8428963ffffffff,30.000564049506529,2023
29627446.685138538,51,8412c97ffffffff,66.371407836251848,2023
1170879.073564118,51,84278d1ffffffff,60.561707088921359,2023
13545261.729797363,51,8427843ffffffff,76.324818423432887,2023
1236478.0438208487,51,8426ae1ffffffff,76.6010267804588,2023
59056.041931152344,51,8427a8dffffffff,30.545609577963617,2023
94426.347595214844,51,842614bffffffff,40.448913231274389,2023
6676.403076171875,51,8427a95ffffffff,39.090902098169835,2023
177246.11157226562,51,8427aa1ffffffff,33.2495663685009,2023
27306.382629394531,51,842891dffffffff,28.679145936337424,2023
1807.6807250976562,51,8428d67ffffffff,21.000055103411579,2023
4125153.7031692807,51,8427901ffffffff,55.331622190519042,2023
7171.3609619140625,51,8412dabffffffff,21.834161563084528,2023
668.40582275390625,51,8426133ffffffff,25,2023
1291.2454833984375,51,8428aabffffffff,33.499994327787519,2023
9052664.8109683767,51,84278c3ffffffff,74.397244151410632,2023
38912634.06153708,51,8427909ffffffff,56.82810913517384,2023
29215.417114257812,51,8428991ffffffff,31.185981740305213,2023
32946.893127441406,51,8427825ffffffff,23.686580130710432,2023
15003.364624023438,51,84279e1ffffffff,31.872164542876828,2023
1974.80615234375,51,8428ae9ffffffff,25.333343017498503,2023
17776.784729003906,51,84288bdffffffff,28.345700526914161,2023
4107917.9724793681,51,8412db7ffffffff,64.198729772838064,2023
5070.8004760742188,51,8428929ffffffff,24.623389120329147,2023
34311.442687988281,51,8428b2bffffffff,35.61897968889663,2023
70362.111999511719,51,84289edffffffff,32.420424280439768,2023
3592.423828125,51,8412d91ffffffff,42.831973558449015,2023
131478.50823974609,51,8427907ffffffff,43.285821424929992,2023
5883.3375854492188,51,842612dffffffff,24.6671249660101,2023
13573.361259909238,51,8428b07ffffffff,38.938870462634085,2023
7121330.4332203576,51,8427903ffffffff,54.452131131361106,2023
5224.7683715820312,51,8426101ffffffff,29.24957815244057,2023
3742576.3173828125,51,8427a85ffffffff,68.2003515584492,2023
63173.851155598961,51,84278c7ffffffff,40.416616326708883,2023
145615.28717041016,51,842780dffffffff,33.215126354669245,2023
20101086.314589795,51,8427859ffffffff,79.805240064450857,2023
597.46038818359375,51,8412dadffffffff,18,2023
6445.3492431640625,51,8426159ffffffff,36.001039804678385,2023
1819.4732666015625,51,8427953ffffffff,21.670664217844532,2023
195178.16192626953,51,842613dffffffff,31.227474727418024,2023
3776126.8149119657,51,8427905ffffffff,69.0890666988156,2023
2981.2833251953125,51,8412cb1ffffffff,23.998564407753403,2023
1295.2551879882812,51,8426165ffffffff,24.001196665959991,2023
12407263.079423493,51,8427949ffffffff,71.461187162871951,2023
10816.225036621094,51,842795bffffffff,31.665081407021361,2023
1840.2061767578125,51,84289a9ffffffff,26.666664455495731,2023
8667288.5379638672,51,8428935ffffffff,82.6301598657747,2023
11751.750061035156,51,8426361ffffffff,34.684421150849516,2023
633.31207275390625,51,842892dffffffff,28,2023
118370.93792724609,51,842792dffffffff,31.047109037404184,2023
13048020.866598928,51,8427817ffffffff,79.313399553663132,2023
2619.427734375,51,8428b27ffffffff,25.49794499596241,2023
27514.386662262561,51,8426ac7ffffffff,26.458418679528403,2023
3377285.3738367418,51,842788bffffffff,77.001734807684713,2023
55518737.819558546,51,842781dffffffff,81.1933509086514,2023
17549274.525915768,51,8427941ffffffff,61.589941036357963,2023
8491135.2266951017,51,8427819ffffffff,79.617007005082343,2023
859702.88732910156,51,84278ebffffffff,65.567352850521843,2023
641.6158447265625,51,8428aa5ffffffff,30,2023
1454977.7868041992,51,8427aebffffffff,56.591335332944574,2023
265946.96051025391,51,8427935ffffffff,37.880591690935141,2023
4636093.05258047,51,84278e9ffffffff,75.706621409831129,2023
36873.438537597656,51,84279c7ffffffff,34.627741286257489,2023
1893.3048095703125,51,8428925ffffffff,24.998740937512835,2023
44401.760559082031,51,8427807ffffffff,33.09275364165601,2023
20832.498168945312,51,842789dffffffff,30.876776426437797,2023
6469980.766139131,51,8412db5ffffffff,70.003295488795757,2023
1237.461181640625,51,842898dffffffff,28,2023
3250.3792114257812,51,8426155ffffffff,24.599984380578491,2023
617.23150634765625,51,8427913ffffffff,28,2023
1042434.0934448242,51,8412da7ffffffff,85.882851790179586,2023
1261.0818481445312,51,84288e9ffffffff,24.496521149293386,2023
3670.6271362304688,51,84288bbffffffff,21.499936456131078,2023
1633831.2304397882,51,84288a3ffffffff,54.065253304234368,2023
4450.533203125,51,84278a3ffffffff,40.428352145634761,2023
26080.762939453125,51,842786dffffffff,28.863456718564223,2023
3238.7581176757812,51,842894bffffffff,27.996532872600014,2023
514110.39886474609,51,8426337ffffffff,79.895754613194981,2023
29404.7958984375,51,8412cb3ffffffff,30.084507547464074,2023
110851701.1069908,51,84288a7ffffffff,74.866446705418866,2023
8926.181640625,51,842881bffffffff,28.1379816865436,2023
954824.49334932212,51,8412db1ffffffff,63.465505324972405,2023
1295.6241455078125,51,8426a59ffffffff,20,2023
28797.470947265625,51,84279dbffffffff,30.828915818438748,2023
29279.644348144531,51,8428901ffffffff,37.101756474093605,2023
3840.7739868164062,51,8426331ffffffff,35.000669217326724,2023
92998.232055664062,51,84278abffffffff,61.995474446557367,2023
5525.0213623046875,51,842791bffffffff,30.78123892602844,2023
4838.7159423828125,51,8427a9dffffffff,38.878171217309237,2023
7726568.2369729429,51,8427929ffffffff,70.966498986300749,2023
950454.26019454654,51,842795dffffffff,26.785288938593187,2023
17658.476318359375,51,84279d3ffffffff,30.613419741777857,2023
630.59625244140625,51,8428831ffffffff,36,2023
12076.261108398438,51,84278bdffffffff,36.790010371203486,2023
10874945.581437415,51,842796dffffffff,49.256619533987163,2023
29335.209228515625,51,8428b0dffffffff,34.931941350957473,2023
25785.939453125,51,8427921ffffffff,35.243735715666418,2023
4194.1220092773438,51,84289b7ffffffff,32.433498216112447,2023
373358.13330078125,51,8426ad7ffffffff,66.694207541777544,2023
11760563.912493538,51,8427961ffffffff,57.161498942368254,2023
635.94500732421875,51,84279a1ffffffff,38,2023
6199282.5121172741,51,84288c7ffffffff,82.7387861924101,2023
16955.194152832031,51,8428949ffffffff,42.538022654428254,2023
7853031.9336847039,51,8427955ffffffff,63.696665367432892,2023
2479.695556640625,51,84289ebffffffff,26.000004922794339,2023
2433.8562622070312,51,8428987ffffffff,41.999993605224319,2023
1215.794189453125,51,84288b3ffffffff,34,2023
512573.3982608571,51,84289d1ffffffff,58.179477808031947,2023
20743450.193340223,51,8426ad5ffffffff,77.509227145735935,2023
59481.115844726562,51,842793bffffffff,33.68764638735162,2023
7410.8735961914062,51,842793dffffffff,39.50103428393566,2023
4715596.5051025385,51,8427855ffffffff,78.484452165612211,2023
6989.5350341796875,51,8427987ffffffff,41.07713110128666,2023
1273.5112915039062,51,842633dffffffff,25.000400906600074,2023
30925.915649414062,51,8427917ffffffff,26.916551737465806,2023
6750911.9732055664,51,8426151ffffffff,81.737376143590822,2023
23514073.062476542,51,84289d3ffffffff,79.565822129084509,2023
1008252.393193503,51,842788dffffffff,85.291956940151024,2023
1883.9251098632812,51,84279e7ffffffff,28.99657800763417,2023
45608850.939971089,51,842888dffffffff,84.017869765720377,2023
392719.83752441406,51,84278c5ffffffff,39.686029478452795,2023
6220258.3528459137,51,8412c95ffffffff,76.733222138480585,2023
125771.28106689453,51,8427aabffffffff,32.546233047258269,2023
27245309.447213925,51,8427947ffffffff,72.558253272114285,2023
19242703.301945467,51,842790dffffffff,70.110259740180766,2023
181021.79974365234,51,8427865ffffffff,29.044015018117669,2023
23599.100158691406,51,8428b23ffffffff,37.276712223811565,2023
6025571.4986723065,51,8427965ffffffff,53.058027394644277,2023
10142.3173828125,51,8412d87ffffffff,26.413622490583958,2023
655.0322265625,51,8428841ffffffff,19,2023
2472.9739379882812,51,8428883ffffffff,20.9907650095805,2023
25000.464904785156,51,84278bbffffffff,30.10706808950772,2023
450140.87506103516,51,84288abffffffff,34.252927054555144,2023
1815.9321899414062,51,84289a7ffffffff,32,2023
69168.031664321,51,8427937ffffffff,35.862200563934231,2023
18025425.673814483,51,8427809ffffffff,79.9362806547513,2023
18901360.879334934,51,842794dffffffff,62.8030447360427,2023
12610.188781738281,51,8412d97ffffffff,39.995853616227805,2023
27499.729284428617,51,84288e5ffffffff,27.938823675903663,2023
9177142.3160352521,51,8427ae3ffffffff,69.479897690009153,2023
1232.5984497070312,51,8428887ffffffff,25.498976102522555,2023
42268.387817382812,51,842783dffffffff,32.738452009056374,2023
186461.05692928541,51,8426ac3ffffffff,37.824603960613459,2023
5832.126220703125,51,8428941ffffffff,36.555494658932425,2023
1735405.3496215821,51,8427a81ffffffff,64.807595104356636,2023
12735385.135210823,51,8428885ffffffff,76.312637608537884,2023
12610.509216308594,51,84279d7ffffffff,32.699930898505812,2023
31633.267272949219,51,8428907ffffffff,43.846443412243254,2023
22440.387268066406,51,842612bffffffff,24.94109956662659,2023
217223.75982666016,51,8428923ffffffff,33.955595702492545,2023
7361.115966796875,51,8427827ffffffff,31.078899171311352,2023
27422476.483587757,51,84289d9ffffffff,82.300000173349375,2023
4244.7145385742188,51,84289bdffffffff,29.143145291716838,2023
1968552.2802753523,51,84288b7ffffffff,76.9953090866118,2023
15359.537475585938,51,8426acbffffffff,24.347694443974877,2023
9172.002685546875,51,8428ae1ffffffff,25.711708149931791,2023
52663.112003820082,51,8426157ffffffff,30.55050756169322,2023
6490589.69461287,51,8427963ffffffff,66.103825142489015,2023
3131051.7120933384,51,8427851ffffffff,59.917196725726534,2023
5203.8057250976562,51,842885dffffffff,22.000084166916366,2023
603.05255126953125,51,8428d65ffffffff,15,2023
48270.2109375,51,8427a89ffffffff,27.025624129604793,2023
3402492.84767827,51,84288c5ffffffff,65.4608430992873,2023
661.35986328125,51,8428b03ffffffff,28,2023
1237.953125,51,84279c1ffffffff,25,2023
14498.002014160156,51,8426103ffffffff,34.502601843141058,2023
1956.286865234375,51,842894dffffffff,32.998001672542365,2023
103034.22039794922,51,8427841ffffffff,36.295005803069422,2023
34857.935607910156,51,8427823ffffffff,35.294590187486676,2023
627.32928466796875,51,84279e5ffffffff,33,2023
22982.925415039062,51,8426a8dffffffff,29.3215905893538,2023
663.62432861328125,51,8428133ffffffff,16,2023
5349.7506103515625,51,8412d99ffffffff,44.999069552677241,2023
660.0101318359375,51,8428b21ffffffff,25,2023
23343.638136919806,51,842611dffffffff,32.257213388787619,2023
77320.36328125,51,8427989ffffffff,32.869673243337516,2023
3656.0152587890625,51,8427821ffffffff,44.502734099815505,2023
3904.2506713867188,51,8428ae7ffffffff,26.011935859108387,2023
7148312.5262905955,51,84288a9ffffffff,66.58476757688247,2023
5318.2298607919729,51,8426ae9ffffffff,29.423405943512957,2023
13636.796264648438,51,8427ac3ffffffff,22.433609895604022,2023
837093.37939453125,51,8412d9dffffffff,56.968651934536119,2023
3111.782470703125,51,84279c5ffffffff,49.003718913143651,2023
3337.8251953125,51,8428a11ffffffff,24.398782520751578,2023
4831.3511352539062,51,8427805ffffffff,26.131370084590397,2023
3559.7810668945312,51,8412d81ffffffff,20.672161454500987,2023
35952.231079101562,51,84279cbffffffff,31.738500568841214,2023
120635.54608154297,51,84278e1ffffffff,36.14491140057978,2023
1253.5518798828125,51,84279d5ffffffff,27.999270237684968,2023
60521966.793304324,51,84288a5ffffffff,75.3849716815983,2023
5489077.7540307138,51,8427ae1ffffffff,73.385330298182723,2023
28210.742248535156,51,8412db9ffffffff,30.521178627913041,2023
4201794.12644019,51,8427967ffffffff,56.5109541639056,2023
9620038.2207258642,51,842785dffffffff,71.224779096425252,2023
35235.119812011719,51,84289a5ffffffff,33.857767453685838,2023
2636.2149047851562,51,8426121ffffffff,28.750785919855751,2023
3776.2591552734375,51,84288ebffffffff,34.674722043218523,2023
1272.102783203125,51,842799bffffffff,22.500167257361195,2023
601749.99456787109,51,84278edffffffff,89.7511717907988,2023
2648485.5628903853,51,8427885ffffffff,80.972533018811887,2023
8596010.3050453328,51,8427969ffffffff,57.231261956695668,2023
73823.565185546875,51,8428931ffffffff,38.97409105687391,2023
143172.22735595703,51,84278d7ffffffff,44.590177632660108,2023
3802.575439453125,51,8428817ffffffff,30.005662345029958,2023
3927.0838623046875,51,8426a53ffffffff,18.333754664302774,2023
3789.2664794921875,51,8427887ffffffff,41.505397615353893,2023
2381969.2186279297,51,84279d9ffffffff,79.743608616626261,2023
1241.8880615234375,51,8428899ffffffff,16,2023
1591890.3614169252,51,8427ab5ffffffff,80.702042644637714,2023
13522081.229214298,51,8427857ffffffff,79.870398677453878,2023
242799.84704589844,51,8427983ffffffff,62.636730383040941,2023
6358.8294677734375,51,84278a7ffffffff,38.400153337785369,2023
2539.0260009765625,51,8426339ffffffff,26.497490661043638,2023
6595.5833129882812,51,8426115ffffffff,32.998607697909677,2023
118317.17352294922,51,8428903ffffffff,31.530353826844131,2023
621.64288330078125,51,8426365ffffffff,54,2023
90644.295742139628,51,8427923ffffffff,35.837438754023246,2023
58547.856519751454,51,8427833ffffffff,34.949574297960552,2023
1857.890869140625,51,84289e1ffffffff,38.995401989061385,2023
45936968.051552445,51,8427943ffffffff,64.40792675482011,2023
1935.2786865234375,51,8426143ffffffff,32.999990917005846,2023
32359.135375976562,51,8427999ffffffff,31.781246697652357,2023
1235.591552734375,51,842889bffffffff,23.503662875374211,2023
5443.8220825195312,51,8427829ffffffff,32.444905467030573,2023
2028.9348754882812,51,8426adbffffffff,23.006121399964606,2023
3983.376220703125,51,8428a13ffffffff,22.999227471788423,2023
12448.88330078125,51,8427845ffffffff,33.6282838879052,2023
4942396.7789938543,51,8427803ffffffff,73.678414036768075,2023
141963.84564208984,51,8426acdffffffff,27.769298980953277,2023
34309.117248535156,51,84279abffffffff,45.273450875647271,2023
39755.885986328125,51,842792bffffffff,30.5090272968314,2023
6749.2124633789062,51,84288b9ffffffff,26.636397139325528,2023
20503.227172851562,51,8428955ffffffff,31.220047113867491,2023
17477.883178710938,51,8426065ffffffff,31.332892678071328,2023
3821.9802614698224,51,8426303ffffffff,22.329665286598509,2023
475094.65811312804,51,8427927ffffffff,32.999855698940763,2023
6354.431884765625,51,8427895ffffffff,30.803127319519284,2023
1045814.5267508712,51,8427a83ffffffff,61.14374224446005,2023
1279.0382080078125,51,842890dffffffff,25,2023
48310.976196289062,51,8428905ffffffff,36.329171563077658,2023
1055046.9908447266,51,8427aa9ffffffff,60.3273097786915,2023
1957.8842163085938,51,8426a5bffffffff,23.332843547636656,2023
22932213.81818058,51,8427945ffffffff,52.1085185358025,2023
15802.835650275734,51,8426315ffffffff,22.329032695440556,2023
4085424.3089755187,51,8427915ffffffff,70.2926988865835,2023
8035.931640625,51,84279c9ffffffff,29.314031444036637,2023
1127241.8154600854,51,842785bffffffff,48.890893505867446,2023
2592.8590087890625,51,8428aa9ffffffff,21.0008645194902,2023
1500998.2483254825,51,8427839ffffffff,50.035808834699907,2023
6559.2769775390625,51,8428aebffffffff,29.502779564524594,2023
576969.90143707884,51,842791dffffffff,36.505626806496458,2023
218867.82965087891,51,84288d5ffffffff,26.368647373745365,2023
20194.040649414062,51,8428921ffffffff,28.492819678966605,2023
1747945.4237060547,51,8427ab7ffffffff,63.924381672551668,2023
5759.66552734375,51,842633bffffffff,29.667510297101636,2023
5254.3629150390625,51,8426025ffffffff,29.375984489823967,2023
76396.855773925781,51,8427ab3ffffffff,38.422089935592759,2023
54779.3896484375,51,8427939ffffffff,35.922155596324352,2023
2560.815673828125,51,8427897ffffffff,31.500006292245637,2023
89217.954043399586,51,8426a99ffffffff,24.390314602579441,2023
10915.775573730469,51,8428993ffffffff,31.730506782760649,2023
200183311.888612,51,84288adffffffff,85.62293778631161,2023
1544937.9603668812,51,842899bffffffff,41.560040154435455,2023
18464.946228027344,51,8427925ffffffff,32.595380045340939,2023
4973.6828484030329,51,8426ac5ffffffff,25.752074344537995,2023
1940.7311401367188,51,8426161ffffffff,24.663185660732939,2023
3271.2583618164062,51,8428b35ffffffff,30.401115528559743,2023
825746.35297181364,51,8426a89ffffffff,60.725489953163816,2023
8911.3641357421875,51,8427869ffffffff,31.067004048319568,2023
1704981.6393913717,51,8427aa5ffffffff,68.572888834363468,2023
22902.059997558594,51,842602dffffffff,35.836117343695449,2023
59255.153869628906,51,84278a9ffffffff,30.123299684627309,2023
210313.591796875,51,84279e9ffffffff,58.78537142786378,2023
64865.487243652344,51,8428939ffffffff,36.40320417795035,2023
174463.09533691406,51,8428881ffffffff,25.768509011132373,2023
4422.743408203125,51,8428911ffffffff,33.572342489938343,2023
516452.16473388672,51,842782bffffffff,24.214895214804919,2023
504247.3673782649,51,8428813ffffffff,50.391603561309729,2023
18877.450256347656,51,8426167ffffffff,31.313201277080957,2023
57506.668457988664,51,8428b05ffffffff,56.721243853244296,2023
1252.594970703125,51,842630bffffffff,16,2023
94095.037502154184,51,8427813ffffffff,37.540968871067584,2023
615.17352294921875,51,84289e3ffffffff,28,2023
2873064.30670166,51,8427801ffffffff,69.717360685865714,2023
432656.91351318359,51,84288c3ffffffff,90.187458540303666,2023
280794.84844970703,51,8412cb9ffffffff,41.429177259537184,2023
151214.95888480393,51,8428937ffffffff,40.125919546826118,2023
2452.734375,51,8428985ffffffff,17.998593924191749,2023
246621.23521943935,51,8427957ffffffff,33.195403167956066,2023
3297.4223022460938,51,8428a27ffffffff,30.397040316563267,2023
22849556.707458496,51,8427981ffffffff,93.228826942884837,2023
45107.7685546875,51,84278a5ffffffff,46.936027586278563,2023
19453.9267578125,51,84279d1ffffffff,34.738628458761816,2023
115063346.74894756,51,84288a1ffffffff,82.926705386485352,2023
472296.94611457374,51,84278c1ffffffff,36.58421881676005,2023
53248.599566052006,51,8426addffffffff,27.172685347089487,2023
9628808.5297143068,51,842790bffffffff,55.025157538031536,2023
7385.4524536132812,51,84289e7ffffffff,31.916920522789582,2023
3092.1814575195312,51,84279cdffffffff,27.807934246808095,2023
2520.100341796875,51,8426307ffffffff,28.999983433974361,2023
2043489.4066521141,51,84278ddffffffff,56.886475353585105,2023
19690.345581054688,51,8426ad3ffffffff,26.3124445536025,2023
16402136.6218604,51,8412c93ffffffff,61.091586897075139,2023
1984.2462158203125,51,8428ac5ffffffff,22.333251204479623,2023
4732.6527099609375,51,8412d8bffffffff,24.500577045728605,2023
13944.951599121094,51,8426127ffffffff,26.952354412953625,2023
35907.582397460938,51,8426135ffffffff,28.815393762840916,2023
1568125.2424316406,51,84278cbffffffff,70.2784129012175,2023
13163.692687988281,51,84278e7ffffffff,30.821095697416684,2023
696022.54339599609,51,8426ac9ffffffff,42.707510604880376,2023
33857.675903320312,51,8426ad1ffffffff,26.819163229453849,2023
2561.6567993164062,51,8428909ffffffff,38.253274223118147,2023
35370.912719726562,51,842781bffffffff,37.438847205654355,2023
1686900.3275756836,51,8427899ffffffff,75.565339332052716,2023
5352.3056640625,51,8412d83ffffffff,25.219852738059551,2023
20963.473510742188,51,8412d95ffffffff,33.998168346141263,2023
72182103.434099987,51,84289dbffffffff,78.4706600249015,2023
18853.841064453125,51,842615bffffffff,31.963285836527245,2023
253056.65783691406,51,842893dffffffff,36.096464977471946,2023
2084032.7868041992,51,8427867ffffffff,70.803646372615219,2023
756503.51794433594,51,842636dffffffff,52.9773320777653,2023
5786232.3362498563,51,842798dffffffff,86.656299746321267,2023
26972.839172363281,51,8428b3dffffffff,43.393749282524894,2023
611348.57483915449,51,8427ab1ffffffff,52.099616923011823,2023
616.64373779296875,51,84289d7ffffffff,39,2023
24101.870910644531,51,84278a1ffffffff,30.924152370993895,2023
1901.7133178710938,51,8426311ffffffff,14,2023
2587.3407592773438,51,842615dffffffff,24.250392400592851,2023
29965.015869140625,51,842890bffffffff,31.8698393178308,2023
38567.920166015625,51,8426153ffffffff,30.640480928908133,2023
116012.31578799977,52,84279edffffffff,29.3298901790046,2022
23735908.332457539,52,842780bffffffff,70.712845086572969,2022
4464.71435546875,52,8426317ffffffff,21.426178060715888,2022
21886.447387695312,52,8427aa3ffffffff,27.274185542424039,2022
618929.01005596085,52,842783bffffffff,34.647298872918313,2022
2261410.3321222048,52,8412db3ffffffff,38.390718362007753,2022
45238.161193847656,52,8412dbbffffffff,30.473921915751564,2022
4468645.7166515868,52,8427959ffffffff,41.083838659694287,2022
4219.5850219726562,52,84271a1ffffffff,35.148206096533471,2022
76928.205139160156,52,84278e3ffffffff,36.946001510246361,2022
5945.7789306640625,52,8427ad5ffffffff,27.290545906375076,2022
8897730.9135988727,52,8412cbbffffffff,83.10521192337248,2022
16614706.085116038,52,8427831ffffffff,70.170707910494258,2022
2426.6874389648438,52,8428997ffffffff,25.743507577068318,2022
1300.5946655273438,52,8428843ffffffff,23.502275030723016,2022
3589.2861328125,52,8412cb5ffffffff,64.337066639023632,2022
1184.078125,52,8412d85ffffffff,33,2022
43252.780090332031,52,8428927ffffffff,26.941963554605721,2022
1735763.5189465093,52,8427985ffffffff,40.866852191469789,2022
475620.57788085938,52,8427aa7ffffffff,37.202314531929161,2022
1839.1891479492188,52,842634dffffffff,34.656224057955868,2022
20704.927551269531,52,8427abdffffffff,33.959915695193907,2022
625.72991943359375,52,8426305ffffffff,25,2022
1292.1956787109375,52,8428855ffffffff,19,2022
30946759.987727623,52,8427815ffffffff,71.499459750126746,2022
10993.461963369333,52,8427933ffffffff,27.679167015962545,2022
120176500.98480895,52,8427ae7ffffffff,81.120121033337213,2022
175298.51690673828,52,8427ac7ffffffff,33.198481433788018,2022
3140.837158203125,52,8428833ffffffff,21.800643306200786,2022
604.14892578125,52,84289a3ffffffff,36,2022
8096228.2107103532,52,842786bffffffff,62.1391097797095,2022
61261.982971191406,52,8427889ffffffff,32.126817556238045,2022
104704.37780618106,52,8427951ffffffff,26.604084062064544,2022
1687393.4119262698,52,84288e3ffffffff,70.319853774851765,2022
35732.935180664062,52,8427835ffffffff,30.962229777001188,2022
1152082.4704498891,52,8427911ffffffff,77.314349365514147,2022
27594.25048828125,52,8426119ffffffff,27.691194339711952,2022
7238.610107421875,52,8427a99ffffffff,17.50131998691236,2022
172864.73187255859,52,84288e7ffffffff,30.780068825879113,2022
42585362.966211177,52,842796bffffffff,52.937973233000761,2022
40737.365905761719,52,8427a8bffffffff,27.398065260908162,2022
1298.99609375,52,8426109ffffffff,20,2022
1776.3599243164062,52,8427addffffffff,21.337492412094456,2022
122284.55682373047,52,84278adffffffff,32.135187835249823,2022
808123.58324405446,52,8427a91ffffffff,49.60923947255084,2022
23366027.835896332,52,8427853ffffffff,72.221407505517959,2022
12793866.883235678,52,8427861ffffffff,63.141372970536608,2022
19201279.286166083,52,84278cdffffffff,72.385231109146815,2022
134975.53129667393,52,842881dffffffff,40.040832530797886,2022
7509.6840209960938,52,84288e1ffffffff,28.000219825210554,2022
128676.96948242188,52,84279ebffffffff,23.40775739237343,2022
91710.239141247323,52,84279c3ffffffff,28.555872608290475,2022
1247627.7777099609,52,84279ddffffffff,62.318829406491169,2022
2993.8805541992188,52,84271adffffffff,35.203718180103664,2022
32218.024658203125,52,8427931ffffffff,29.269588253945674,2022
7298743.6839858117,52,8427b33ffffffff,49.407093935065525,2022
14764591.972507128,52,8427847ffffffff,79.7676631173395,2022
184669400.73058408,52,8427ae5ffffffff,83.308811000733485,2022
38287902.62113899,52,8427aadffffffff,75.671790414685333,2022
105402.41540527344,52,84278c9ffffffff,31.724314531750743,2022
107641.64837646484,52,84278e5ffffffff,31.891113505055536,2022
632.21588134765625,52,8428f65ffffffff,40,2022
18530710.517401956,52,8427b35ffffffff,55.752839362087066,2022
2455.031982421875,52,8428999ffffffff,18.497469622291032,2022
651.52728271484375,52,8428ae3ffffffff,23,2022
59738.725769042969,52,842799dffffffff,29.766808946832743,2022
1201.7567749023438,52,8412dbdffffffff,26.503292375465747,2022
4894.1296997070312,52,8427abbffffffff,24.251041034005421,2022
47562973.798324518,52,842794bffffffff,57.856179161325556,2022
25583908.453032851,52,8427b37ffffffff,72.7050813951626,2022
623.08050537109375,52,8426309ffffffff,23,2022
8096.3534545898438,52,84289ddffffffff,25.923116044922658,2022
1262.878662109375,52,8428915ffffffff,39,2022
3782.497314453125,52,8428f67ffffffff,27.997290779403926,2022
446310.75982666016,52,8427ab9ffffffff,38.765785274037022,2022
1326.4913330078125,52,84281ebffffffff,28,2022
1251.345703125,52,8426329ffffffff,41,2022
176497.95648193359,52,842798bffffffff,24.964299119537205,2022
227743.57012939453,52,8427919ffffffff,28.114998226890041,2022
103961.58996582031,52,8427a97ffffffff,27.408017067672059,2022
623.6866455078125,52,8428889ffffffff,16,2022
4796.4375610351562,52,8427ad7ffffffff,22.123631426435683,2022
13232.087585449219,52,842892bffffffff,30.620230166054519,2022
14778.444091796875,52,8426333ffffffff,33.304458573803991,2022
636.6656494140625,52,8428957ffffffff,23,2022
7446.8770141601562,52,84278d9ffffffff,22.168076892748296,2022
461780.38220214844,52,8427863ffffffff,32.142408844531538,2022
2594165.5653076172,52,84278d5ffffffff,59.768514855959253,2022
30239610.297367111,52,8427811ffffffff,73.7752487015833,2022
59220.692443847656,52,8427a87ffffffff,29.079982054513437,2022
637.19085693359375,52,8428963ffffffff,28,2022
51360231.988494277,52,8412c97ffffffff,65.0567359445573,2022
11235.118713378906,52,84278d1ffffffff,26.225339616854836,2022
91325032.3664345,52,8427843ffffffff,80.744917412052914,2022
1998.7068481445312,52,84281edffffffff,31.334547700870921,2022
3548839.5678959866,52,8427a8dffffffff,51.97483619103415,2022
1189.5472412109375,52,8427adbffffffff,17,2022
14591.9609375,52,8427a95ffffffff,23.46226490526676,2022
12871516.41739526,52,8427aa1ffffffff,59.427483742616651,2022
2535.092529296875,52,842891dffffffff,33.507633810903762,2022
28766.24609375,52,8427a93ffffffff,30.274781584869366,2022
4517505.614152018,52,8427901ffffffff,59.753340262438734,2022
278567.12823486328,52,84278c3ffffffff,31.46448731222296,2022
12292579.253445731,52,8427909ffffffff,48.992043540935889,2022
10344.8759765625,52,8428991ffffffff,29.413340591323472,2022
451106.15313720703,52,8427825ffffffff,30.023884079689733,2022
90700.820068359375,52,84279e1ffffffff,31.375588162623394,2022
634.10699462890625,52,8428839ffffffff,18,2022
7789.6634521484375,52,8426067ffffffff,27.081650867176229,2022
9609.1788930855546,52,8426301ffffffff,33.797997832471161,2022
6502300.5485133743,52,8412db7ffffffff,76.875038508794148,2022
14598.880065917969,52,8428929ffffffff,32.218398083773842,2022
31182.583129882812,52,8427907ffffffff,28.901173661283124,2022
628.083984375,52,8428913ffffffff,74,2022
4153797.6408021217,52,8427903ffffffff,56.719954208132705,2022
641.369873046875,52,8428a97ffffffff,37,2022
1964.6619873046875,52,8426101ffffffff,28.333353091622357,2022
4266401.2256304575,52,8427a85ffffffff,64.028047404900548,2022
58802.906205001535,52,84278c7ffffffff,36.239798142677685,2022
11758070.733702894,52,842780dffffffff,71.751475302897248,2022
133819422.66050065,52,8427859ffffffff,80.28682440860743,2022
2491188.6405204027,52,8426159ffffffff,71.460598705203068,2022
92023.053833007812,52,8427953ffffffff,30.218996649633976,2022
17453.418029785156,52,842630dffffffff,23.572697905513358,2022
1405878.655496994,52,8427905ffffffff,29.627489883879129,2022
50398199.124175906,52,8427949ffffffff,59.71883677593204,2022
1834170.0980495077,52,842795bffffffff,34.732200953416694,2022
3679.7847290039062,52,84289a9ffffffff,28.833339677711873,2022
101285.49334716797,52,8428935ffffffff,31.838479977218491,2022
117200.98693847656,52,842792dffffffff,28.969291483677527,2022
5014558.64906676,52,8427817ffffffff,66.789367673276146,2022
68838077.529372722,52,842781dffffffff,75.361751843748209,2022
72902713.325034946,52,8427941ffffffff,59.05852789543642,2022
21365058.596684236,52,8427819ffffffff,71.513882997429931,2022
669449.122631836,52,84278ebffffffff,51.647413917898781,2022
642.51678466796875,52,8428aa5ffffffff,18,2022
6558006.8738283645,52,8427aebffffffff,53.357269365876526,2022
3218.4069213867188,52,8428857ffffffff,22.598026708664467,2022
103773.86791992188,52,8427935ffffffff,30.725939070779894,2022
3187885.2518353621,52,84278e9ffffffff,61.910994705325486,2022
506215.71497347963,52,84279c7ffffffff,36.609800949853636,2022
3788.2044067382812,52,8428925ffffffff,35.49998165660616,2022
571635.62932200707,52,8427807ffffffff,29.854496408592926,2022
19978.936828613281,52,8412db5ffffffff,34.218533311851154,2022
1233.77490234375,52,842898dffffffff,42,2022
7131.647216796875,52,8426155ffffffff,22.454549435735789,2022
1566170.2384033203,52,8427913ffffffff,58.131103613750355,2022
3157.1956176757812,52,84288e9ffffffff,27.603571721521472,2022
1273.8802490234375,52,8428815ffffffff,39,2022
445614.73983752681,52,84288a3ffffffff,36.182987551048633,2022
2543.1326293945312,52,84278a3ffffffff,37.999692632135243,2022
24623308.806029558,52,842786dffffffff,65.385654629659157,2022
1264964.7585274491,52,8426337ffffffff,47.375736499575588,2022
22204.743286132812,52,8412cb3ffffffff,35.054743832803752,2022
144137741.22060356,52,84288a7ffffffff,76.375474814607514,2022
278390.02623434627,52,8412db1ffffffff,34.65098585982696,2022
127847.85791015625,52,84279dbffffffff,31.149106772353658,2022
25589.609069824219,52,8426331ffffffff,29.652102268101295,2022
42381.63525390625,52,84278abffffffff,43.308941465816524,2022
224131.00744628906,52,842791bffffffff,29.674633291125559,2022
3019.69921875,52,8427a9dffffffff,29.005039216770605,2022
12600210.045274204,52,8427929ffffffff,59.9059497913779,2022
2077531.0112141918,52,842795dffffffff,55.254720167460292,2022
57976.844970703125,52,84279d3ffffffff,33.490872774727968,2022
7232050.3825334143,52,842796dffffffff,57.21143337944477,2022
1202.6319580078125,52,84271abffffffff,20,2022
41135.815734863281,52,8427921ffffffff,28.029497733505494,2022
967219.90555132693,52,84289b7ffffffff,57.854732407563326,2022
2399.4817504882812,52,8412cb7ffffffff,36.749385783759813,2022
25253136.650649369,52,8427961ffffffff,55.064313598196684,2022
1908.3255615234375,52,84279a1ffffffff,20.666557282692263,2022
1254.394775390625,52,84288c7ffffffff,18,2022
2708401.7884722538,52,8427955ffffffff,38.645806256116742,2022
595.8262939453125,52,84271e7ffffffff,39,2022
15214.531433105469,52,8428987ffffffff,33.9598073384714,2022
16011.176000976562,52,84271a7ffffffff,35.7440657577027,2022
48589.7924230239,52,84289d1ffffffff,34.905468241743286,2022
98472.865946451813,52,842793bffffffff,32.549614931075986,2022
5565.5335083007812,52,842793dffffffff,34.110964667585328,2022
52826241.131069534,52,8427855ffffffff,71.591591776576976,2022
6350.275634765625,52,8427987ffffffff,31.400598345398162,2022
2538.613037109375,52,842633dffffffff,24.502724039899757,2022
159492.26544189453,52,8427917ffffffff,36.880409704382807,2022
143716.65242106118,52,8426151ffffffff,54.97712737081212,2022
12205.338745117188,52,84289abffffffff,37.838062297337522,2022
5978366.3842143947,52,84289d3ffffffff,65.750163579313579,2022
308526.44226074219,52,842788dffffffff,41.740599909288363,2022
19514.561645507812,52,84279e7ffffffff,30.814638415827915,2022
44994.502990722656,52,842888dffffffff,28.168474217791715,2022
4218755.164185049,52,84278c5ffffffff,72.043953371415256,2022
12483505.056976676,52,8412c95ffffffff,69.241803408134274,2022
6000.8276977539062,52,84271a9ffffffff,33.003798802535385,2022
602.2470703125,52,84271a5ffffffff,35,2022
5428944.7014851887,52,8427aabffffffff,69.171378065895865,2022
52362417.842619561,52,8427947ffffffff,63.690060512866509,2022
18723605.759928863,52,842790dffffffff,45.904341014114173,2022
6411282.0040082149,52,8427865ffffffff,54.701753564415021,2022
6114.775634765625,52,8426349ffffffff,34.701885603363493,2022
859183.55581102567,52,8427965ffffffff,28.714649395451417,2022
1196.3048095703125,52,8412d87ffffffff,36,2022
653.04437255859375,52,8428841ffffffff,15,2022
11092.570190429688,52,84288abffffffff,28.773835482173581,2022
153665.18438720703,52,8427937ffffffff,31.634156987026071,2022
31088154.771771364,52,8427809ffffffff,70.606749783423027,2022
40487755.944265328,52,842794dffffffff,69.880489891399748,2022
3602.2833251953125,52,8412d97ffffffff,24.166570512510969,2022
11245.789001464844,52,84288e5ffffffff,33.564944532433408,2022
47628900.370337158,52,8427ae3ffffffff,73.782316676938663,2022
3274989.9592285156,52,842783dffffffff,36.821387533803609,2022
49186.475280761719,52,8427a81ffffffff,26.757004586679546,2022
50602.898559809662,52,8428885ffffffff,31.432654049766853,2022
14502.142883300781,52,84279d7ffffffff,29.701062518504337,2022
460085.38543701172,52,8426341ffffffff,52.261118344671651,2022
8860.689453125,52,8428907ffffffff,25.070645334422384,2022
388369.98754882812,52,8428923ffffffff,45.341994708422611,2022
101315.23380892884,52,8427827ffffffff,29.267373973947425,2022
3402721.86104114,52,84289d9ffffffff,57.344150480694921,2022
9109.92626953125,52,84289bdffffffff,36.265801888650714,2022
22080.548095703125,52,8428981ffffffff,38.722485630972585,2022
22918.164056516162,52,8427837ffffffff,36.119942677208073,2022
85064.336181640625,52,8426157ffffffff,32.574221210513514,2022
16985512.919173896,52,8427963ffffffff,43.257950583737333,2022
99622331.98187378,52,8427851ffffffff,78.67692491518261,2022
10930.1533203125,52,84289b9ffffffff,43.45112345886438,2022
8471.5516357421875,52,842885dffffffff,26.698446565856592,2022
18465.604370117188,52,8427a89ffffffff,29.166678088830313,2022
21466.296752929688,52,84288c5ffffffff,28.528706897189505,2022
3293.5181884765625,52,8428a35ffffffff,32.599998977039007,2022
3635.7479248046875,52,84271a3ffffffff,37.491237507112452,2022
113081.27996826172,52,84279c1ffffffff,26.660292347392453,2022
34972159.513218775,52,8427841ffffffff,84.7868900012802,2022
616526.14190673828,52,8427823ffffffff,32.906312085909065,2022
26955.524169921875,52,84279e5ffffffff,28.835330907637417,2022
1331.2125854492188,52,8428133ffffffff,33.503727432920535,2022
6533.7703857421875,52,8412d99ffffffff,35.359410814983981,2022
2622.5341186523438,52,842611dffffffff,27.753338160691733,2022
21291088.156372793,52,8427989ffffffff,64.687995685279034,2022
87680.494201660156,52,8427821ffffffff,28.996341835230918,2022
420387.34716796875,52,84288a9ffffffff,33.1370681566374,2022
2372.62841796875,52,8412cbdffffffff,40.499079467305243,2022
20150.752197265625,52,8427ac3ffffffff,23.762453481588565,2022
53844.587287454044,52,842880bffffffff,35.950385831066733,2022
70706.415649414062,52,8412d9dffffffff,28.857246063048823,2022
28637.106985533472,52,84279c5ffffffff,26.697819658867481,2022
860202.93463134766,52,8426345ffffffff,51.226702126039619,2022
38059.225830078125,52,8427805ffffffff,33.4834925378337,2022
5727.1920166015625,52,8427991ffffffff,27.11121429416535,2022
79492.392578125,52,84279cbffffffff,28.974717165963085,2022
4476.628173828125,52,8426335ffffffff,26.859738859633875,2022
210878.21215820312,52,84278e1ffffffff,36.6566088994502,2022
102705.82525634766,52,84279d5ffffffff,34.163444966643389,2022
22582733.359957587,52,84288a5ffffffff,74.010884988362292,2022
45014945.756822526,52,8427ae1ffffffff,70.155064228834689,2022
26413.013305664062,52,8412db9ffffffff,27.615265619029113,2022
2442829.0853594611,52,8427967ffffffff,42.612258561034338,2022
120900273.58224598,52,842785dffffffff,79.827367439774392,2022
9121.778076171875,52,84289a5ffffffff,27.931280644281426,2022
3814.4964599609375,52,842799bffffffff,30.667495520964223,2022
120608.90997314453,52,84278edffffffff,31.495046412342219,2022
1393837.2604370117,52,8427885ffffffff,64.36092190390174,2022
13043953.59481249,52,8427969ffffffff,44.109473457915144,2022
13144.3408203125,52,8428931ffffffff,27.479460823355168,2022
3666.0552978515625,52,8428983ffffffff,33.337619648162438,2022
1904.0381469726562,52,8428817ffffffff,27.669439158736985,2022
7584.5219116210938,52,8427887ffffffff,21.748877499966664,2022
832971.19618398626,52,84279d9ffffffff,32.640843413523605,2022
23871.434326171875,52,8427ab5ffffffff,26.002006043932752,2022
29364145.496077955,52,8427857ffffffff,73.18531940654556,2022
46913.637145996094,52,8427983ffffffff,26.230163760682828,2022
33705.801940917969,52,84278a7ffffffff,40.755622372577584,2022
6349.0491333007812,52,8426339ffffffff,26.793673419027925,2022
6326.9189453125,52,8428903ffffffff,30.20036953416276,2022
9272.0042114257812,52,8427923ffffffff,38.065950898568815,2022
556164.37898667273,52,8427833ffffffff,35.43304421352537,2022
25373.488647460938,52,84289e1ffffffff,37.901465192717396,2022
33924208.42517592,52,8427943ffffffff,53.303598931461529,2022
45725.780151367188,52,8427999ffffffff,40.707831897089712,2022
161931.21844482422,52,8427829ffffffff,31.846742210931517,2022
109593.75317382812,52,8427845ffffffff,32.333734722321985,2022
2460.8313598632812,52,842634bffffffff,38.249818537560436,2022
5234867.9213498579,52,8427803ffffffff,54.402355235127,2022
7421.30322265625,52,8426347ffffffff,24.085548843927384,2022
18689.999223537074,52,84279abffffffff,30.373868487972651,2022
18369.013122558594,52,842792bffffffff,30.965627017526714,2022
4524.1912841796875,52,8426065ffffffff,21.571682476810928,2022
42195.619331389782,52,8426303ffffffff,26.504250851275849,2022
12979.182312011719,52,8427927ffffffff,25.952982075699715,2022
2485281.0733642578,52,8427a83ffffffff,59.8310320047612,2022
276333.206317737,52,8427a9bffffffff,47.636187265122949,2022
13374.561828613281,52,8428905ffffffff,31.285938165112476,2022
13930.219848632812,52,84279a9ffffffff,28.773039441732635,2022
34583169.48712565,52,8427aa9ffffffff,79.790384475807116,2022
1885.3323974609375,52,8428837ffffffff,25.325151445714866,2022
79472635.454312667,52,8427945ffffffff,65.6612006626167,2022
3648227.6470669629,52,8427915ffffffff,66.532525785841273,2022
34581.900451660156,52,84279e3ffffffff,30.223100520488138,2022
24096.948930328967,52,84279c9ffffffff,32.9516850514361,2022
656.77923583984375,52,842884dffffffff,52,2022
108283463.72288769,52,842785bffffffff,81.474081912492451,2022
1294.1432495117188,52,8428aa9ffffffff,28,2022
1384891.8446877874,52,8427839ffffffff,38.472930850381736,2022
2283489.5789598655,52,842791dffffffff,55.06199547143774,2022
1894.2601928710938,52,8428921ffffffff,24.005614881948798,2022
143940.24334716797,52,8427ab7ffffffff,34.942032665637285,2022
1238.5025634765625,52,8426343ffffffff,22.500047753689131,2022
4470.5662841796875,52,842633bffffffff,29.290388065886354,2022
4599.0114135742188,52,8426025ffffffff,24.858809020063291,2022
16357.033286898744,52,8427939ffffffff,32.321504113970057,2022
3639.6650390625,52,8428993ffffffff,37.684398877171745,2022
353706.06516687729,52,84289b5ffffffff,54.779346600990479,2022
14899405.304436177,52,84288adffffffff,61.710664562156346,2022
141148.60349121093,52,842899bffffffff,33.636533574060117,2022
1847.1412963867188,52,8427925ffffffff,31.997510702887165,2022
8847.9180297851562,52,842883bffffffff,28.714288986027448,2022
3702980.7448687386,52,8427869ffffffff,49.771250140318763,2022
9788356.6188359279,52,8427aa5ffffffff,67.753134800397547,2022
3912.2948608398438,52,842602dffffffff,26.168171132799667,2022
24542.642456054688,52,84278a9ffffffff,34.155566821333927,2022
2235103.6006469727,52,84279e9ffffffff,75.375172162900157,2022
13845.990112304688,52,8428939ffffffff,32.771419284219064,2022
6849057.7928950293,52,842782bffffffff,60.575791586856049,2022
6333.3438110351562,52,8428813ffffffff,24.907963161746284,2022
1253.375244140625,52,842630bffffffff,19,2022
442065.85865119484,52,8427813ffffffff,31.618939572996549,2022
17288635.30750804,52,8427801ffffffff,70.7682472354707,2022
3791.04541015625,52,842632bffffffff,23.993101129679431,2022
601.49981689453125,52,84289b1ffffffff,47,2022
59776.248178758804,52,8412cb9ffffffff,29.437216049173667,2022
8075.7656860351562,52,8428937ffffffff,27.459798571338364,2022
6753.7606201171875,52,8428985ffffffff,43.181967025496341,2022
2896972.5399067,52,8427957ffffffff,74.590549672926542,2022
5430816.268998689,52,8427981ffffffff,36.932651633662879,2022
4493.9779663085938,52,842606dffffffff,21.57252796049292,2022
126237.91680908203,52,84278a5ffffffff,34.474437811304888,2022
74644.180969238281,52,84279d1ffffffff,33.118058856052592,2022
43099430.671561934,52,84288a1ffffffff,73.786980412993771,2022
7578292.0893188473,52,84278c1ffffffff,68.039809309487424,2022
3703517.1134878122,52,842790bffffffff,52.098344561678218,2022
4923.3060913085938,52,84289e7ffffffff,35.4960547867487,2022
216527.84760478899,52,84279cdffffffff,31.221092072107815,2022
1889.6380615234375,52,8426307ffffffff,18.3332406540992,2022
783514.63928222656,52,84278ddffffffff,58.140780774707217,2022
15141931.170644961,52,8412c93ffffffff,58.330642801983373,2022
25453.343933105469,52,8412d8bffffffff,31.34382455374589,2022
74148.8148803711,52,84278cbffffffff,25.582714660661459,2022
22419.458129882812,52,8428803ffffffff,31.230825433431818,2022
45108.389221191406,52,84278e7ffffffff,28.664607164214459,2022
5941833.563557704,52,842781bffffffff,66.575190065220852,2022
2396.7826310700061,52,8412d83ffffffff,32.435612528123833,2022
27527.357078402649,52,8412d95ffffffff,30.28452211852758,2022
12166222.842916574,52,84289dbffffffff,75.367008436566536,2022
635.44830322265625,52,8428ab3ffffffff,30,2022
1059693.421341002,52,842615bffffffff,75.0105102824625,2022
3080.6459350585938,52,8426369ffffffff,19.601153049167397,2022
275266.6787109375,52,842893dffffffff,33.659932079749979,2022
8703345.3999564387,52,8427867ffffffff,84.370154875034956,2022
3685.5281982421875,52,842636dffffffff,18.333633977411186,2022
11106636.946719181,52,842798dffffffff,59.112598587616255,2022
1084291.8704223633,52,8427ab1ffffffff,65.467523868435421,2022
6335.7457275390625,52,84279adffffffff,30.495934535164047,2022
275670.67498779297,52,84278a1ffffffff,36.290020672614588,2022
1261.9315795898438,52,84288dbffffffff,34.999452298269929,2022
75577.701416015625,52,842782dffffffff,31.854221855375616,2022
6468.6797485351562,52,842615dffffffff,36.603785023744742,2022
1278.80322265625,52,842890bffffffff,15,2022
15036.237670898438,52,8426153ffffffff,31.299267011671404,2022
31728.705627441406,52,84279edffffffff,36.457719402353611,2023
8148477.7933117431,52,842780bffffffff,75.211393285747377,2023
6256.6777954101562,52,842893bffffffff,25.800827687924723,2023
135131.11346435547,52,8427aa3ffffffff,28.266175213060521,2023
1244.23486328125,52,8426355ffffffff,18,2023
309270.40325927734,52,842783bffffffff,40.13281930065542,2023
1394606.5907803406,52,8412db3ffffffff,38.451059040356107,2023
69990.570617675781,52,8412dbbffffffff,29.673717647280487,2023
5969658.122904459,52,8427959ffffffff,44.899300326831259,2023
37555.512939453125,52,84278e3ffffffff,33.447606083210893,2023
5961.8718872070312,52,8427ad5ffffffff,24.401952229207517,2023
8922894.574407598,52,8412cbbffffffff,74.40718385121599,2023
9291369.8927107267,52,8427831ffffffff,68.060866661780068,2023
598.7906494140625,52,8412cb5ffffffff,25,2023
47045.675231933594,52,8428927ffffffff,32.1366603084675,2023
169330.76385498047,52,8427985ffffffff,57.982773494015,2023
260897.689453125,52,8427aa7ffffffff,32.768496853640478,2023
105946.44763183594,52,842634dffffffff,36.555690052860911,2023
125261.5519732307,52,8427abdffffffff,36.298008348561204,2023
903738.54547119141,52,8426305ffffffff,67.72207619610414,2023
647.16876220703125,52,8428855ffffffff,19,2023
39127204.325790346,52,8427815ffffffff,78.51033415176218,2023
5611.7173461914062,52,8427933ffffffff,32.888472787689622,2023
103376113.73064394,52,8427ae7ffffffff,75.2983548033036,2023
1971176.7169189453,52,8427ac7ffffffff,54.6384919586283,2023
2478.4246826171875,52,84289e5ffffffff,28.981195182742866,2023
5344003.5827004826,52,842786bffffffff,62.225313478026827,2023
26838.631896972656,52,8427889ffffffff,36.150969515217319,2023
102913.79962158203,52,8427951ffffffff,29.660940890975159,2023
188218.8120244045,52,84288e3ffffffff,34.928907719638744,2023
26539.016479492188,52,8427835ffffffff,28.258207291563092,2023
10793.03662109375,52,8428919ffffffff,57.124368834271266,2023
22693.997192382812,52,8427911ffffffff,30.867733871194396,2023
5411.6475219726562,52,8412da3ffffffff,26.444856687912278,2023
2438.6433715820312,52,84288b1ffffffff,26.756418544956865,2023
3614768.9695645203,52,84288e7ffffffff,32.930581618977293,2023
14719146.291626215,52,842796bffffffff,66.439675564534028,2023
16173.576782226562,52,8427a8bffffffff,22.891774311400397,2023
35253.565856933594,52,84278adffffffff,40.928018041129874,2023
13919084.053304037,52,8427853ffffffff,69.141947401663373,2023
12984575.129490752,52,8427861ffffffff,65.613736949484576,2023
19795098.363604855,52,84278cdffffffff,70.135276078344376,2023
28018.917419433594,52,84288b5ffffffff,27.41720462112016,2023
41889.695068359375,52,84288e1ffffffff,28.328731037780464,2023
1210.242431640625,52,84271bdffffffff,18,2023
11255.768981933594,52,84279ebffffffff,43.034801093942065,2023
24293.129516601562,52,84279c3ffffffff,34.535781271989393,2023
1304938.2811889648,52,84279ddffffffff,76.6188736971076,2023
2998.0877075195312,52,84271adffffffff,19.60385429603982,2023
35320.707946777344,52,8427931ffffffff,32.614193010125469,2023
11735757.756235875,52,8427b33ffffffff,47.5505196487594,2023
13365807.726858577,52,8427847ffffffff,76.609517525573722,2023
131314143.48259015,52,8427ae5ffffffff,80.620745129029558,2023
20799184.320883602,52,8427aadffffffff,65.127505295885,2023
21529.894408222273,52,84278c9ffffffff,28.348590315137667,2023
51652.987731933594,52,84278e5ffffffff,36.277562327998417,2023
8090.5099487304688,52,8428933ffffffff,35.246181727776751,2023
3335900.6339080213,52,8427b35ffffffff,41.334190565733216,2023
17161.884521484375,52,8428999ffffffff,28.463703650578442,2023
8484.3046875,52,8428ae3ffffffff,25.0713802315696,2023
83187.62548828125,52,842799dffffffff,40.532752963188443,2023
4813.7173461914062,52,8412dbdffffffff,31.50446216140157,2023
7340.8754272460938,52,8427abbffffffff,25.498671109651358,2023
19927014.998697434,52,842794bffffffff,57.947439305626261,2023
20793112.490820788,52,8427b37ffffffff,76.10151622209024,2023
36710.009033203125,52,8426309ffffffff,31.133803813683119,2023
3737.058837890625,52,84289ddffffffff,32.834032964541109,2023
9455.9092407226562,52,8428915ffffffff,36.460407570944191,2023
2044223.1888157264,52,8427ab9ffffffff,52.47959104320239,2023
70249.805847167969,52,842798bffffffff,35.182010617924071,2023
4276.218505859375,52,84289adffffffff,36.160383944611915,2023
169600.16076660156,52,8427919ffffffff,27.827992024716433,2023
6111.03466796875,52,8427a97ffffffff,16.800001202518594,2023
623.24041748046875,52,84278dbffffffff,60,2023
1248.7529296875,52,8428889ffffffff,16.499645593689955,2023
2378.6624755859375,52,8428d21ffffffff,22.498375680225443,2023
163153.44500732422,52,842892bffffffff,33.729939217005466,2023
11473.711975097656,52,8428957ffffffff,57.063452786948545,2023
106514.88293457031,52,84278d9ffffffff,32.162774263221479,2023
329475.40625,52,8427863ffffffff,36.70108759703399,2023
4810238.8466796875,52,84278d5ffffffff,67.7948706533742,2023
28680924.489044547,52,8427811ffffffff,81.10812826287345,2023
4981215.1402908629,52,8427a87ffffffff,71.019882896676265,2023
26279738.279974483,52,8412c97ffffffff,61.76512248986527,2023
1247.9334716796875,52,84278d1ffffffff,20.998590051854283,2023
62103743.039445706,52,8427843ffffffff,75.061141369200868,2023
3245559.9124145508,52,8427a8dffffffff,58.737412404260034,2023
29816.009216308594,52,8427a95ffffffff,32.417679092842135,2023
12489519.539875345,52,8427aa1ffffffff,61.020735997524739,2023
3809.3388061523438,52,842891dffffffff,32.166425103345567,2023
3064.5358276367188,52,8427a93ffffffff,19.802509213671435,2023
739992.16058110259,52,8427901ffffffff,35.368398879329646,2023
3586.9290161132812,52,8412dabffffffff,20.33349978376928,2023
34773.063537597656,52,84278c3ffffffff,34.452842825994146,2023
8053.0809936523438,52,842636bffffffff,28.309701341605635,2023
11486985.661507642,52,8427909ffffffff,56.832508683682171,2023
4865.3807373046875,52,8428991ffffffff,30.499403959620945,2023
40261.877136230469,52,8427825ffffffff,34.560015291125445,2023
15630.453063964844,52,84279e1ffffffff,38.92200073706308,2023
625.28509521484375,52,8426301ffffffff,19,2023
1314.5270385742188,52,8428ae9ffffffff,17.999865674343813,2023
6133.325927734375,52,84288bdffffffff,29.600024687423659,2023
7080655.53097187,52,8412db7ffffffff,67.438225321560111,2023
2534.3194580078125,52,8428929ffffffff,36.99782680579515,2023
105151.21240234375,52,84289edffffffff,31.876176219516424,2023
30568.453186035156,52,8427907ffffffff,41.1400685733232,2023
8778.3558349609375,52,8428913ffffffff,34.856602948444518,2023
4918787.6683632042,52,8427903ffffffff,50.956048608769173,2023
11469294.620758895,52,8427a85ffffffff,65.180300388950869,2023
37932.058654785156,52,84278c7ffffffff,25.813099616846333,2023
13048107.321997788,52,842780dffffffff,78.007125570001108,2023
122729393.93318661,52,8427859ffffffff,82.525614435188558,2023
16361.127807617188,52,8427953ffffffff,32.214249012046594,2023
1266.0601806640625,52,842891bffffffff,55,2023
6243.6015625,52,842630dffffffff,23.299943942611247,2023
241289.02658906823,52,8427905ffffffff,37.290935996744921,2023
27426.590393066406,52,8412cb1ffffffff,34.39164989606477,2023
23039366.216798309,52,8427949ffffffff,72.3991762343717,2023
1834940.5859516219,52,842795bffffffff,41.311026702043904,2023
9815.9369588216141,52,84289a9ffffffff,26.629019653519908,2023
99033.837264715461,52,8428935ffffffff,32.456068068276757,2023
62422.127439012715,52,842792dffffffff,30.660901281117503,2023
4429637.93066119,52,8427817ffffffff,63.677705897763296,2023
70435232.462221146,52,842781dffffffff,78.64350048287443,2023
38887309.471142337,52,8427941ffffffff,62.4837945004965,2023
16581157.422077732,52,8427819ffffffff,69.642520113687553,2023
2210056.8984899186,52,84278ebffffffff,77.28193627560961,2023
1283.214111328125,52,8428aa5ffffffff,31.99989954423906,2023
4878990.0606689453,52,8427aebffffffff,55.26537852189778,2023
265733.67553710938,52,8427935ffffffff,33.13872074061868,2023
1752026.4331739238,52,84278e9ffffffff,61.164258922504189,2023
46817.189819335938,52,84279c7ffffffff,34.904389513516151,2023
4418.0007934570312,52,8428925ffffffff,23.860773846343537,2023
160569.73907470703,52,8427807ffffffff,35.668319390668593,2023
56274.567810058594,52,8412db5ffffffff,25.185004413203778,2023
24092.408203125,52,842898dffffffff,35.156039451025684,2023
1070884.0257568359,52,8427913ffffffff,84.824847506647984,2023
1209.0052490234375,52,8412da7ffffffff,25,2023
4163.028564453125,52,8427189ffffffff,17.428575751542436,2023
8817984.48116814,52,84288a3ffffffff,45.604914571998414,2023
7632.0989990234375,52,84278a3ffffffff,41.669503650346023,2023
28614873.147553809,52,842786dffffffff,62.998459684366772,2023
179882.68701171875,52,8412cb3ffffffff,37.750227607039889,2023
116892650.57247818,52,84288a7ffffffff,74.68377179439932,2023
1363273.5879588407,52,8412db1ffffffff,58.877992357772072,2023
64521.99341729856,52,84279dbffffffff,38.911917668218948,2023
3800.3419189453125,52,84278abffffffff,41.644852865668796,2023
26387.623962402344,52,842791bffffffff,43.331568542993473,2023
4225.4744873046875,52,8427a9dffffffff,45.994855566880418,2023
7821073.044025735,52,8427929ffffffff,73.177759286787392,2023
1075412.8953041229,52,842795dffffffff,52.009421251573215,2023
54864.899963378906,52,84279d3ffffffff,38.713847954163413,2023
8733398.9308433384,52,842796dffffffff,45.909226395151258,2023
1209.6192016601562,52,84271abffffffff,19.502122345793691,2023
25782.613708496094,52,8427921ffffffff,34.883942414949388,2023
13778.305786132812,52,84289b7ffffffff,32.479965501770984,2023
1197.9439697265625,52,8412cb7ffffffff,38,2023
6277054.2084982488,52,8427961ffffffff,64.972945117447267,2023
3816.4737548828125,52,84279a1ffffffff,48.662342621690449,2023
1110729.0576782227,52,8427955ffffffff,33.00859705745507,2023
101808.25207519531,52,84289ebffffffff,32.375269621781442,2023
594.1192626953125,52,8428d25ffffffff,28,2023
4874.9146118164062,52,8428987ffffffff,32.8811001184278,2023
7286.8580322265625,52,84271a7ffffffff,26.584363009304411,2023
692229.7412142884,52,84289d1ffffffff,62.306806215935254,2023
55786.264038085938,52,842793bffffffff,32.624670234090807,2023
6801.503662109375,52,842793dffffffff,34.272650918148088,2023
21748594.183275886,52,8427855ffffffff,70.5060416430085,2023
29213.796691894531,52,8427987ffffffff,51.343876515078918,2023
45137.282409667969,52,8427917ffffffff,32.753485325025721,2023
15837.541381835938,52,84289abffffffff,43.000347191340751,2023
7162320.4951550057,52,84289d3ffffffff,67.903683442157558,2023
84710.919566434983,52,842788dffffffff,55.13013511337217,2023
48876.455919931454,52,842888dffffffff,28.532905137248939,2023
1341567.3004150391,52,84278c5ffffffff,52.41466873204309,2023
20649175.724678308,52,8412c95ffffffff,71.070071949164486,2023
1789.8325805664062,52,84271a9ffffffff,19.999053696080669,2023
5445.0989379882812,52,84271a5ffffffff,30.674187533426508,2023
6110396.4708180148,52,8427aabffffffff,62.4086625319866,2023
14381435.893939568,52,8427947ffffffff,70.030156705942559,2023
902343.95625502639,52,842790dffffffff,32.788077015363626,2023
25642257.153583124,52,8427865ffffffff,54.562398320970026,2023
7329.695068359375,52,8426349ffffffff,30.07372116202049,2023
1490902.7111469344,52,8427965ffffffff,40.505497076722072,2023
8953.3805541992188,52,8412d87ffffffff,24.535405720006068,2023
368036.31524514593,52,84288abffffffff,40.154130811063276,2023
20597.456481933594,52,8427937ffffffff,33.670778471867116,2023
13283675.470259603,52,8427809ffffffff,68.007351026969559,2023
47026341.973282635,52,842794dffffffff,77.950915505825037,2023
2406.9677124023438,52,8412d97ffffffff,23.750872780209455,2023
1325.5081787109375,52,8428acdffffffff,16,2023
36850.391662597656,52,84288e5ffffffff,28.035145204828385,2023
48983530.259735227,52,8427ae3ffffffff,69.210515683590259,2023
458878.31590671913,52,842783dffffffff,35.664666201039417,2023
380866.20445389091,52,8427a81ffffffff,39.024380092944291,2023
42849.556701660156,52,8428885ffffffff,35.028237360364024,2023
73189.790710449219,52,84279d7ffffffff,36.139950040642866,2023
1453015.2838134766,52,8426341ffffffff,59.256426244634284,2023
3163.7111206054688,52,8428907ffffffff,37.409095701465148,2023
1206952.5464477539,52,8428923ffffffff,52.002123781076612,2023
11662.024597167969,52,8427827ffffffff,40.740431326720362,2023
11109613.656991517,52,84289d9ffffffff,71.400315228246328,2023
126106.94116210938,52,84289bdffffffff,41.005278628969947,2023
16996.969848632812,52,84288b7ffffffff,25.715711961583917,2023
14264.417724609375,52,8427837ffffffff,29.387354419968627,2023
5243.0953369140625,52,8428ae1ffffffff,24.252588673575694,2023
3222834.0514476104,52,8427963ffffffff,53.341628677036319,2023
90764630.599365711,52,8427851ffffffff,80.033644586729835,2023
23018.456481933594,52,84289b9ffffffff,39.075632569398849,2023
207386.58758544922,52,8427a89ffffffff,31.876963915610535,2023
480636.61596679688,52,84288c5ffffffff,46.004005199750388,2023
13363.30224609375,52,84271a3ffffffff,28.510302504092092,2023
2839897.5517578125,52,84279c1ffffffff,59.10511807635568,2023
39901017.8361388,52,8427841ffffffff,81.283705246515453,2023
289422.39599609375,52,8427823ffffffff,39.480361183907533,2023
2511.500732421875,52,84279e5ffffffff,47.750042018616121,2023
78615.946166992188,52,8427989ffffffff,32.610255448002043,2023
9133.1434936523438,52,8427821ffffffff,42.713019409589805,2023
6507.1858520507812,52,8428ae7ffffffff,32.392227650447246,2023
1505520.4394641353,52,84288a9ffffffff,33.021990103890388,2023
21909.730590820312,52,8427ac3ffffffff,26.323580065651679,2023
8315.42236328125,52,8412d9dffffffff,22.712527902989933,2023
599.7281494140625,52,8427181ffffffff,17,2023
1244.325439453125,52,84279c5ffffffff,34,2023
668.00140380859375,52,8428a11ffffffff,19,2023
4979.5170288085938,52,84289e9ffffffff,39.504267181840277,2023
107574.59381271063,52,8426345ffffffff,38.743366818395728,2023
19900.882080078125,52,8427805ffffffff,30.705081830531395,2023
1189.2894287109375,52,8412d81ffffffff,25,2023
138190.83947753906,52,84279cbffffffff,32.210262891718671,2023
56707.357461847045,52,84278e1ffffffff,33.790530470953506,2023
18802.337280273438,52,84279d5ffffffff,30.399202208663038,2023
31491536.758008767,52,84288a5ffffffff,73.352158091062662,2023
40647993.1690097,52,8427ae1ffffffff,66.360810267598936,2023
140538.30859375,52,8426363ffffffff,22.897744914403066,2023
14378.373291015625,52,8412db9ffffffff,30.581567089631836,2023
1628306.2221820906,52,8427967ffffffff,59.27392178877637,2023
69436352.8535721,52,842785dffffffff,74.7168274578149,2023
1008952.8901419847,52,84289a5ffffffff,92.565616136782239,2023
6998.2846069335938,52,842799bffffffff,36.363632035420927,2023
158165.5570714614,52,84278edffffffff,33.85228591455995,2023
42757.255493164062,52,8427885ffffffff,31.5007515314648,2023
3647164.3618829465,52,8427969ffffffff,49.025404685335864,2023
24124.546288823149,52,8428931ffffffff,26.673591538831921,2023
610.53118896484375,52,8428983ffffffff,48,2023
1306139.6819458008,52,84279d9ffffffff,74.508824468184329,2023
19270.608276367188,52,84289c7ffffffff,35.031100731668381,2023
33647.690185546875,52,8427ab5ffffffff,29.472303858341874,2023
43013243.896094225,52,8427857ffffffff,80.787475036444846,2023
121255.69903564453,52,8427983ffffffff,46.697801513762109,2023
48302.2941138174,52,84278a7ffffffff,36.166759266709761,2023
50022.442504882812,52,8428903ffffffff,34.2691857360147,2023
16068.070922851562,52,8427923ffffffff,33.459583858762748,2023
839980.9755969476,52,8427833ffffffff,56.273692372422538,2023
81005.569580078125,52,84289e1ffffffff,32.864571084978536,2023
36039829.233929805,52,8427943ffffffff,51.199087002448159,2023
125657.220703125,52,8427999ffffffff,40.300329968617966,2023
49536.32958984375,52,8427829ffffffff,41.764224556604276,2023
1984.9553833007812,52,8428a13ffffffff,23,2023
2223220.82011264,52,8427845ffffffff,66.002581743512678,2023
2460.999267578125,52,842634bffffffff,16.999995039807036,2023
6512569.2163607711,52,8427803ffffffff,68.578141957270773,2023
40239.334228515625,52,8426347ffffffff,25.678158738237563,2023
12067.252563476562,52,84279abffffffff,52.108765998556692,2023
9786.6626586914062,52,842792bffffffff,30.813590399047911,2023
27511.522155761719,52,8428955ffffffff,46.924734915366237,2023
78511.587646484375,52,8427927ffffffff,32.869835458547819,2023
121330.36059929343,52,8427a83ffffffff,33.9598318072452,2023
3036.1644897460938,52,8427a9bffffffff,36.768009275554562,2023
5064.510986328125,52,84279a9ffffffff,34.126193301300979,2023
19787352.691694669,52,8427aa9ffffffff,63.061482967722569,2023
52056502.72450503,52,8427945ffffffff,69.792582516388137,2023
1778043.1104877547,52,8427915ffffffff,50.76444743964305,2023
3142.7657470703125,52,84279e3ffffffff,35.198201090153994,2023
4152.506591796875,52,84271e3ffffffff,31.568012987143554,2023
49353.224548339844,52,84279c9ffffffff,28.852835094595363,2023
75551578.916106552,52,842785bffffffff,77.814041160030584,2023
5468101.392730115,52,8427839ffffffff,62.029328150652155,2023
1968.44384765625,52,8428aebffffffff,30,2023
3251049.0821432672,52,842791dffffffff,69.844794096597738,2023
66245.359619140625,52,84289c5ffffffff,35.873194409847244,2023
29636.104125976562,52,8428921ffffffff,40.618043548377429,2023
8015.2806396484375,52,8427ab7ffffffff,34.003050706719719,2023
14855.931579589844,52,8426343ffffffff,26.792465256606459,2023
1230.15771484375,52,8427ab3ffffffff,17,2023
20288.533264160156,52,8427939ffffffff,33.843926145804083,2023
2425.260009765625,52,8428993ffffffff,28.491900987178706,2023
87064.739440917969,52,84289b5ffffffff,34.013416323905844,2023
19930457.5546571,52,84288adffffffff,73.977389314525752,2023
569257.10852505546,52,842899bffffffff,37.343204177556025,2023
7389.4637451171875,52,8427925ffffffff,32.159135675833845,2023
420774.11059570312,52,8427869ffffffff,39.454547350670822,2023
5517142.2320286166,52,8427aa5ffffffff,64.390586996166178,2023
20132.574096679688,52,84278a9ffffffff,30.501368946895333,2023
62150.957092285156,52,84279e9ffffffff,58.003328488958054,2023
96439.8145510206,52,8428939ffffffff,31.733727456194725,2023
3109.4995727539062,52,8428881ffffffff,20.402621000520924,2023
3156.997314453125,52,8428911ffffffff,53.40923935011984,2023
2379636.7107931697,52,842782bffffffff,57.311141285940792,2023
3174.3114624023438,52,8428813ffffffff,20.200677246863115,2023
382944.66461971507,52,8427813ffffffff,36.968400739076429,2023
27103.382682291667,52,84289e3ffffffff,32.842395375852988,2023
15343397.372973634,52,8427801ffffffff,73.222991501504254,2023
2417.5914916992188,52,84289b1ffffffff,38.752745727012787,2023
664929.76424105768,52,8412cb9ffffffff,35.14975924784536,2023
9314.5136108398438,52,8428937ffffffff,27.327185231176845,2023
3073.4100952148438,52,8428985ffffffff,31.199537060564552,2023
7657849.8103027344,52,8427957ffffffff,66.786021588740581,2023
3623222.049987793,52,8427981ffffffff,75.5929594560922,2023
62924.714121141616,52,84278a5ffffffff,37.055448193762039,2023
69056.115421788825,52,84279d1ffffffff,31.18520349017076,2023
33246296.944133434,52,84288a1ffffffff,73.054492574313869,2023
5000018.5813598633,52,84278c1ffffffff,78.163608450836591,2023
3243.9998168945312,52,8428aadffffffff,29.000101581019479,2023
6989742.001184321,52,842790bffffffff,42.79886026416083,2023
9224.71337890625,52,84289e7ffffffff,33.403164745707663,2023
13568.631469726562,52,84279cdffffffff,36.087927504764572,2023
3103.97802734375,52,84278ddffffffff,24.375271710618321,2023
12814414.316983329,52,8412c93ffffffff,68.171687039231813,2023
1983.3189697265625,52,8428ac5ffffffff,17.998197859847782,2023
5328.3018188476562,52,8412d8bffffffff,30.334428360532435,2023
125947.98089599609,52,84278cbffffffff,30.632431828395848,2023
18170.729431152344,52,84278e7ffffffff,44.914394824391586,2023
1158646.3967656156,52,842781bffffffff,50.33115664650046,2023
10134.377624511719,52,8412d83ffffffff,23.705369068168039,2023
4198.6730346679688,52,8412d95ffffffff,33.002648643626785,2023
12859366.184685919,52,84289dbffffffff,67.876678512609715,2023
197059.43211454508,52,8426369ffffffff,53.049254116234607,2023
69429.010474350871,52,842893dffffffff,33.206635274805407,2023
4074619.3407339058,52,8427867ffffffff,83.176540236356118,2023
203912.08380126953,52,842798dffffffff,36.517184497422342,2023
61713.272420726105,52,8427ab1ffffffff,40.356658022232921,2023
635.164306640625,52,84279adffffffff,50,2023
23492.255615234375,52,84278a1ffffffff,31.134068666287433,2023
15107.856201171875,52,842782dffffffff,32.639826345328565,2023
14681.794616699219,52,842890bffffffff,34.4147095362505,2023
475231.65541441675,53,84279edffffffff,29.757941697973529,2022
324248.56138341565,53,8426ae3ffffffff,64.906342803448382,2022
229087.89709472656,53,842618dffffffff,65.896892400582672,2022
23461313.403396912,53,842780bffffffff,81.732328552010472,2022
1275.6550903320312,53,8427891ffffffff,14.500004617151316,2022
20899.288330078125,53,8428893ffffffff,22.000651673235033,2022
112726.84441061581,53,842625dffffffff,29.239119168083004,2022
6722495.2000974175,53,8426203ffffffff,59.472201376893366,2022
85269.305736107912,53,8428f41ffffffff,41.845016789274844,2022
7038.5907592773438,53,8426317ffffffff,20.818195441111996,2022
10002.168029785156,53,842893bffffffff,29.686787003410959,2022
218555.55514945235,53,8427aa3ffffffff,34.94294914320345,2022
3123.700439453125,53,8426355ffffffff,26.200109076610531,2022
7323714.3140869141,53,842783bffffffff,75.372306331266216,2022
5011408.8479815312,53,8412db3ffffffff,53.025374909942144,2022
6046012.2958788108,53,84262e3ffffffff,60.825340645165085,2022
160892.54473876953,53,8412dbbffffffff,34.145344896976574,2022
18724049.292559694,53,8427959ffffffff,57.717043978590745,2022
44140.400573730469,53,8426ac1ffffffff,27.49887817529736,2022
2309355.472342697,53,84271a1ffffffff,57.895741635982922,2022
2563.8267822265625,53,8428953ffffffff,28.496795699673221,2022
1719538.6220092773,53,84278e3ffffffff,64.550262337987846,2022
6466646.0804922068,53,8427ad5ffffffff,47.848117499113322,2022
3010.6298828125,53,84270a5ffffffff,20.397593041907175,2022
41567540.717898607,53,8412cbbffffffff,66.49952213263488,2022
42043638.790136479,53,8427831ffffffff,70.609845653411057,2022
2421.5032958984375,53,8428997ffffffff,31.994166191333296,2022
54360.37841796875,53,8427567ffffffff,31.336003463979246,2022
3618307.7908318015,53,84275ddffffffff,55.817091904537,2022
5529986.0714915553,53,8428843ffffffff,48.746034957480546,2022
1266.5469970703125,53,8428823ffffffff,76.4999437620337,2022
2570.2832641601562,53,8428aa1ffffffff,29.749893764226659,2022
7521.5855102539062,53,84278d3ffffffff,22.823619110808341,2022
11222.423706054688,53,8426139ffffffff,22.942651542934097,2022
252935.8603515625,53,842620bffffffff,32.689820751034873,2022
17348.890441894531,53,8412cb5ffffffff,33.827503289855805,2022
39838.910888671875,53,8412d85ffffffff,30.530350320610935,2022
53512.374983005895,53,8426359ffffffff,34.556669493669091,2022
28349.832656920189,53,8426769ffffffff,31.558997002073671,2022
9232685.5818050615,53,8427425ffffffff,64.261022782234392,2022
248267.14764404297,53,8428927ffffffff,33.634407699369241,2022
12409898.491569011,53,842623bffffffff,62.770098578177816,2022
180952.98254394531,53,8427985ffffffff,34.943156772922755,2022
8244.7603149414062,53,84261bdffffffff,24.582814933368734,2022
4039.8353881835938,53,84261c7ffffffff,44.499994175739737,2022
5977.118896484375,53,8428ac9ffffffff,33.888576518958878,2022
14325.746276855469,53,8428847ffffffff,31.090751132445664,2022
77928.657104492188,53,8426267ffffffff,36.71163407487974,2022
2410383.6111450195,53,8427aa7ffffffff,63.864662325601216,2022
4729.6948852539062,53,8426763ffffffff,38.001008293561028,2022
8439509.7335899211,53,84262e9ffffffff,68.126300220357933,2022
563831.09309895837,53,842634dffffffff,33.6073736497207,2022
1597850.0374399223,53,8428b11ffffffff,45.778407421028959,2022
671952.66295237816,53,8427abdffffffff,34.686394911661466,2022
380193.06790556066,53,8426305ffffffff,32.608468988087658,2022
5615398.0202313587,53,8428855ffffffff,46.862631535848912,2022
41267076.399732396,53,8427815ffffffff,71.82465592452678,2022
81466.734252929688,53,8426ad9ffffffff,30.334825551511454,2022
127868.45129394531,53,8427585ffffffff,30.908194260425724,2022
36367.937354951748,53,8427933ffffffff,29.34262673282683,2022
3754.41552734375,53,8426229ffffffff,31.665844045871509,2022
32833.8681640625,53,8427429ffffffff,29.016441218369074,2022
14538.374694824219,53,8428f0dffffffff,41.343163857273929,2022
7080.0884399414062,53,8426169ffffffff,27.822443793163785,2022
91721531.535265386,53,8427ae7ffffffff,81.580840181797143,2022
94500.272738108921,53,8427553ffffffff,30.131550346924037,2022
7960395.2369772522,53,8427ac7ffffffff,50.614482502443217,2022
759854.0323100969,53,8426107ffffffff,56.152853553821636,2022
32501.271296721814,53,8428833ffffffff,34.569726065518424,2022
4334.3219604492188,53,84289e5ffffffff,28.717525241773995,2022
4494.4550170898438,53,8427517ffffffff,40.7193895782307,2022
16531634.073278092,53,842786bffffffff,77.274510876280772,2022
2335229.1184311812,53,8427889ffffffff,65.037090217462051,2022
1219653.921875,53,8427951ffffffff,31.504902394943752,2022
65087.672668457031,53,8428811ffffffff,31.432614267503329,2022
16040330.922155276,53,84288e3ffffffff,84.2835207064878,2022
2566.7411499023438,53,842895bffffffff,21.499354167705523,2022
1807.3447265625,53,84289bbffffffff,31,2022
4055185.7945676316,53,8426213ffffffff,58.916623911551063,2022
8875110.5567875877,53,84262ddffffffff,57.60272362672363,2022
82970.149800618485,53,8427835ffffffff,34.922415276566845,2022
1284.7470703125,53,842896bffffffff,17,2022
1904.4774169921875,53,8428919ffffffff,29.998262119892608,2022
1906.8802490234375,53,84279a5ffffffff,31.666761751349757,2022
25291.619995117188,53,84288cbffffffff,38.049247920561172,2022
73660.192749023438,53,8427911ffffffff,29.641271457150918,2022
51878.6435546875,53,8426119ffffffff,27.515462845832495,2022
13243.136413574219,53,842631dffffffff,25.238557942199819,2022
59021.659851074219,53,8412da3ffffffff,32.359355483980465,2022
8032779.6582833081,53,84288b1ffffffff,73.9721555834608,2022
452987.11700439453,53,8427a99ffffffff,45.140546283889584,2022
1169193.1333618164,53,8426a91ffffffff,43.854082983418166,2022
3916788.1664665667,53,84288e7ffffffff,48.30456881086797,2022
623.5208740234375,53,8428f15ffffffff,32,2022
52483101.760906622,53,842796bffffffff,52.127693317840325,2022
8049149.4592479039,53,8427a8bffffffff,59.927710639236096,2022
22576.057800292969,53,842752dffffffff,27.58545129122454,2022
7547943.9889650829,53,84262e1ffffffff,59.609753339434214,2022
1500525.6901855469,53,84275ebffffffff,36.933817038198292,2022
134456.27227783203,53,8426109ffffffff,21.083179258907212,2022
277719.61456298828,53,8427addffffffff,30.527823859283362,2022
666.604248046875,53,842613bffffffff,31,2022
174449.30780029297,53,84278adffffffff,34.967946398600439,2022
7646282.8360023648,53,8427a91ffffffff,75.201056781513586,2022
5392.4451293945312,53,842718bffffffff,35.781503643340713,2022
31776596.900245812,53,8427853ffffffff,79.95235666991455,2022
3242176.9632747872,53,8426123ffffffff,73.405345586893489,2022
15966202.568786142,53,8427861ffffffff,74.170132290748285,2022
5810.1564331054688,53,8428a91ffffffff,20.118912559702146,2022
17966454.824141677,53,84278cdffffffff,64.820106730070236,2022
7032117.8905979535,53,8427ad1ffffffff,58.581529609415341,2022
352197.90111179725,53,84288b5ffffffff,35.496892526303192,2022
1523852.4055343329,53,84262d9ffffffff,50.147408453211554,2022
1478143.8346557617,53,8428d61ffffffff,79.904005224619269,2022
28673.337951660156,53,84261a5ffffffff,28.594619010935215,2022
53889.100341796875,53,842881dffffffff,32.272339506289036,2022
15520.282897949219,53,84271d3ffffffff,25.847003150784193,2022
8652.2312622070312,53,8426749ffffffff,30.999318896336948,2022
7790.8594360351562,53,8426b6dffffffff,31.332703837029321,2022
1272.6522216796875,53,8427539ffffffff,42,2022
730156.54650878906,53,84288e1ffffffff,62.652810284032576,2022
242932.26268166935,53,84271bdffffffff,37.242777943710266,2022
5374.7191772460938,53,84260d9ffffffff,32.869076167553679,2022
4007955.779341395,53,84279ebffffffff,75.0282273966958,2022
2047141.4695717008,53,84279c3ffffffff,73.900399450868974,2022
171416.26733398438,53,8428b01ffffffff,45.55489696049284,2022
1879133.0449494007,53,84279ddffffffff,71.875949489785015,2022
1883701.2598513137,53,84271adffffffff,58.871206978821768,2022
1986.6911010742188,53,8426111ffffffff,24.334325367718726,2022
2583.9091796875,53,8428a83ffffffff,34.4996796958944,2022
3902.5206909179688,53,842885bffffffff,40.333771996918493,2022
263719.61418983608,53,8427423ffffffff,30.592481542658497,2022
608951.634043974,53,8427931ffffffff,66.1555352464747,2022
7695.1079180549168,53,8426269ffffffff,23.158618398384711,2022
2562.5843505859375,53,8428f59ffffffff,21.998924625718541,2022
1997.9406127929688,53,8426a13ffffffff,22.320654119587676,2022
3382.0416259765625,53,842670dffffffff,26.002475177928286,2022
830303.12216605386,53,8426255ffffffff,34.747756029497552,2022
456850.066702091,53,8428b2dffffffff,72.518390954502564,2022
5771.9649047851562,53,8426045ffffffff,25.00030659460851,2022
38132083.716697782,53,8427b33ffffffff,47.995554222106428,2022
1270.1925048828125,53,8428f61ffffffff,82,2022
5461562.9606323242,53,8427847ffffffff,64.0713971140437,2022
5814.34727639591,53,84260adffffffff,28.970511187126249,2022
138506265.66068307,53,8427ae5ffffffff,83.095824633676955,2022
51516.014831542969,53,84261adffffffff,32.315501814966623,2022
16592.520556879979,53,8427535ffffffff,42.617179939622936,2022
23687357.432896994,53,8427aadffffffff,70.573432826733708,2022
1357882.4601047889,53,84278c9ffffffff,66.645372947726457,2022
97750.7183227539,53,84278e5ffffffff,35.504663931132484,2022
1863.52490234375,53,8428933ffffffff,39.338313464774913,2022
238019.07043457031,53,84270a7ffffffff,29.407632334547813,2022
17818386.443099435,53,8427b35ffffffff,52.847319226493653,2022
9091534.890918687,53,842888bffffffff,49.881202683926837,2022
1797108.9359130859,53,8428b29ffffffff,70.879068530498031,2022
115619.17956542969,53,84261d5ffffffff,29.247549053934165,2022
7519.3917236328125,53,8427551ffffffff,27.83141130362208,2022
2022.5292358398438,53,84261e1ffffffff,31.666663025231614,2022
41287.743611653648,53,8428999ffffffff,35.133532671273329,2022
299604.84602960327,53,8428ae3ffffffff,35.528771810831032,2022
15394435.392618576,53,8426105ffffffff,88.177914220528663,2022
58260.768188476562,53,842614dffffffff,37.06108715468001,2022
4078514.8638305664,53,842799dffffffff,86.676028200150668,2022
234363.57684326172,53,8412dbdffffffff,31.445827472586533,2022
7571.6229858398438,53,8426319ffffffff,26.086211678833234,2022
4520501.8602843042,53,8427abbffffffff,70.1154796128346,2022
53400829.552981384,53,842794bffffffff,48.899586305316731,2022
12909.962341308594,53,8428943ffffffff,51.748494492090586,2022
9081.3215942382812,53,84275e5ffffffff,30.859874904338124,2022
83026028.466999367,53,8427b37ffffffff,54.927981590701222,2022
36144.513671875,53,8426309ffffffff,26.738555275491596,2022
165139.16809082031,53,84289ddffffffff,50.719908144620845,2022
5668.5875244140625,53,8428915ffffffff,32.10989632011443,2022
4798.1876220703125,53,84289b3ffffffff,36.504102106831361,2022
22011400.071048755,53,8427ab9ffffffff,78.724769541281759,2022
32455.355895996094,53,84275e1ffffffff,29.3997546821712,2022
1581308.03387882,53,8426329ffffffff,83.385904537681142,2022
405622.99521173217,53,842798bffffffff,33.727228416580566,2022
13216.514892578125,53,8428ac3ffffffff,38.599907651901468,2022
283840.34771728516,53,8428891ffffffff,24.626675769592627,2022
609.82666015625,53,84289adffffffff,18,2022
887683.34772111475,53,8427919ffffffff,65.216266022664684,2022
5452844.6430664062,53,8427a97ffffffff,78.8400128665296,2022
583766.77307128906,53,8426285ffffffff,58.436601966446986,2022
20725.032958984375,53,8412de7ffffffff,31.972797709287232,2022
2829379.8210556926,53,84278dbffffffff,61.010166047806614,2022
4270676.5682373047,53,8426aebffffffff,66.003328502558929,2022
20893.522216796875,53,84271b7ffffffff,29.319145126738746,2022
4557997.6106201168,53,8428889ffffffff,53.323294560436246,2022
3919740.9652709961,53,8427ad7ffffffff,47.63778552233515,2022
217150.0636158663,53,842892bffffffff,57.243376794293923,2022
23957.59619140625,53,8428959ffffffff,24.977351784485272,2022
14563.691955566406,53,8428a17ffffffff,24.910180035768516,2022
4229145.4896350335,53,8426333ffffffff,85.207422566895659,2022
7510.92724609375,53,84261abffffffff,31.459815806124656,2022
11368.629150390625,53,8426137ffffffff,24.585950659608141,2022
4474.3721923828125,53,8428957ffffffff,35.723206710787842,2022
5376125.52545166,53,84278d9ffffffff,63.073083018959196,2022
448581.13360595703,53,8427863ffffffff,34.995096035559833,2022
131218.31842041016,53,8426207ffffffff,32.503842493967255,2022
292550.13327588851,53,8428b63ffffffff,42.113862348810706,2022
87756.282928347122,53,842676bffffffff,34.078987056994244,2022
13211422.834037272,53,84278d5ffffffff,71.329403307283613,2022
38858177.13636139,53,8427811ffffffff,75.955689628810674,2022
14761270.500544291,53,8427a87ffffffff,80.041906352334252,2022
1912.7221069335938,53,8428963ffffffff,23.333832662598958,2022
55519277.431749053,53,8412c97ffffffff,62.796182883668791,2022
190413.96270751953,53,842605bffffffff,35.897913933351354,2022
31107.359008789062,53,8428d1dffffffff,53.864415390037067,2022
4922334.1427229326,53,84278d1ffffffff,71.503606180260192,2022
39106286.295853443,53,8427843ffffffff,82.9262016701271,2022
94372.374328613281,53,8428f25ffffffff,28.361854753226943,2022
51234.407897949219,53,8426ae1ffffffff,36.132810690920245,2022
641699.84721919033,53,84288d1ffffffff,35.376667190877413,2022
3287.8719482421875,53,8428b17ffffffff,24.600109407179641,2022
20143010.5533835,53,8427a8dffffffff,66.2903656509353,2022
791252.64465332031,53,84271b3ffffffff,67.896529153660623,2022
532610.85833740234,53,8427587ffffffff,68.994753701981878,2022
6868.8851150811888,53,84261a7ffffffff,29.103542599869449,2022
1176982.7285766602,53,84261d7ffffffff,79.354036488417492,2022
1952220.24787095,53,8427adbffffffff,44.161396000322732,2022
10950120.548326919,53,842614bffffffff,61.572920386459636,2022
19340644.13079834,53,8427a95ffffffff,79.124867464729448,2022
17271688.3177507,53,8427aa1ffffffff,70.329760218076515,2022
1268.96630859375,53,842891dffffffff,28.998449887122845,2022
19447984.048152909,53,842718dffffffff,72.060719281870533,2022
64907.533081054688,53,8428d67ffffffff,31.605404069492177,2022
18512287.826516546,53,8427a93ffffffff,73.592415275869456,2022
7389944.7309536822,53,8427901ffffffff,59.874926920117964,2022
38326.812133789062,53,8428ab5ffffffff,41.35049268131111,2022
22111.312683105469,53,8412dabffffffff,29.916520809998467,2022
27024140.576665904,53,84262c9ffffffff,63.721743947359784,2022
5349.010986328125,53,8426133ffffffff,25.122128438152696,2022
1178279.8022561467,53,84262e5ffffffff,51.634714741606771,2022
665.92388916015625,53,8428a15ffffffff,34,2022
1936.6428833007812,53,8428aabffffffff,22.0000600063845,2022
7740469.77734375,53,84278c3ffffffff,66.705611062008558,2022
39850.457946777344,53,84261b9ffffffff,28.070250211842783,2022
1221.501953125,53,842754dffffffff,25.500018887639929,2022
339115.24601955037,53,842636bffffffff,58.05460807492662,2022
271903.55773925781,53,8428b0bffffffff,33.619040488089539,2022
54090802.048741013,53,8427909ffffffff,56.850448253173305,2022
773900.41821911372,53,84275d1ffffffff,41.923214786365385,2022
4055.713623046875,53,8426767ffffffff,46.666677050599489,2022
38929.009399414062,53,8428991ffffffff,32.218812407507158,2022
1313.877685546875,53,84275adffffffff,42,2022
1453656.2540893555,53,8428b67ffffffff,66.06887040634949,2022
150640.1416015625,53,8426021ffffffff,50.913166676369187,2022
1338.410888671875,53,84261c1ffffffff,31,2022
6069.3303833007812,53,84261e7ffffffff,25.665961389807787,2022
1314.4871826171875,53,8428185ffffffff,65,2022
319882.67980957031,53,8427825ffffffff,32.820963744004,2022
3662813.9561439669,53,84279e1ffffffff,77.904028311863684,2022
2573.401123046875,53,84281b7ffffffff,30.001116297276138,2022
2751540.193608542,53,8426067ffffffff,66.6221967022271,2022
661987.84716174554,53,8426301ffffffff,27.259352552345945,2022
7897.4225463867188,53,8428ae9ffffffff,27.334052701242342,2022
11191225.480852673,53,84288bdffffffff,87.751331148531577,2022
650.700927734375,53,84281bdffffffff,32,2022
7000755.1946162209,53,8412db7ffffffff,66.473492634889936,2022
37386.742433076746,53,8428929ffffffff,33.750818477798759,2022
50849.080993652344,53,8428b2bffffffff,36.626651281832324,2022
41143.867370605469,53,84289edffffffff,35.379122976182906,2022
1193.9026489257812,53,8412d91ffffffff,34.981219270012154,2022
43089.811279296875,53,842751dffffffff,31.058475624247905,2022
125361.87414550781,53,8427907ffffffff,33.6728571924026,2022
28784.377197265625,53,8426149ffffffff,31.8434754485018,2022
124134.30645751953,53,842612dffffffff,46.778975201015641,2022
23800.870910644531,53,8428b07ffffffff,29.667445002265129,2022
10184073.103503658,53,8427903ffffffff,63.110180330761672,2022
71227.762084960938,53,8428a97ffffffff,37.61391817488294,2022
64142.19873046875,53,8426101ffffffff,27.232584415007846,2022
33166904.882627476,53,8427a85ffffffff,75.852181562849736,2022
2504.9739379882812,53,8427555ffffffff,32.500107902994657,2022
248519.83540350222,53,84278c7ffffffff,37.990254195329321,2022
1286.7593994140625,53,8426145ffffffff,40.999408033273085,2022
15773878.581241384,53,842780dffffffff,81.804845740830061,2022
98435223.971511662,53,8427859ffffffff,78.805157938348117,2022
26765.530456542969,53,8412dadffffffff,24.067966125947553,2022
27464.079467773438,53,8426351ffffffff,29.494173119568259,2022
651.892578125,53,8428ae5ffffffff,17,2022
572826.88055419922,53,8426159ffffffff,75.150760921630834,2022
114393.62463378906,53,8427953ffffffff,30.574514847534758,2022
1900.0748291015625,53,842891bffffffff,26.999555520948913,2022
2102944.0830463478,53,842630dffffffff,74.252301287301208,2022
5285.2845458984375,53,842613dffffffff,22.748664753172221,2022
18106.81640625,53,842719dffffffff,26.602667725514497,2022
4601151.0865174532,53,8426289ffffffff,53.466813460214212,2022
22168040.988128781,53,8427905ffffffff,57.300669459042695,2022
36584.395724427464,53,8412cb1ffffffff,32.3856551798227,2022
17909.955627441406,53,8426235ffffffff,30.106272990455697,2022
2207592.72353013,53,8428851ffffffff,58.773993097132532,2022
31054478.890061557,53,8427949ffffffff,64.950508452217136,2022
211107.65539550781,53,8427521ffffffff,31.60167251612155,2022
869474.6154646331,53,842795bffffffff,33.139484113535083,2022
21484.929138183594,53,84289a9ffffffff,28.629257360717109,2022
2492066.7640380859,53,84262ebffffffff,58.762480914808776,2022
1105691.7000667797,53,8428935ffffffff,61.598049175770718,2022
242.48221555223654,53,842789bffffffff,26.999999999999996,2022
2453771.8943644203,53,8426361ffffffff,61.212423332644867,2022
8874.065673828125,53,84261a1ffffffff,26.771938138403819,2022
1195072.4673461914,53,842792dffffffff,63.682572625201708,2022
5738626.546552591,53,8427817ffffffff,53.875038745605323,2022
160307.87127685547,53,8428b27ffffffff,34.148826195301908,2022
1027374.4113654641,53,842632dffffffff,62.219325093935915,2022
37559.8824759689,53,842755bffffffff,29.904234650574185,2022
3437128.2689273609,53,8426ac7ffffffff,55.13812227301122,2022
142654.4264141008,53,8428f49ffffffff,44.327633517690295,2022
131839.08062744141,53,842742dffffffff,36.950368761972157,2022
54863.045104980469,53,842626dffffffff,28.762345458253137,2022
7440.0523681640625,53,8427565ffffffff,24.912899277655651,2022
66729313.796911627,53,842781dffffffff,79.1010104162754,2022
57095508.803915836,53,8427941ffffffff,64.400277587055257,2022
45593265.774653658,53,8427819ffffffff,79.991174906031716,2022
4531527.2558804378,53,84278ebffffffff,70.317389080669685,2022
3904.731201171875,53,84275e7ffffffff,40.494364340034963,2022
2222657.1146778781,53,8427ad3ffffffff,52.221758849021221,2022
10935.892517089844,53,8428aa5ffffffff,33.177119753364643,2022
8913688.40408816,53,8427aebffffffff,55.772063070308967,2022
2973700.89524572,53,8428857ffffffff,55.451867192001814,2022
22290.596435546875,53,84261d1ffffffff,33.373330207416608,2022
8609.0748901367188,53,84275a3ffffffff,27.9231280698497,2022
7676853.5969927618,53,8427935ffffffff,70.472290315630374,2022
8174835.6881960388,53,84278e9ffffffff,66.4103340603863,2022
156647.17248726639,53,84279c7ffffffff,34.880993487137914,2022
12625.158020019531,53,8428925ffffffff,26.052119774239561,2022
2184016.8267211914,53,8427807ffffffff,68.9406791110508,2022
1384886.1062602922,53,8426211ffffffff,40.247983949961,2022
4801692.7748530367,53,8412db5ffffffff,77.553206920406311,2022
16046.332092285156,53,842898dffffffff,37.539565498855559,2022
2517.0070190429688,53,8426221ffffffff,31.000011906308362,2022
339834.03181367763,53,8426155ffffffff,29.17923985453757,2022
2013438.6003417969,53,84275c7ffffffff,52.711382573541385,2022
618.59088134765625,53,8427561ffffffff,32,2022
1476351.8309936523,53,8427913ffffffff,34.025515716603543,2022
651383.76031494141,53,842624bffffffff,68.305376433605915,2022
7397.538330078125,53,84270b7ffffffff,24.581913647966125,2022
119634.97955322266,53,8412da7ffffffff,35.683580941978761,2022
654.823486328125,53,84281abffffffff,66,2022
6992.0867919921875,53,8426323ffffffff,26.637029854218397,2022
1226868.5554732978,53,84288e9ffffffff,75.399572111216656,2022
2978.0726318359375,53,8427189ffffffff,28.600358594317164,2022
637.32354736328125,53,8428815ffffffff,39,2022
15244802.022257008,53,84288bbffffffff,58.616818369417729,2022
4980880.255478085,53,84288a3ffffffff,64.70025302768876,2022
84531.943725585938,53,84278a3ffffffff,38.428054473582527,2022
45704800.330398142,53,842786dffffffff,49.334334802404967,2022
57798.05277674058,53,8426237ffffffff,30.52036868030298,2022
546334.37994384766,53,8428b37ffffffff,86.299797283385459,2022
78402.953900505512,53,8427427ffffffff,29.887821973949396,2022
493051.32574462891,53,842894bffffffff,88.471322468915162,2022
1547309.9788375555,53,8426337ffffffff,61.009697396917986,2022
104871.95758056641,53,8428b15ffffffff,45.499699315656535,2022
2180691.4780792841,53,8412cb3ffffffff,65.111861419032792,2022
50341867.424858779,53,84288a7ffffffff,75.4975357193541,2022
2040.1303100585938,53,8426185ffffffff,21.999129167720628,2022
37678.898579915367,53,842743dffffffff,39.287187324246105,2022
84453.223754882812,53,8428b39ffffffff,29.696081964572286,2022
111627.94207763672,53,842881bffffffff,31.633730277538096,2022
2211444.0050407858,53,8412db1ffffffff,57.7392227643365,2022
16069.575378417969,53,84271d1ffffffff,26.367433369640274,2022
159961.06659749348,53,84279dbffffffff,35.357714985789706,2022
4448.72314453125,53,8428901ffffffff,28.999074839328568,2022
919504.28913167317,53,8426331ffffffff,77.664635462155516,2022
452363.52996826172,53,84278abffffffff,39.008757022488659,2022
41443.600242943859,53,8427893ffffffff,42.046852293930471,2022
3136212.8047849168,53,8426141ffffffff,73.394352188007289,2022
363494.18017578125,53,842791bffffffff,35.2765903299225,2022
3601922.193467563,53,8427589ffffffff,60.003716836435586,2022
1273.63232421875,53,84288cdffffffff,17,2022
666.54827880859375,53,842674dffffffff,20,2022
14293018.095435288,53,8428897ffffffff,51.47156381432805,2022
12691227.399897078,53,8427a9dffffffff,78.2040946843403,2022
9550852.0813050512,53,8427929ffffffff,55.032342615504533,2022
18281.778951009117,53,842610bffffffff,24.788345130892694,2022
1890.8403930664062,53,842622bffffffff,28.334547920337975,2022
4149819.3794182278,53,842795dffffffff,36.855909958469091,2022
61313.589938534009,53,84279d3ffffffff,37.05798162899724,2022
5030351.8085987763,53,84262cbffffffff,50.115494947547418,2022
3789.9599609375,53,8428831ffffffff,37.501313348719727,2022
26066.151428222656,53,84278bdffffffff,34.074298191393837,2022
9876895.655026665,53,842796dffffffff,56.649952104586959,2022
1299.87939453125,53,8428a8bffffffff,45,2022
3128198.3375167553,53,84271abffffffff,70.422571521503414,2022
180753.63586425781,53,8428b0dffffffff,56.537522419332113,2022
1946.757568359375,53,8426063ffffffff,23.330548253625352,2022
65628.234313964844,53,8427921ffffffff,29.728430835864561,2022
148445.17993164062,53,8427519ffffffff,30.964787730546647,2022
122857.24816774855,53,842610dffffffff,35.3127826172668,2022
3249.4187622070312,53,8426055ffffffff,19.591871908732475,2022
3449041.3491663318,53,84289b7ffffffff,56.432344316456323,2022
51837.328735351562,53,842624dffffffff,31.046911743704918,2022
1311.4042358398438,53,8428ad5ffffffff,27.502080675891662,2022
654.044921875,53,84281b9ffffffff,49,2022
649.5557861328125,53,8428a81ffffffff,33,2022
13647757.118467323,53,8426ad7ffffffff,72.69775229732825,2022
136611.95733642578,53,8428b1bffffffff,31.948233310843698,2022
9685883.4210846536,53,8427961ffffffff,41.20111446910947,2022
19081.116271972656,53,84279a1ffffffff,46.266683239023912,2022
460538.73768238741,53,842751bffffffff,34.03867101079593,2022
2691.2515258789062,53,84261c3ffffffff,29.502639382049018,2022
1461658.7813720703,53,84271b9ffffffff,70.48011403826186,2022
5503.9735717773438,53,84270b1ffffffff,21.43957005360884,2022
5925.236083984375,53,84270e7ffffffff,26.098273821499809,2022
17567.847106933594,53,8426189ffffffff,29.843243157100535,2022
32689058.634026505,53,84288c7ffffffff,87.824841955778581,2022
87253.017639160156,53,8426249ffffffff,31.060786540403285,2022
975920.724849686,53,842621bffffffff,36.406939199355428,2022
3528148.0719676297,53,84262c7ffffffff,59.9174942906631,2022
82907.964050292969,53,8428949ffffffff,33.701613349415986,2022
13137973.899317602,53,8427955ffffffff,55.65389941766896,2022
36580.31982421875,53,84289ebffffffff,38.759946090643993,2022
3361.4449462890625,53,8426761ffffffff,29.198980737050938,2022
997075.767578125,53,84271e7ffffffff,37.920912485707987,2022
143264.64868164062,53,8426367ffffffff,33.081932019825885,2022
1703674.928372731,53,8426ae7ffffffff,78.063368773406737,2022
20181.860534667969,53,8428d25ffffffff,23.6175615713178,2022
65755.736389160156,53,8428987ffffffff,34.31531544832535,2022
1338152.0389504826,53,84271a7ffffffff,55.756078946292405,2022
106559.31746251724,53,8426059ffffffff,37.989733410024051,2022
6944008.4462021776,53,84288b3ffffffff,69.484195923882666,2022
1031096.8938924153,53,84289d1ffffffff,53.083786838861286,2022
23367320.311721385,53,8426ad5ffffffff,56.589107047101905,2022
12066853.28278904,53,842793bffffffff,75.999580635652478,2022
47605.208923339844,53,842793dffffffff,31.273306601637763,2022
53457114.176430613,53,8427855ffffffff,79.882550913034436,2022
31181.380065917969,53,84261d3ffffffff,29.260869475516348,2022
1786.9512939453125,53,84271d5ffffffff,29.666772094935993,2022
662.2916259765625,53,8426b03ffffffff,18,2022
2698.5164794921875,53,84261e3ffffffff,37.257823614293279,2022
15706.998840332031,53,8428b3bffffffff,44.539171475923489,2022
1295.653076171875,53,8428a9dffffffff,32,2022
128171.96380471622,53,8426209ffffffff,36.162612466258466,2022
37495.423522949219,53,8427987ffffffff,33.796305224222031,2022
37409.861389160156,53,842623dffffffff,30.647173577476561,2022
45759.339904785156,53,842633dffffffff,25.611340831744716,2022
548327.4907205021,53,84275d7ffffffff,38.918671446598694,2022
1631.96701372932,53,8426743ffffffff,33.237598750417547,2022
31960.685852050781,53,8426231ffffffff,36.465707410534662,2022
10839.060913085938,53,84288c9ffffffff,47.767725635411033,2022
588922.498840332,53,8427917ffffffff,34.628172255401175,2022
33772.824096679688,53,8426151ffffffff,27.615300825116549,2022
63807.149553605617,53,84289abffffffff,41.836125676950864,2022
922748.92570465687,53,8427527ffffffff,38.493093683287405,2022
15149966.261728566,53,84289d3ffffffff,64.782358552295165,2022
991944.44952392578,53,842788dffffffff,55.371716798533491,2022
72323.94677734375,53,8428849ffffffff,33.759007900806111,2022
331351.18127441406,53,84262a9ffffffff,56.064773103097224,2022
2317816.9587986367,53,84262d5ffffffff,48.571893954126359,2022
1844.1886596679688,53,842898bffffffff,27.665862302953808,2022
87423.674907370179,53,84279e7ffffffff,36.041126714099647,2022
26891.257934570312,53,84275a9ffffffff,30.246919081949812,2022
4466.7239990234375,53,8428ab1ffffffff,35.2913514685403,2022
64124455.825724758,53,842888dffffffff,81.346384085617473,2022
9475.5346069335938,53,84288d9ffffffff,31.004530214945834,2022
6849829.79204293,53,84278c5ffffffff,62.323612929763094,2022
4945952.171634689,53,842628dffffffff,60.744080568727583,2022
4297.3150156058518,53,8426747ffffffff,36.3732297801378,2022
12746.601178098193,53,84288edffffffff,27.720072195067143,2022
19617.978637695312,53,8426b65ffffffff,36.377287297148968,2022
19207.270080566406,53,842629bffffffff,43.27660263706872,2022
383360.53830590344,53,8426239ffffffff,39.753901180977969,2022
28352895.871225871,53,8412c95ffffffff,69.620214438857417,2022
15033.061889648438,53,84288d3ffffffff,28.419822302799826,2022
1523035.3367496266,53,84271a9ffffffff,41.606967493984826,2022
2053.4442749023438,53,8426187ffffffff,22.333133513442707,2022
3545173.8824259443,53,84271a5ffffffff,61.53148085439954,2022
4565.8969116210938,53,8426057ffffffff,44.707496204766741,2022
5087353.2191968728,53,8427aabffffffff,56.91061687687192,2022
165580.61956787109,53,84262b7ffffffff,56.246074647336471,2022
79450919.985992059,53,8427947ffffffff,51.518564102302285,2022
11663.230407714844,53,84281a3ffffffff,46.107166050918728,2022
71471444.9893014,53,842790dffffffff,49.40189994480172,2022
4674.4066162109375,53,84281c3ffffffff,27.427121248756848,2022
7920.5683773265164,53,8426a1bffffffff,25.899213502087065,2022
1250073.2270625096,53,842759dffffffff,44.175856276846432,2022
8330636.9390395228,53,8427865ffffffff,39.319206206332112,2022
2873312.9895019531,53,8426215ffffffff,53.849713668920145,2022
1036669.2486684761,53,8427513ffffffff,64.04699020681602,2022
20382.008239746094,53,8427511ffffffff,28.934708687644861,2022
34903.77880859375,53,8426061ffffffff,28.002085172379385,2022
95736.9619140625,53,8428b23ffffffff,36.6766614462505,2022
1399678.3318481445,53,8426349ffffffff,49.315381484896889,2022
3416895.6766639855,53,8427965ffffffff,69.536043922332084,2022
41820.43798828125,53,8412d87ffffffff,28.343318335129691,2022
603.76092529296875,53,8427099ffffffff,18,2022
63433.498107910156,53,8428841ffffffff,32.127058175053264,2022
11929198.600983266,53,8428883ffffffff,54.229278937718171,2022
192103.10974121094,53,8426243ffffffff,29.920274969253761,2022
65173.857841222423,53,8426261ffffffff,32.952695788311331,2022
878425.73132324219,53,8428f09ffffffff,54.912344711032169,2022
548793.103515625,53,84288abffffffff,33.640297706038851,2022
7011.3401489257812,53,8428f47ffffffff,42.286247002003428,2022
1206.7483520507812,53,84289a7ffffffff,32,2022
901023.04479980469,53,8427937ffffffff,45.571492360641727,2022
66378201.7512425,53,8427809ffffffff,86.987677490606629,2022
19156.544128417969,53,8427439ffffffff,30.937126787399354,2022
1623996.5591430664,53,842719bffffffff,62.306233742809852,2022
2003.4627685546875,53,8428a2bffffffff,31.666612804844053,2022
9349760.6370009482,53,84262c3ffffffff,63.013408948457368,2022
30502172.401332002,53,842794dffffffff,70.207217824822237,2022
4080.7343139648438,53,8426729ffffffff,46.344349403117029,2022
52238.350830078125,53,8412d97ffffffff,30.344443830776136,2022
1918.5889282226562,53,8428807ffffffff,65.014593549991673,2022
1322930.6978400727,53,84288e5ffffffff,59.980279132498289,2022
462874.90844726562,53,84281b5ffffffff,60.121769482415836,2022
15665.061096191406,53,8427467ffffffff,38.815453500488147,2022
46264591.463752776,53,8427ae3ffffffff,73.321212197353077,2022
618.69110107421875,53,84289d5ffffffff,32,2022
1343835.4669952991,53,8428887ffffffff,68.62093624703077,2022
9614.5631713867188,53,842753bffffffff,36.798972795448861,2022
11063128.311633062,53,842783dffffffff,64.664356007989227,2022
4099420.7870638976,53,8426ac3ffffffff,56.110086021312014,2022
37675.033874511719,53,8428f5dffffffff,26.28864245468322,2022
1254.592529296875,53,842750bffffffff,36,2022
928598.92938232422,53,8427437ffffffff,46.442620762848932,2022
1725738.9462890625,53,842619dffffffff,75.451302337258625,2022
75779.892395019531,53,8428941ffffffff,36.8649302453636,2022
8901081.1511876732,53,84262edffffffff,74.784309090211053,2022
630.54559326171875,53,8428f05ffffffff,68,2022
80638.731871122465,53,842635bffffffff,38.755180188531696,2022
6858.918212890625,53,8428f39ffffffff,27.908933553341342,2022
9752407.5971842445,53,84275cdffffffff,82.599678599467481,2022
21156301.605855066,53,8427a81ffffffff,72.864998725987391,2022
78440922.468712181,53,8428885ffffffff,90.141037128874487,2022
167045.56866455078,53,842742bffffffff,29.8383935195698,2022
1989.0567016601562,53,8428ad9ffffffff,34.66202023062899,2022
23362.585510253906,53,84279d7ffffffff,46.227921287396427,2022
27948.045471191406,53,8426051ffffffff,30.630346648221565,2022
17135.877746582031,53,8428a31ffffffff,29.61467566679968,2022
241766.28779392617,53,8427523ffffffff,38.809469232189514,2022
4519.2500610351562,53,842880dffffffff,28.142327459250822,2022
218850.10914306639,53,8426341ffffffff,28.093489312258153,2022
1317.8079223632812,53,8428aedffffffff,24.002240381567013,2022
207097.29620361328,53,84288ddffffffff,50.399792360344065,2022
31001.807250976562,53,8428907ffffffff,29.771737708004792,2022
29051.123229980469,53,84275abffffffff,30.904936940379024,2022
193383.57257080078,53,8428f0bffffffff,42.970697772082126,2022
1035904.0283779968,53,842612bffffffff,62.262494324532184,2022
1220440.8945803177,53,8428923ffffffff,47.7110010330765,2022
189509.28993063534,53,8427187ffffffff,40.276466141042285,2022
610444.37463378906,53,8427827ffffffff,32.8953199014117,2022
13815.116760253906,53,8428f2dffffffff,23.501568060098627,2022
3266254.7993532666,53,8428895ffffffff,42.384337483006362,2022
281904.28045654297,53,842758bffffffff,33.811010909984134,2022
6917712.9986012168,53,84289d9ffffffff,59.727681830608127,2022
1988.0000610351562,53,8428a3dffffffff,30.333270947300289,2022
291194.20163023705,53,8426247ffffffff,35.546433502543231,2022
474375.8850258023,53,84289bdffffffff,48.449350045364078,2022
33127.175380572153,53,8427191ffffffff,24.348031050162941,2022
83605.322326660156,53,8412da5ffffffff,29.513422977869432,2022
1611030.5680891448,53,84288b7ffffffff,57.621893188959383,2022
6684.4527587890625,53,8426acbffffffff,25.600131609326876,2022
26988.2646484375,53,8428981ffffffff,32.204967478450108,2022
44746.799016256889,53,8427837ffffffff,53.7849288878151,2022
1218938.7716674805,53,8426265ffffffff,66.390341680368039,2022
11788.046875,53,8428ae1ffffffff,27.6647038532975,2022
2428.8582763671875,53,84289a1ffffffff,29.002294844698554,2022
111307.14766869639,53,8426157ffffffff,30.482414507286446,2022
500911.36795941519,53,8428b25ffffffff,70.941710533621674,2022
25117975.515973013,53,8427963ffffffff,55.398249268378414,2022
64080365.371629179,53,8427851ffffffff,77.030237805667838,2022
12199.000432272518,53,842628bffffffff,41.661641850702,2022
58917.979187011719,53,84289b9ffffffff,34.346617479870147,2022
4521507.077120672,53,842885dffffffff,51.606402757258358,2022
354681.51568603516,53,8428d65ffffffff,66.382548811392368,2022
5950381.0048583979,53,8427a89ffffffff,62.873137515158568,2022
3699.24072265625,53,84270b3ffffffff,33.331362719598417,2022
7328095.4369987939,53,84288d7ffffffff,48.927662728936447,2022
2810481.9680175781,53,84288c5ffffffff,53.474076837786136,2022
221966.90899658203,53,842619bffffffff,63.404228774855405,2022
4609.8931274414062,53,8428a35ffffffff,36.005567316459889,2022
1791389.0200195312,53,8428b03ffffffff,64.627188013371793,2022
191910.29425048828,53,84271a3ffffffff,33.095841892422719,2022
5517741.10994131,53,84279c1ffffffff,75.415312601891273,2022
9859.5718994140625,53,8426103ffffffff,21.804222659826287,2022
1024284.9628295898,53,842894dffffffff,75.325517699651286,2022
17249.610534667969,53,8428a23ffffffff,43,2022
15018872.425652716,53,8427841ffffffff,76.948076102886176,2022
331316.83111572266,53,8426251ffffffff,49.309813374196267,2022
575090.89817804075,53,8427823ffffffff,36.02449621458122,2022
114394.35079776539,53,84279e5ffffffff,33.170749025927272,2022
52459.181884765625,53,842752bffffffff,46.772400521603458,2022
352181.73671180871,53,8426a8dffffffff,32.744460006769494,2022
9988.23486328125,53,8428133ffffffff,40.005228960781743,2022
1187.879638671875,53,8412d99ffffffff,36,2022
55955.253601074219,53,8426163ffffffff,41.9116566459422,2022
38227.392822265625,53,8428b21ffffffff,35.29306994379165,2022
3281.8004150390625,53,8428a37ffffffff,43.408531470669594,2022
19058.629821777344,53,842611dffffffff,25.791086270457619,2022
3157334.6048265649,53,8427989ffffffff,34.592892128498953,2022
98567.427640787762,53,8427525ffffffff,32.315201105123755,2022
45478.002962718288,53,8428b13ffffffff,31.504478446431129,2022
181012.37384033203,53,84275c9ffffffff,34.614642368618853,2022
43849.675476074219,53,8427821ffffffff,31.015043662737341,2022
12382.436889648438,53,8428ae7ffffffff,32.796824421616179,2022
8850536.8013176415,53,84288a9ffffffff,76.866998789427839,2022
2348661.896623679,53,842621dffffffff,51.789950088950569,2022
24103.297119140625,53,8426ae9ffffffff,24.973230991124474,2022
540771.43127441406,53,8426297ffffffff,62.357861472837413,2022
2403694.5008875229,53,8427ac3ffffffff,54.840144686948086,2022
431773.62731933594,53,842880bffffffff,42.717733174697635,2022
951587.88665771484,53,8412d9dffffffff,57.133780256382714,2022
29935.229797363281,53,8427181ffffffff,34.559838610706564,2022
3093.6544668160232,53,8426745ffffffff,34.395384020166738,2022
46807.714111328125,53,8428abdffffffff,26.949075414225973,2022
6416413.2992553711,53,84271b1ffffffff,73.403809401321013,2022
15304.928785615808,53,84260a1ffffffff,29.67738443672361,2022
49058.240356445312,53,84279c5ffffffff,37.005371185627794,2022
44387.233093261719,53,8428a8dffffffff,33.880794780128468,2022
764638.68963335827,53,8427537ffffffff,44.3748794154295,2022
13343.719055175781,53,8428a11ffffffff,28.001790036352588,2022
1245.4971923828125,53,84289e9ffffffff,49,2022
5484411.5362438727,53,8428b1dffffffff,67.161734340076364,2022
381193.82373046875,53,8428b31ffffffff,79.360442815010785,2022
2447.2589721679688,53,8427197ffffffff,24.993390295279884,2022
1571105.1882161458,53,8426345ffffffff,42.8631112459174,2022
51245.885192871094,53,8427805ffffffff,31.383998270783419,2022
193841.91918945312,53,84261a3ffffffff,56.342287722820153,2022
3767.4818115234375,53,8426357ffffffff,32.326120538786455,2022
1272.8323974609375,53,8427991ffffffff,30.9999837921451,2022
12444.165649414062,53,8412d81ffffffff,20.239537992971634,2022
912569.39538741764,53,84279cbffffffff,68.854900278871327,2022
113805.42504882812,53,8426335ffffffff,33.124712216062839,2022
255121.04516601562,53,84278e1ffffffff,39.07609928280052,2022
148485.45104980469,53,84279d5ffffffff,39.631535286567768,2022
2533.3099365234375,53,8427503ffffffff,44.492439577648881,2022
6794464.0860375492,53,84288a5ffffffff,58.46509753069688,2022
37245746.001606777,53,8427ae1ffffffff,68.088850782833092,2022
3328.5225830078125,53,8426131ffffffff,28.395506761094452,2022
1643890.5156446272,53,8426363ffffffff,75.7554060068452,2022
169136.25805664062,53,8428d2dffffffff,33.4917541083368,2022
128920.26647949219,53,8412db9ffffffff,30.308201089418855,2022
2085146.7893571444,53,8427967ffffffff,55.723223432955635,2022
86348697.442392379,53,842785dffffffff,77.18193335450745,2022
40093.18310546875,53,84289a5ffffffff,36.777615877545713,2022
3106.5771484375,53,8427547ffffffff,23.002694635719642,2022
16257.859191894531,53,842622dffffffff,27.346280946266354,2022
440601.81781005859,53,8426121ffffffff,33.573741350110588,2022
28134.707232785691,53,84288ebffffffff,35.190003283461465,2022
609.7989501953125,53,84270b5ffffffff,32,2022
5270.32373046875,53,8428a33ffffffff,22.866164308314271,2022
2221043.742980957,53,8426233ffffffff,71.794723635629055,2022
3815.7113037109375,53,842799bffffffff,35.999622628314448,2022
353553.91528320312,53,84278edffffffff,33.173855505368856,2022
7241441.3509521484,53,8427885ffffffff,73.819247969427735,2022
2000.5704345703125,53,8428135ffffffff,33.330125691079445,2022
37815173.970946558,53,8427969ffffffff,57.589163722961025,2022
54402.001098632812,53,8428931ffffffff,28.991929344406707,2022
324325.17279052734,53,8427199ffffffff,50.068045744791036,2022
16027.742553710938,53,8412da9ffffffff,22.591334991991996,2022
9164.3482055664062,53,8428983ffffffff,34.336717676527577,2022
12634.212829589844,53,8428b57ffffffff,31.947545978531881,2022
3135.735107421875,53,84278d7ffffffff,24.995812412687634,2022
1177870.5961303711,53,8428817ffffffff,56.467035721845214,2022
37761.287963867188,53,84271d7ffffffff,26.099736610280132,2022
8327.515625,53,84271dbffffffff,28.146479145519091,2022
1899.709716796875,53,8427887ffffffff,46.017370303928267,2022
4780016.2040893557,53,84279d9ffffffff,71.4961414137544,2022
1185.113037109375,53,8412ca3ffffffff,23,2022
422553.55189161113,53,84262d1ffffffff,38.589896969998861,2022
334378.298828125,53,8428899ffffffff,29.221416075478963,2022
103883.6630859375,53,8427183ffffffff,28.541152656318495,2022
10625766.383460669,53,8427ab5ffffffff,75.247374887117857,2022
48423849.421301261,53,8427857ffffffff,80.151346081154685,2022
8668.9354248046875,53,8426b25ffffffff,19.384936326741052,2022
92054.260559082031,53,8427983ffffffff,31.808753557317171,2022
3748.2232055664062,53,842625bffffffff,25.504782026523017,2022
35610.532165527344,53,84278a7ffffffff,40.8908816551508,2022
74805.9169921875,53,8426339ffffffff,35.379480801027043,2022
5278.11669921875,53,8426115ffffffff,28.251513818803186,2022
20251.8388671875,53,8428903ffffffff,31.091651881727753,2022
473226.47418212891,53,8426365ffffffff,35.917277220164635,2022
25363.643798828125,53,8427923ffffffff,36.487657846219953,2022
543694.10550369555,53,8427833ffffffff,36.937109232492318,2022
5563.0198974609375,53,84289e1ffffffff,34.99698452516914,2022
45599305.326615162,53,8427943ffffffff,51.58057822627979,2022
186570.56640625,53,8428945ffffffff,58.248542596645478,2022
407912.12019258388,53,8426143ffffffff,43.350521106227134,2022
53361.22265625,53,8427999ffffffff,37.039670992038488,2022
42452.43115234375,53,8426245ffffffff,32.9290573638263,2022
23741.280395507812,53,842618bffffffff,25.601094764083538,2022
131702.61651611328,53,84275e3ffffffff,28.642710806545729,2022
14859.606079101562,53,842889bffffffff,26.288694737454506,2022
168702.18359087774,53,842758dffffffff,31.587098092119781,2022
8888.9659423828125,53,8428ab7ffffffff,39.504375184851952,2022
141380.80792236328,53,8427829ffffffff,32.998682164049249,2022
204502.86199951172,53,84262dbffffffff,33.7596952964213,2022
585246.14794921875,53,8426adbffffffff,40.807718965853205,2022
18415631.016113281,53,8426217ffffffff,72.990845685759069,2022
662.677978515625,53,8428a13ffffffff,42,2022
698949.02715274587,53,8427845ffffffff,43.305867903239339,2022
32168.897033691406,53,8426321ffffffff,29.781909031469226,2022
5939.5109252929688,53,84275a1ffffffff,26.767045940968163,2022
37269.767578125,53,8428aa3ffffffff,34.775747483403443,2022
51107.082885742188,53,842634bffffffff,26.326156229066783,2022
456685.56085205078,53,84271b5ffffffff,49.353340903039495,2022
103626.99285888672,53,8427407ffffffff,35.446468319654528,2022
6176.7484130859375,53,842626bffffffff,23.50093053501287,2022
9795937.3892458454,53,8427803ffffffff,71.0844575057704,2022
3979429.040222168,53,84275cbffffffff,67.567859926774844,2022
1280.3712158203125,53,8428abbffffffff,28,2022
867663.09400898055,53,8426acdffffffff,34.985309436435031,2022
41086.605102539062,53,84262adffffffff,37.121964400244508,2022
20622.682556152344,53,8426353ffffffff,26.457284560361838,2022
363049.6533203125,53,8426347ffffffff,44.901227551733953,2022
95283.488891601562,53,84279a3ffffffff,61.962102876418427,2022
274103.9537533031,53,84288c1ffffffff,42.723461903587932,2022
123928.8916015625,53,84279abffffffff,33.157179758234591,2022
23874.342590332031,53,842792bffffffff,30.99621953298989,2022
4650.3502197265625,53,84275a7ffffffff,22.856945864371092,2022
33082693.50178941,53,84288b9ffffffff,73.845087781153509,2022
8676875.508972168,53,8427583ffffffff,73.530703170648408,2022
35064.701292030484,53,8426065ffffffff,31.474236068420282,2022
4418394.7296173684,53,84262cdffffffff,44.288525131645329,2022
30300.72216796875,53,8426303ffffffff,27.395248003013542,2022
12959.051696777344,53,8427927ffffffff,30.860809963859314,2022
242294.83666992188,53,8426199ffffffff,38.918234475095552,2022
44305856.165079989,53,8427a83ffffffff,75.47999496222468,2022
657.69049072265625,53,8426299ffffffff,18,2022
1758363.0216954849,53,8427a9bffffffff,65.99894136250488,2022
40740.026916503906,53,842616bffffffff,40.350114677776666,2022
29123.26288320504,53,8428905ffffffff,32.103516994334157,2022
1282.5552978515625,53,8428805ffffffff,23.499987436579712,2022
94417.792297363281,53,84279a9ffffffff,50.914667247361905,2022
7854.456787109375,53,8428859ffffffff,38.584979844960756,2022
21286925.717810776,53,8427aa9ffffffff,73.543378252467264,2022
3755.0933837890625,53,8428837ffffffff,28.666471597415295,2022
39753485.012063652,53,8427945ffffffff,58.683892028534679,2022
35609.338134765625,53,8426315ffffffff,26.787474969550242,2022
9978544.4450987559,53,8427915ffffffff,75.528718350584981,2022
3176.4992065429688,53,8428825ffffffff,28.992594002090126,2022
5055191.3077682192,53,84279e3ffffffff,86.977155889107237,2022
7350210.8755150894,53,84271e3ffffffff,56.828893719489542,2022
116365.77751464843,53,8428f03ffffffff,43.787879780215874,2022
123387.9447538488,53,84279c9ffffffff,37.404839395101483,2022
184198.63806152344,53,842884dffffffff,68.494620589949463,2022
129604326.15124725,53,842785bffffffff,82.586651467679857,2022
11005.42724609375,53,8428aa9ffffffff,27.115184369483895,2022
19328793.658391975,53,8427839ffffffff,61.853210680307555,2022
2167972.2420773972,53,84275c1ffffffff,67.433480442115467,2022
164541.9065977807,53,8428aebffffffff,28.284256444124981,2022
169058.29971540862,53,8426147ffffffff,35.836568334549625,2022
1564949.8001005284,53,842791dffffffff,40.441246209357637,2022
1874.1813354492188,53,84289c5ffffffff,31.332058036928689,2022
3755.7906494140625,53,8426205ffffffff,24.998324234807079,2022
3341.1480712890625,53,84275b5ffffffff,36.400003653543926,2022
15374278.708349608,53,84288d5ffffffff,55.131342071998489,2022
82452.717956542969,53,84270a3ffffffff,27.720576695984629,2022
5848904.7477424163,53,84275d5ffffffff,57.89189422323917,2022
1442432.2283160042,53,8426219ffffffff,46.2983607100295,2022
1814616.6359540154,53,84262c5ffffffff,47.00777505748205,2022
58725.975454532396,53,8428921ffffffff,29.448924524424818,2022
1492865.1175465302,53,8427ab7ffffffff,45.729503896757286,2022
2609.4239501953125,53,8426053ffffffff,33.752845953816077,2022
3114620.7455006321,53,8426a9bffffffff,66.325041134131226,2022
38999.271362304688,53,8426343ffffffff,29.614665398818627,2022
6390.047607421875,53,8428f6dffffffff,19.499847222214264,2022
180335.27111816406,53,842633bffffffff,37.214170725045207,2022
11158.850036621094,53,8426025ffffffff,22.174811778892195,2022
2519.4437866210938,53,8427557ffffffff,24.496123109118589,2022
645914.45892190374,53,8427ab3ffffffff,38.361965271040987,2022
225398.25397183292,53,8427939ffffffff,38.290091597695792,2022
1435706.1046776865,53,8428f4bffffffff,51.627571759231316,2022
3358717.9526360002,53,8426a99ffffffff,50.26044844493812,2022
15752821.740076162,53,84275c5ffffffff,67.239781887726863,2022
9092.7891235351562,53,8428993ffffffff,32.408104030966491,2022
15613.087341308594,53,8428b33ffffffff,27.916751901898269,2022
10521.280700683594,53,8426259ffffffff,26.058533984174314,2022
1422759.4521484375,53,8428f55ffffffff,64.292291848839724,2022
4295676.9949553832,53,84289b5ffffffff,59.820730229085285,2022
31473040.800871488,53,84288adffffffff,66.874586571696568,2022
383431.91518674366,53,842899bffffffff,34.755209135937342,2022
102016.00830078125,53,8428853ffffffff,34.816446957631996,2022
4922.890380859375,53,8427925ffffffff,39.111722859356547,2022
8470.9127807617188,53,8427083ffffffff,31.714296996698586,2022
42879.561767578125,53,8426ac5ffffffff,25.813927670380142,2022
3791356.469420908,53,8428b19ffffffff,61.850055210326886,2022
1706256.2453555837,53,8427185ffffffff,55.197733467287364,2022
31611.309387207031,53,842605dffffffff,27.980571667507533,2022
3271.3010864257812,53,8428b35ffffffff,47.202488135669242,2022
20747938.470474541,53,8426a89ffffffff,62.892839032215392,2022
1985.3253173828125,53,842611bffffffff,17.333336182198671,2022
6327.4508056640625,53,842883bffffffff,27.598578876372187,2022
13322869.936569154,53,8427869ffffffff,64.302091430475755,2022
11439724.543419214,53,8427aa5ffffffff,75.342534990881347,2022
170791.46723872167,53,842602dffffffff,48.296458865200748,2022
6232.1326904296875,53,842620dffffffff,31.488570998995154,2022
68077.177368164062,53,84278a9ffffffff,34.992222503161742,2022
19327.665954589844,53,8426293ffffffff,25.856376009890266,2022
237381.29638025619,53,84279e9ffffffff,38.817212245940048,2022
12604.962341308594,53,8428939ffffffff,30.448981955005038,2022
4228.7125854492188,53,84270abffffffff,28.001241729112877,2022
5353093.9571114331,53,8428881ffffffff,50.452523373357714,2022
1262.8310546875,53,8428911ffffffff,32,2022
5337263.5967598706,53,842782bffffffff,47.260264891467386,2022
18357.072326660156,53,842685bffffffff,29.148121120896036,2022
860479.49829101562,53,8428813ffffffff,48.412673247843728,2022
273541.81289373658,53,8427431ffffffff,48.227681595626059,2022
7812.3218994140625,53,8426167ffffffff,29.079332128837123,2022
32762.977355957031,53,8428819ffffffff,31.821648516278813,2022
113911.89801025391,53,84261a9ffffffff,28.337908483347629,2022
12000.442199707031,53,8412da1ffffffff,25.999870549203852,2022
1914142.7599125882,53,8428b05ffffffff,85.773275121086016,2022
9406.7673950195312,53,842630bffffffff,27.266277809404912,2022
3066241.0004578833,53,8427813ffffffff,67.203445515171964,2022
3084.4998779296875,53,84289e3ffffffff,29.595992068773494,2022
58312.390156824447,53,842889dffffffff,35.078201890381422,2022
9659.7745361328125,53,8427533ffffffff,30.659378125952788,2022
12608.231079101562,53,84281d5ffffffff,29.949104893335225,2022
27214247.257434081,53,8427801ffffffff,85.317512436920865,2022
16453.621398925781,53,84260a7ffffffff,33.46416467810969,2022
4583.7569580078125,53,8428187ffffffff,61.012806611065095,2022
11055754.971652403,53,84262c1ffffffff,62.002144609173328,2022
582581.927734375,53,84262d3ffffffff,53.749908396651975,2022
4877468.2889557481,53,84288c3ffffffff,79.685790347181666,2022
89014.506530761719,53,842632bffffffff,32.281710058704711,2022
27757.25146484375,53,84289b1ffffffff,39.603211534971393,2022
897689.131955375,53,8412cb9ffffffff,36.632495187942055,2022
68974.9611967199,53,8428937ffffffff,31.512689975919525,2022
5913.3425903320312,53,8428183ffffffff,39.894989219346954,2022
4525.0549926757812,53,842895dffffffff,21.713603839926574,2022
3689.01513671875,53,8428985ffffffff,35.170547840314022,2022
4525992.788427256,53,8427957ffffffff,52.112180478033572,2022
2035.3421630859375,53,8426181ffffffff,25.333659239262154,2022
594.50628662109375,53,84270e3ffffffff,19,2022
13849.191223144531,53,8428a27ffffffff,36.668052808268357,2022
8136072.2725219727,53,8426257ffffffff,66.295395252183837,2022
1403020.998840332,53,84262e7ffffffff,59.775343447476338,2022
1932.6004028320312,53,8428a95ffffffff,31.012789430176014,2022
2378865.5409143791,53,8427981ffffffff,59.044370243786332,2022
11552.10791015625,53,842606dffffffff,27.054346903088618,2022
23469.064731732535,53,8427193ffffffff,27.923587856542195,2022
90607.299743652344,53,84278a5ffffffff,37.458253856463244,2022
662.60748291015625,53,842818dffffffff,68,2022
61462.319519042969,53,84279d1ffffffff,36.899660166672142,2022
20815746.005515665,53,84288a1ffffffff,76.481562592544478,2022
20226651.891509645,53,84278c1ffffffff,72.177522940226254,2022
17068.76220703125,53,84260a5ffffffff,31.921386871519367,2022
206892.58150108188,53,8426addffffffff,36.693498161745275,2022
2591.8517456054688,53,8428aadffffffff,25.99456831393853,2022
24470204.239985447,53,842790bffffffff,69.12511748061543,2022
89066.756591796875,53,8426129ffffffff,30.448299542619175,2022
2403.5839233398438,53,8428d0bffffffff,23.499995467278971,2022
35656.486694335938,53,84289e7ffffffff,37.967279625345114,2022
1391151.957824707,53,84279cdffffffff,38.722674318002205,2022
1315600.3501756857,53,8426307ffffffff,67.489016325090418,2022
14569602.894958256,53,84278ddffffffff,66.985416195525929,2022
253189.95359245749,53,8427599ffffffff,38.902898349584817,2022
4395471.7661893955,53,84275e9ffffffff,79.996216808119257,2022
4515.3190307617188,53,84275edffffffff,29.14727160294855,2022
1556469.6606383082,53,8426ad3ffffffff,52.711462222765554,2022
51847153.995251954,53,8412c93ffffffff,63.43666638740482,2022
1322.0751953125,53,8428ac5ffffffff,30,2022
138036.60699462891,53,8428809ffffffff,33.6295466668724,2022
15991.383911132812,53,8412d8bffffffff,30.153046222393151,2022
141469.82525634766,53,8427195ffffffff,50.090935268593896,2022
378378.305496515,53,8426241ffffffff,37.902892661570313,2022
810633.7264181698,53,8426201ffffffff,48.878822672471735,2022
677064.68946102378,53,842884bffffffff,46.402233822211549,2022
946272.24263963883,53,8426127ffffffff,43.028941482181637,2022
19948.433471679688,53,8426135ffffffff,28.099571106697482,2022
557007.10775553389,53,8427581ffffffff,32.479434503113652,2022
10301194.606495578,53,84278cbffffffff,69.730074510364886,2022
62816.489868164062,53,8428803ffffffff,36.071394078405916,2022
659284.05578613281,53,84271bbffffffff,64.832020511841236,2022
42719.741455078125,53,8426253ffffffff,28.028458122437161,2022
30975.481244255516,53,8426125ffffffff,41.46666402512539,2022
58606.739590992649,53,84278e7ffffffff,35.486404879587447,2022
3025385.0070894128,53,8426ac9ffffffff,43.49558373914644,2022
219928.54022216797,53,8426ad1ffffffff,29.244730619638695,2022
99500.054125976574,53,8426281ffffffff,36.940223772923183,2022
2506.6694946289062,53,8428f07ffffffff,43.749989560321652,2022
7646.7725830078125,53,8427515ffffffff,39.167266268907071,2022
365303.98663330078,53,8427421ffffffff,66.877852942646285,2022
15427967.462025836,53,842781bffffffff,75.621046934254323,2022
795602.97814941406,53,8427899ffffffff,51.169145649560988,2022
34995.358032226562,53,8426327ffffffff,31.308954886744832,2022
25628.618530273438,53,8412d83ffffffff,31.694801090945415,2022
147793.51385498047,53,8412d95ffffffff,36.704636923437143,2022
18501517.693790209,53,84275c3ffffffff,68.036109756302267,2022
36755942.501856193,53,84289dbffffffff,74.520170320374433,2022
1265225.6784962374,53,8428f43ffffffff,58.2424276685941,2022
1789.6280517578125,53,8428d15ffffffff,31.001307242327123,2022
5091.8427124023438,53,8428ab3ffffffff,49.11972104058183,2022
6174.3604125976562,53,842756dffffffff,25.201597119893997,2022
1302.5767822265625,53,8428869ffffffff,23,2022
86379.4180460612,53,842615bffffffff,28.919173550120874,2022
2578696.6986548332,53,8426369ffffffff,75.327229661072408,2022
13275853.176752785,53,842893dffffffff,71.143584435617569,2022
15668189.719383569,53,8427867ffffffff,75.25705386900259,2022
3326.71533203125,53,8428a25ffffffff,24.400218556480716,2022
2124283.4320515948,53,842636dffffffff,61.991669245181257,2022
2652.9742431640625,53,84281e5ffffffff,26.500022799256342,2022
381427.67752039293,53,842798dffffffff,31.515883413420486,2022
6575.6676635742188,53,8428b3dffffffff,33.9952826053386,2022
151013.89759521483,53,8428f01ffffffff,44.243095305643244,2022
62086.282348632812,53,8426183ffffffff,33.91943500612674,2022
6172.4092407226562,53,8426191ffffffff,24.888889710723518,2022
3850347.120300293,53,8427ab1ffffffff,56.926509917819594,2022
517381.03275314032,53,84275d9ffffffff,36.602096149038026,2022
3693.1734008789062,53,84289d7ffffffff,24.492531675436528,2022
8256.0623779296875,53,84279adffffffff,34.769675353824915,2022
6610.513916015625,53,842818bffffffff,28.199369429359191,2022
1896.8984375,53,8426325ffffffff,18.667724901978147,2022
1797322.3198852539,53,84278a1ffffffff,60.957983203887053,2022
1329.7388916015625,53,84262bbffffffff,49,2022
9511.5250854492188,53,8426311ffffffff,27.061942636960904,2022
9423.087158203125,53,84288dbffffffff,27.468039928787146,2022
453197.42816162109,53,8428d6dffffffff,55.627980967567495,2022
111261.58221435547,53,842782dffffffff,30.930820451149231,2022
292034.84446806065,53,8427435ffffffff,29.948203311660706,2022
2352274.0834139953,53,842615dffffffff,65.197527085243877,2022
22880.795532226562,53,8426153ffffffff,24.513206273510889,2022
1626019.2335059072,53,84279edffffffff,84.12952308610889,2023
181141.1614501953,53,8426ae3ffffffff,39.102948839332626,2023
42831902.591567323,53,842780bffffffff,83.861200248017624,2023
4455.8310546875,53,8427891ffffffff,28.864608206285173,2023
1291958.085144043,53,8428893ffffffff,58.826181710836444,2023
3102.6541137695312,53,842625dffffffff,28.805215340122047,2023
5707185.2055664062,53,8426203ffffffff,55.057744340522476,2023
8340.6471557617188,53,8428f41ffffffff,30.322913974556155,2023
4472.2227783203125,53,8426317ffffffff,28.861160070398743,2023
15631.251037597656,53,842893bffffffff,29.880227264704025,2023
1792199.0077189128,53,8427aa3ffffffff,64.084241560804472,2023
766103.40755639167,53,8426355ffffffff,46.720700989930933,2023
580543.001104138,53,842783bffffffff,38.280422710006427,2023
1387071.7607101141,53,8412db3ffffffff,41.8903635507399,2023
4955565.8529663086,53,84262e3ffffffff,69.150247607584419,2023
18083.081848144531,53,8412dbbffffffff,28.264361554009273,2023
1781102.3515423944,53,8427959ffffffff,42.844941665211877,2023
280898.40165201825,53,8426ac1ffffffff,35.590643861012211,2023
5867010.0431599934,53,84271a1ffffffff,71.666693958130764,2023
1923.5499877929688,53,8428953ffffffff,19.666205644007604,2023
3829630.0538667571,53,84278e3ffffffff,78.605329752923126,2023
10208680.226189349,53,8427ad5ffffffff,52.718337429097538,2023
578956.02471923828,53,84270a5ffffffff,59.41520251113522,2023
1221.5142822265625,53,84270bbffffffff,18.500001249169927,2023
33023023.116160911,53,8412cbbffffffff,77.21079829156939,2023
10584061.543830901,53,8427831ffffffff,66.503520845735835,2023
11850.391296386719,53,8427567ffffffff,33.205722924651866,2023
6162946.6858218918,53,84275ddffffffff,61.6299626270324,2023
7137513.3885414274,53,8428843ffffffff,55.68439383121887,2023
9649.9613647460938,53,8428aa1ffffffff,39.185916992728,2023
3313.5415649414062,53,8426b2dffffffff,30.798121426478794,2023
198315.57666015625,53,84278d3ffffffff,40.597669819282,2023
2642.1182250976562,53,8426139ffffffff,29.246791125534251,2023
152543.36499023438,53,842620bffffffff,29.115772063458589,2023
8371.4285888671875,53,8412cb5ffffffff,40.854357639655191,2023
86099.794616699219,53,8412d85ffffffff,29.965658058539994,2023
36519.32470703125,53,8426359ffffffff,25.441413529761512,2023
10492946.946644263,53,8427425ffffffff,67.467488410033525,2023
526158.09503173828,53,8428927ffffffff,53.4243685539756,2023
8369565.5856488394,53,842623bffffffff,63.730623379284147,2023
8096.8753051757812,53,84260dbffffffff,25.999998643139765,2023
3333.4073486328125,53,84281e9ffffffff,27.799605072245772,2023
1327.5975341796875,53,8428189ffffffff,23,2023
210956.56561279297,53,8427985ffffffff,38.954293188218315,2023
1340.5161743164062,53,84261c7ffffffff,36.499404111921415,2023
48639.477966308594,53,8428ac9ffffffff,55.109085149520681,2023
4555.6197509765625,53,8428847ffffffff,36.709299423250016,2023
16885.069702148438,53,84261dbffffffff,34.881662079090233,2023
12475.560852050781,53,8426267ffffffff,21.3994632836566,2023
1779936.6415405273,53,8427aa7ffffffff,68.686557146357643,2023
6129093.5412190771,53,84262e9ffffffff,68.893660882125431,2023
135351.45403310738,53,842634dffffffff,35.451915574586508,2023
934255.142869897,53,8428b11ffffffff,38.098840287099208,2023
3073054.7672707951,53,8427abdffffffff,75.513027653332443,2023
86598.439907896754,53,8426305ffffffff,29.398282509636775,2023
9281451.838435635,53,8428855ffffffff,58.300559262850321,2023
1322.5501708984375,53,8428acbffffffff,52,2023
44325432.003762886,53,8427815ffffffff,79.5816844676018,2023
100975.49957275391,53,8426ad9ffffffff,29.401458460710284,2023
119865.96569824219,53,8427585ffffffff,31.362525472749642,2023
9972.7771606445312,53,8427933ffffffff,42.758489812424607,2023
7948.2692260742188,53,84262bdffffffff,47.090272085095421,2023
15137.985900878906,53,8427429ffffffff,33.3345602669125,2023
2528.8539428710938,53,8428f0dffffffff,22.251304843611248,2023
3833.0382690429688,53,842604dffffffff,26.665591446972421,2023
64949.373901367188,53,8426169ffffffff,30.009764046411515,2023
123252865.01035106,53,8427ae7ffffffff,80.279194458744058,2023
211372.32336425781,53,8427553ffffffff,31.586459488131791,2023
24732401.756765086,53,8427ac7ffffffff,64.328687426185311,2023
4561707.7445214372,53,8426107ffffffff,73.962954141791585,2023
4799.9397583007812,53,8426195ffffffff,24.866197318226536,2023
628.81988525390625,53,8428833ffffffff,35,2023
22948.863708496094,53,84289e5ffffffff,40.187207446770529,2023
666.6826171875,53,84260cdffffffff,70,2023
3026.8303833007812,53,84289a3ffffffff,34.597299614658446,2023
28538997.234868549,53,842786bffffffff,74.828779295008147,2023
1875983.9263588102,53,8427889ffffffff,62.519371748380621,2023
28892.946472167969,53,8427951ffffffff,34.042160803588587,2023
36352.137939453125,53,8428811ffffffff,29.314872265514655,2023
12919370.110265872,53,84288e3ffffffff,82.683695467253685,2023
2570.2479248046875,53,842895bffffffff,19.498127018863649,2023
1813.4156494140625,53,84289bbffffffff,34.328357219322321,2023
4953108.1631433824,53,8426213ffffffff,68.319567839210578,2023
10014540.945148783,53,84262ddffffffff,62.338664088318,2023
691646.60645728023,53,8427835ffffffff,60.972632510866454,2023
2541.2688598632812,53,8428919ffffffff,23.253622375114471,2023
32274.335205078125,53,84288cbffffffff,30.348584730951526,2023
86512.401733398438,53,8427911ffffffff,37.927674536422778,2023
15098.656005859375,53,8426119ffffffff,23.868852867036054,2023
1899.155517578125,53,842631dffffffff,16.333334383176322,2023
22259.406066894531,53,8412da3ffffffff,24.082869445314287,2023
9856641.0554828718,53,84288b1ffffffff,75.6367633477672,2023
1797387.2602424172,53,8427a99ffffffff,49.96531966373378,2023
1998223.4026000977,53,8426a91ffffffff,61.512328713095528,2023
1812110.3417791629,53,84288e7ffffffff,52.915518893930752,2023
2498.2499389648438,53,8428f15ffffffff,27.001276772678295,2023
21012979.073824052,53,842796bffffffff,66.6014472155144,2023
1334.3300170898438,53,84260c1ffffffff,20.49911395121222,2023
2640.8138427734375,53,8426011ffffffff,32.999988212751241,2023
9073772.1201765463,53,8427a8bffffffff,56.712268554367441,2023
20727.670959472656,53,842752dffffffff,29.209623330400422,2023
619.7957763671875,53,8428f35ffffffff,19,2023
8289015.9080190621,53,84262e1ffffffff,68.875765675305018,2023
2093528.1243997014,53,84275ebffffffff,58.48211407751549,2023
15596.464721679688,53,8426109ffffffff,25.583997185672814,2023
504218.641733925,53,8427addffffffff,30.612785767482961,2023
667.2138671875,53,842613bffffffff,23,2023
114593.66755562577,53,84278adffffffff,41.6943019204398,2023
6955860.588291781,53,8427a91ffffffff,69.681224001108347,2023
2993.50244140625,53,842718bffffffff,27.397654229301647,2023
33853425.394329473,53,8427853ffffffff,79.989394346062809,2023
1424355.9645862055,53,8426123ffffffff,65.7628787974235,2023
17704947.414549828,53,8427861ffffffff,76.59952341419455,2023
5808.174072265625,53,8428a91ffffffff,33.22788597999326,2023
24972331.128282733,53,84278cdffffffff,66.669711809385447,2023
2398181.8247321635,53,8427ad1ffffffff,46.160270941355847,2023
1240270.4691772461,53,84288b5ffffffff,73.179910325047771,2023
1579834.4237670898,53,84262d9ffffffff,68.772461405812479,2023
708370.54510498047,53,8428d61ffffffff,74.475463674151243,2023
6827.4609985351562,53,84261a5ffffffff,29.698799406810878,2023
8975.698486328125,53,842881dffffffff,32.572158762235084,2023
1952.8822631835938,53,8426b6dffffffff,33.67275304808976,2023
71976.83447265625,53,84288e1ffffffff,31.95901966277982,2023
3447973.8666992188,53,84271bdffffffff,56.563867266961118,2023
618284.72668457031,53,84260d9ffffffff,35.805494741558526,2023
1813208.7360839844,53,84279ebffffffff,64.604626552855024,2023
2844317.2855224609,53,84279c3ffffffff,79.175676562279051,2023
635519.13928222656,53,8428b01ffffffff,67.127487247811359,2023
681.15557861328125,53,8426087ffffffff,58,2023
4897448.3179570213,53,84279ddffffffff,63.443790003702922,2023
1720431.6935087317,53,84271adffffffff,59.880139141512466,2023
662.72308349609375,53,8426111ffffffff,63,2023
1938.0640258789062,53,8428a83ffffffff,25.66726281578627,2023
3895.7315063476562,53,842885bffffffff,35.3338099866257,2023
306766.74805788527,53,8427423ffffffff,32.52448212262086,2023
2585210.1444091797,53,8427931ffffffff,68.3102062321754,2023
7998.5509643554688,53,8426269ffffffff,20.692609666794581,2023
16016.329467773438,53,8426a13ffffffff,28.751695918162014,2023
17591.248596191406,53,842670dffffffff,36.117706031951833,2023
3416.3784790039062,53,8426099ffffffff,29.386954930548491,2023
534226.49743652344,53,8426255ffffffff,51.836149533191715,2023
366773.50567626953,53,8428b2dffffffff,59.900945456719136,2023
215501.8974609375,53,8426045ffffffff,53.806449587253717,2023
24814280.689966541,53,8427b33ffffffff,72.739371723015779,2023
3805.7186889648438,53,8428f61ffffffff,31.998593778203883,2023
16716460.693338552,53,8427847ffffffff,84.687834312296872,2023
155718738.67305738,53,8427ae5ffffffff,79.443988371580275,2023
77538.091674804688,53,84261adffffffff,24.535109134481967,2023
1925.0084228515625,53,8427535ffffffff,31.664436647338636,2023
46952153.300126858,53,8427aadffffffff,75.678378892206638,2023
4648229.5328871785,53,84278c9ffffffff,68.993449711579288,2023
370297.110085162,53,84278e5ffffffff,47.301576362424882,2023
4352.8909301757812,53,8428933ffffffff,24.137837311643178,2023
4434.7716674804688,53,8428f65ffffffff,30.705098145799617,2023
167380.47473144531,53,84260ddffffffff,51.519414420803365,2023
1816.3380737304688,53,84270a7ffffffff,27.333337914598474,2023
24288701.306418747,53,8427b35ffffffff,58.976036052065894,2023
11004412.003966087,53,842888bffffffff,48.804623923731882,2023
2653.2357177734375,53,8428b29ffffffff,22.996152803362751,2023
3377.220703125,53,84261d5ffffffff,23.396908689132207,2023
14698.409484863281,53,8428999ffffffff,33.999441123230518,2023
168503.97027587891,53,8428ae3ffffffff,29.354528563827,2023
11012268.297400381,53,8426105ffffffff,75.2058947767883,2023
313796.80591514439,53,842614dffffffff,59.19500958704419,2023
453973.36213019874,53,842799dffffffff,45.219608349373416,2023
54031.053100585938,53,8412dbdffffffff,27.0197138345377,2023
3908022.8853034526,53,8427abbffffffff,68.693215520265085,2023
32295394.618155207,53,842794bffffffff,59.604344057395892,2023
300869.88775634766,53,8426283ffffffff,45.337955402051335,2023
22860227.281775862,53,8427b37ffffffff,54.372171488601175,2023
125854.521484375,53,8426309ffffffff,29.96895653341458,2023
4366.6309204101562,53,84289ddffffffff,28.282789674069736,2023
23344.740417480469,53,8428915ffffffff,31.970842775095928,2023
1891.5679931640625,53,8428f67ffffffff,29.334443854676049,2023
10593099.352434225,53,8427ab9ffffffff,69.386265731153685,2023
14922.438903808594,53,84275e1ffffffff,32.390904533839219,2023
4770.6831665039062,53,842609dffffffff,54.571567053324664,2023
649897.414855957,53,8426329ffffffff,49.181995349834189,2023
1091655.0618810318,53,842798bffffffff,41.049168811616632,2023
1318.721923828125,53,8428ac3ffffffff,16,2023
842347.63760579424,53,8428891ffffffff,73.999285958465734,2023
3658.7073364257812,53,84289adffffffff,31.332528279896554,2023
2021760.1370849609,53,8427919ffffffff,72.609918699542945,2023
2124188.9384765625,53,8427a97ffffffff,60.272224009197927,2023
515601.45367431641,53,8426285ffffffff,58.751937034626543,2023
15396.932250976562,53,8412de7ffffffff,25.575252441161307,2023
6768094.8494262695,53,84278dbffffffff,77.357940663146579,2023
3508715.7078196807,53,8426aebffffffff,53.030356000141751,2023
22557.800590006511,53,84271b7ffffffff,24.635098662315468,2023
5186883.16373315,53,8428889ffffffff,47.686663834446513,2023
1189.7862548828125,53,8428d21ffffffff,30,2023
3455149.7285165819,53,8427ad7ffffffff,42.065036664217367,2023
461905.479233207,53,842892bffffffff,72.320759672148782,2023
37047.929443359375,53,8428a17ffffffff,28.838926499080362,2023
2384490.020324707,53,8426333ffffffff,84.331490775054135,2023
13346.88623046875,53,84260cbffffffff,67.4498439019547,2023
11426.644092993643,53,8426137ffffffff,31.468492222275454,2023
1274.2515258789062,53,8428957ffffffff,43.505937179631673,2023
3021490.8000586415,53,84278d9ffffffff,67.839495049049987,2023
6310472.2096550446,53,8427863ffffffff,66.759312200405219,2023
550498.23419189453,53,8426207ffffffff,52.216523486864858,2023
23316.963012695312,53,8428b63ffffffff,45.170856481003888,2023
2676736.5604133159,53,84278d5ffffffff,60.610484925013068,2023
56321646.123717777,53,8427811ffffffff,81.110255667012169,2023
19228722.874513391,53,8427a87ffffffff,74.965987620375245,2023
637.5299072265625,53,8428963ffffffff,35,2023
28037411.859607406,53,8412c97ffffffff,73.640417238715813,2023
24016.059265136719,53,842605bffffffff,28.457872842882651,2023
2938380.9609683766,53,84278d1ffffffff,60.157869404196482,2023
46956020.037426285,53,8427843ffffffff,76.806190036688562,2023
114351.33117460363,53,8428f25ffffffff,30.688149061993574,2023
35153.539748008581,53,8426ae1ffffffff,41.143919213115034,2023
696443.40374755859,53,84288d1ffffffff,31.823572058476444,2023
30169.495056152344,53,8428b17ffffffff,33.955085916593461,2023
20646973.423485372,53,8427a8dffffffff,70.188618598426643,2023
14787.105895996094,53,84271b3ffffffff,22.874817052175125,2023
580391.54809570312,53,8427587ffffffff,52.733383275141271,2023
3432.6016845703125,53,84261a7ffffffff,22.60074693438338,2023
23755.084411621094,53,84261d7ffffffff,27.139798227765812,2023
591466.80250052665,53,8427adbffffffff,37.577599534765532,2023
4498.96923828125,53,842614bffffffff,23.143305313315583,2023
11506713.802560842,53,8427a95ffffffff,68.7918778950057,2023
19838416.419323489,53,8427aa1ffffffff,68.842017937815569,2023
118069.39129638672,53,842891dffffffff,35.573656563884633,2023
26965533.89887432,53,842718dffffffff,78.646550269293485,2023
54105.881469726562,53,8428d67ffffffff,28.666631528451923,2023
11109936.687866211,53,8427a93ffffffff,69.463457998383987,2023
14173235.452846393,53,8427901ffffffff,71.412329022224782,2023
28111.726501464844,53,8428ab5ffffffff,33.320442902950163,2023
37074.075988769531,53,8412dabffffffff,28.739551155058329,2023
4241.6837768554688,53,8428d55ffffffff,24.14281574669598,2023
17695035.42618911,53,84262c9ffffffff,66.889378187065219,2023
79496.230357689958,53,8426133ffffffff,24.2461680494004,2023
706708.30108498968,53,84262e5ffffffff,72.286840286045319,2023
23929.285217285156,53,8428a15ffffffff,31.471270693420308,2023
3226.43701171875,53,8428aabffffffff,27.400876857650186,2023
7783363.9363453584,53,84278c3ffffffff,70.042440110617392,2023
891565.11376713775,53,842636bffffffff,43.752539452808584,2023
494888.08665915095,53,8428b0bffffffff,64.9328037736735,2023
46037741.864142448,53,8427909ffffffff,62.104696585575319,2023
1728123.6528815774,53,84275d1ffffffff,51.786408366475811,2023
6691.5140991210938,53,8428991ffffffff,31.182070419964681,2023
921960.00323486328,53,8428b67ffffffff,71.383968851646458,2023
2001.2831420898438,53,84261c1ffffffff,37.327572828260237,2023
1974.8544311523438,53,8428185ffffffff,24.999585486655263,2023
99801.03107335708,53,8427825ffffffff,30.628088478628616,2023
2814581.9908598056,53,84279e1ffffffff,69.65838160869518,2023
7938.444091796875,53,84262b9ffffffff,40.842876994483952,2023
34428.025024414062,53,8426067ffffffff,26.810526823678281,2023
19387.762817382812,53,8426301ffffffff,27.2908440453788,2023
13822.217468261719,53,8428ae9ffffffff,32.14399662027224,2023
9288387.2112426758,53,84288bdffffffff,77.12842140337564,2023
2602.947021484375,53,84281bdffffffff,41.997948023344556,2023
6174294.8399780272,53,8412db7ffffffff,68.0372867610183,2023
8248.7801513671875,53,8428929ffffffff,30.229040568809246,2023
1318.3916015625,53,8428b2bffffffff,19.996280924244076,2023
192972.70123291016,53,84289edffffffff,57.281646632414585,2023
14145.810546875,53,8428f33ffffffff,28.172222820050106,2023
1265.0604858398438,53,842751dffffffff,23.491705188140678,2023
78254.8960571289,53,8427907ffffffff,28.698441047569581,2023
10504.949406881893,53,8426149ffffffff,30.471063683949431,2023
2511.08935546875,53,8428913ffffffff,41.5155063156378,2023
7923.4918823242188,53,8428b07ffffffff,30.332221740275813,2023
3073298.4102029242,53,8427903ffffffff,40.360103465732053,2023
6642.1433715820312,53,84260c9ffffffff,32.118486299782354,2023
628872.37118661916,53,8428a97ffffffff,43.342119040626827,2023
1881436.3535230448,53,8426101ffffffff,59.893579053930068,2023
24657013.53239435,53,8427a85ffffffff,73.211760538853866,2023
312806.94240052463,53,84278c7ffffffff,39.497912538444091,2023
4499.30908203125,53,8426145ffffffff,27.288236068146315,2023
18176144.834667489,53,842780dffffffff,79.4507492635806,2023
103287444.78724939,53,8427859ffffffff,82.396043217663788,2023
2747.8352953144149,53,8428f69ffffffff,30.027565061639852,2023
17863.443785184973,53,8412dadffffffff,37.5661113190757,2023
55825.07461870979,53,8426351ffffffff,32.91832696469222,2023
8508.1318359375,53,8428ae5ffffffff,27.682418801544067,2023
13578.824523925781,53,8426159ffffffff,25.808726576815587,2023
130469.31579589844,53,8427953ffffffff,38.7483149958458,2023
11398.931396484375,53,842891bffffffff,32.775006498711726,2023
1933.1763305664062,53,8428951ffffffff,46.333413737896258,2023
2469094.8856548234,53,842630dffffffff,65.113688598150858,2023
12544.27685546875,53,842613dffffffff,22.313827108267557,2023
8209364.8930960856,53,8426289ffffffff,65.75500554534959,2023
13970713.345667461,53,8427905ffffffff,79.350790545683353,2023
41147.4912109375,53,8412cb1ffffffff,38.151634457382976,2023
17884.598388671875,53,8426235ffffffff,22.390356542730039,2023
1871781.1620756262,53,8428851ffffffff,54.865789030712364,2023
22764204.924786735,53,8427949ffffffff,68.19550214302879,2023
244388.78979492188,53,8427521ffffffff,32.038054321678935,2023
401340.18621874042,53,842795bffffffff,43.017363025693506,2023
6134.1099853515625,53,84289a9ffffffff,35.005431633502539,2023
431180.23968505859,53,84262ebffffffff,46.985464164858413,2023
2782596.9963302314,53,8428935ffffffff,74.639424441135475,2023
3354.5465087890625,53,84260c7ffffffff,21.798127231928014,2023
16494.790397374771,53,842789bffffffff,27.353751509926354,2023
2952824.268185365,53,8426361ffffffff,58.932775571706884,2023
3170.7097778320312,53,842892dffffffff,49.185515522568529,2023
1308321.9827270508,53,842792dffffffff,69.959946181994781,2023
8726021.4569323957,53,8427817ffffffff,62.580763878464481,2023
3971.9473876953125,53,8426015ffffffff,25.33283888874837,2023
1958.975341796875,53,8428b27ffffffff,38.666664714181756,2023
1254.008056640625,53,842632dffffffff,20.500053782627074,2023
141629.64166259766,53,842755bffffffff,35.434588206521632,2023
1375674.7780259077,53,8426ac7ffffffff,54.067176252002561,2023
82223.980440745639,53,842788bffffffff,37.11018809385088,2023
8379.6309204101562,53,8428f49ffffffff,31.374277026579716,2023
171471.81158447266,53,842742dffffffff,37.337699978582677,2023
1845.2943115234375,53,842626dffffffff,16.6669039326237,2023
26060.464416503906,53,8427565ffffffff,29.234978894496379,2023
84552141.975658447,53,842781dffffffff,84.557747389504144,2023
40008248.81813173,53,8427941ffffffff,66.548022296026389,2023
70618991.053621411,53,8427819ffffffff,82.105750016560421,2023
3510641.953781547,53,84278ebffffffff,65.8998066977835,2023
653.80999755859375,53,84275e7ffffffff,28,2023
3255853.6678466797,53,8427ad3ffffffff,62.107462360216246,2023
101807.27154541016,53,8428f37ffffffff,36.897459220601938,2023
19921.162658691406,53,8428aa5ffffffff,31.223184178255345,2023
31377029.22500024,53,8427aebffffffff,68.446508824656519,2023
1350.5621948242188,53,84260d5ffffffff,38.50053726992941,2023
2993852.3912662277,53,8428857ffffffff,60.459687094356184,2023
13496.974243164062,53,84261d1ffffffff,28.053398438287488,2023
22324.298771637561,53,84275a3ffffffff,28.868175700352392,2023
2941720.7145996094,53,8427935ffffffff,60.683318028698793,2023
6411228.585369993,53,84278e9ffffffff,70.422830736550509,2023
2100627.4199333638,53,84279c7ffffffff,80.873087377894365,2023
6936.5018920898438,53,8428925ffffffff,39.898075962804583,2023
1217838.1878051758,53,8427807ffffffff,39.749193412135831,2023
1263.9998168945312,53,842789dffffffff,24.499457612743758,2023
785501.88824462891,53,8426211ffffffff,47.925900669064276,2023
5503031.3471725155,53,8412db5ffffffff,73.317102391374377,2023
7259.1650390625,53,8426a19ffffffff,28.362403736655644,2023
2722.767822265625,53,8426701ffffffff,22.500956246681785,2023
1332.7747192382812,53,84281c7ffffffff,32.50009344582736,2023
48161.683673454732,53,842898dffffffff,38.432164508279648,2023
630.80194091796875,53,8426221ffffffff,30,2023
1843909.7816162109,53,8426155ffffffff,65.728643965097064,2023
1632959.78515625,53,8426037ffffffff,60.89841077952974,2023
1690391.3325544768,53,84275c7ffffffff,56.181370621854747,2023
1860.2332763671875,53,8427561ffffffff,28,2023
88345.003601074219,53,8427913ffffffff,32.682752104396862,2023
20935.049560546875,53,842624bffffffff,34.763955029345027,2023
74869.5537109375,53,8412da7ffffffff,26.145578857252804,2023
11347.856628417969,53,8428a03ffffffff,24.057305345667761,2023
168468.23529052734,53,8426323ffffffff,43.705698469220685,2023
258923.29638671875,53,84288e9ffffffff,29.667900928891957,2023
213731.04205322266,53,8427189ffffffff,60.173525321860048,2023
8004558.692345473,53,84288bbffffffff,64.043511316575135,2023
7208882.1001191977,53,84288a3ffffffff,62.63052825134973,2023
21780.523949237897,53,84278a3ffffffff,38.994846899380988,2023
12606116.835031068,53,842786dffffffff,58.149674596918651,2023
62899.677917480469,53,8426237ffffffff,24.672631300764341,2023
1947.1740112304688,53,8428b37ffffffff,25.333026607100592,2023
206109.7141223384,53,8427427ffffffff,34.533160245878314,2023
945154.707741412,53,8426337ffffffff,68.129305165034765,2023
135179.69793701172,53,8428b15ffffffff,32.130735283731624,2023
159886.00299072266,53,8426031ffffffff,52.171268411115911,2023
711069.10227481613,53,8412cb3ffffffff,67.271357495396074,2023
16359465.560504511,53,84288a7ffffffff,63.569750740764263,2023
53738.944519042969,53,842743dffffffff,31.927777698216993,2023
19126.596618652344,53,8428b39ffffffff,40.967737987457831,2023
54861.209777832031,53,842881bffffffff,27.561498942809518,2023
780807.92315673828,53,8412db1ffffffff,50.333058884700947,2023
2380.30078125,53,84271d1ffffffff,20.498455031287079,2023
150958.56958749809,53,84279dbffffffff,39.473939013970785,2023
1847527.9527027803,53,8426331ffffffff,69.138453488945942,2023
119632.78782216988,53,84278abffffffff,41.511979535128255,2023
11246679.433349609,53,8427893ffffffff,82.532165407878281,2023
4359345.1280225571,53,8426141ffffffff,72.66631426219638,2023
113688.37634803922,53,842791bffffffff,35.979714200632166,2023
2139176.5431695674,53,8427589ffffffff,65.399665652788315,2023
3975.3843383789062,53,8428ac1ffffffff,37.510768009499131,2023
664.7093505859375,53,842674dffffffff,23,2023
4544856.8675053613,53,8428897ffffffff,51.876893887163973,2023
16584632.495190192,53,8427a9dffffffff,68.626022782802465,2023
8287053.7133128447,53,8427929ffffffff,68.039200900327273,2023
53640.231079101562,53,842610bffffffff,28.304857115846911,2023
1600496.6806779448,53,842795dffffffff,30.161031351194371,2023
57346.405639648438,53,84279d3ffffffff,37.952564410467581,2023
5768050.1370160272,53,84262cbffffffff,62.723426268441528,2023
1898.0234985351562,53,8428831ffffffff,28.004997617632473,2023
4847.8123965992645,53,84278bdffffffff,43.245875885613685,2023
8426928.8327708524,53,842796dffffffff,56.64664666638707,2023
8223068.4559381232,53,84271abffffffff,68.902140983378089,2023
3332.6435546875,53,8428b0dffffffff,25.199999992674265,2023
4026.8753662109375,53,84260c3ffffffff,25.666649246276613,2023
23948.141052246094,53,8427921ffffffff,37.875449668729615,2023
122456.08447265625,53,8427519ffffffff,31.597151082873257,2023
5847.4967041015625,53,842610dffffffff,27.333712751807084,2023
1296.4232177734375,53,8426055ffffffff,24.999973258756651,2023
1124882.2496711281,53,84289b7ffffffff,44.1649647134999,2023
3005.1917114257812,53,8412cb7ffffffff,37.003967742916252,2023
40639.800354003906,53,8428ad5ffffffff,38.8228979736978,2023
15088230.213331034,53,8426ad7ffffffff,78.644839395094351,2023
176812.62585449219,53,8428b1bffffffff,37.219436827045662,2023
8434669.34054673,53,8427961ffffffff,54.71565241776316,2023
5725.1478881835938,53,84279a1ffffffff,35.447669078553822,2023
800185.41992211435,53,842751bffffffff,41.043386042541123,2023
4695.2537841796875,53,84261c3ffffffff,39.713317078450359,2023
161410.962890625,53,84271b9ffffffff,41.635902557836737,2023
5503.9118041992188,53,84270b1ffffffff,35.445006337655514,2023
107404.56311035156,53,84270e7ffffffff,40.277051503599075,2023
42268211.551957674,53,84288c7ffffffff,86.6053597848124,2023
2442.4505615234375,53,8426249ffffffff,29.49999362772574,2023
583866.90410754643,53,842621bffffffff,31.005746525187536,2023
1974574.1637513405,53,84262c7ffffffff,51.207520152996452,2023
13680.154357910156,53,8428949ffffffff,24.240873516733611,2023
11896799.765969429,53,8427955ffffffff,56.566227481797767,2023
276999.75789579505,53,84289ebffffffff,36.942907919186723,2023
1618165.272192383,53,84271e7ffffffff,50.021116381095325,2023
163418.18311767577,53,8426367ffffffff,30.685623751700231,2023
7981.7102661132812,53,8426035ffffffff,28.416863157630559,2023
2014.6433715820312,53,8426765ffffffff,31.665826868141966,2023
64668.567518286611,53,8428d25ffffffff,31.59207554983556,2023
215703.24074898515,53,8428987ffffffff,37.439867701025641,2023
357625.93120476219,53,84271a7ffffffff,39.817040144598344,2023
7103.60888671875,53,8426059ffffffff,21.362557138547327,2023
1360.0663452148438,53,8426085ffffffff,56.000540763055717,2023
4099883.8096670113,53,84288b3ffffffff,74.789149948765029,2023
3133.1319580078125,53,84289cdffffffff,36.600606382991572,2023
1170548.0655986711,53,84289d1ffffffff,69.660251782779966,2023
10365560.928919174,53,8426ad5ffffffff,58.973607135022313,2023
2534188.2080688477,53,842793bffffffff,68.6719180531206,2023
21617.460021972656,53,842793dffffffff,32.00345980685298,2023
69627940.77417542,53,8427855ffffffff,83.150785536144468,2023
626.465576171875,53,8428917ffffffff,18,2023
1186.556884765625,53,84271d5ffffffff,36,2023
9164.2614135742188,53,8428b3bffffffff,42.357734669002518,2023
647.81207275390625,53,8428a9dffffffff,39,2023
12440.381958007812,53,8426209ffffffff,29.84187300487033,2023
4032.1669311523438,53,84260e5ffffffff,27.16704132658295,2023
57220.201843261719,53,8427987ffffffff,36.111009260460818,2023
46955.454833984375,53,842623dffffffff,26.414003657514019,2023
29242.238830566406,53,842633dffffffff,29.021262713561267,2023
221055.71936035156,53,84275d7ffffffff,30.158865697124195,2023
65114.397766113281,53,8426231ffffffff,24.039289977154869,2023
14027.563720703125,53,84288c9ffffffff,29.908585241135786,2023
84118.291259765625,53,8427917ffffffff,38.944548758489667,2023
289148.79935374547,53,8426151ffffffff,40.959517773669667,2023
210707.6318359375,53,84289abffffffff,38.197376801972375,2023
245985.841796875,53,8427527ffffffff,33.836651098057672,2023
11134046.617716711,53,84289d3ffffffff,73.910737172938724,2023
1128311.589163268,53,842788dffffffff,79.840112825278553,2023
601216.13189697266,53,8428849ffffffff,32.67788534366349,2023
415152.39819335938,53,84262a9ffffffff,58.93642329662822,2023
5307316.5213433951,53,84262d5ffffffff,65.706985091582339,2023
86890.993661678542,53,84279e7ffffffff,37.66080664573029,2023
17041.328430175781,53,84275a9ffffffff,32.499568107856184,2023
28116.2255859375,53,8428ab1ffffffff,33.814445659088435,2023
52853564.914990231,53,842888dffffffff,76.379198415903957,2023
95405.63330078125,53,84288d9ffffffff,41.235451594744738,2023
9458784.2640558,53,84278c5ffffffff,73.057977398693282,2023
4663420.5102347583,53,842628dffffffff,58.654160520576724,2023
15759.232482910156,53,84288edffffffff,32.445272859316624,2023
81902.529296875,53,8426239ffffffff,27.929223629066037,2023
17987636.738805674,53,8412c95ffffffff,74.354641820547471,2023
1879.3906860351562,53,84288d3ffffffff,30.658410869053156,2023
1969799.0540079754,53,84271a9ffffffff,50.126694764402117,2023
10921.763244628906,53,8426187ffffffff,26.689486378138181,2023
3255908.6770062614,53,84271a5ffffffff,65.406862238381891,2023
28059.028076171875,53,8426057ffffffff,24.32550742571253,2023
7892175.9892130531,53,8427aabffffffff,60.910135057116854,2023
2664.7431640625,53,84262b7ffffffff,37.999997892767134,2023
48258464.367271274,53,8427947ffffffff,68.595832574103056,2023
31311055.216733444,53,842790dffffffff,71.7364320731741,2023
7333.8905029296875,53,84281c3ffffffff,30.812051996804019,2023
64795.725280761719,53,8426a1bffffffff,30.3174670386034,2023
1633026.1530845491,53,842759dffffffff,44.61018847857185,2023
17357143.855283014,53,8427865ffffffff,73.9459824362163,2023
1291963.0579223633,53,8426215ffffffff,54.550946382705952,2023
3123864.50804587,53,8427513ffffffff,77.456940282999227,2023
119023.0722888423,53,8427511ffffffff,38.958130450228843,2023
6460.7459716796875,53,8426061ffffffff,28.399977149413306,2023
31437.218872070312,53,8428b23ffffffff,26.186964781932982,2023
619445.46907647827,53,8426349ffffffff,39.683492032514309,2023
6854796.9886177815,53,8427965ffffffff,66.438796866073275,2023
25719.972516467526,53,8412d87ffffffff,25.880202430721734,2023
128659.32319958258,53,8428841ffffffff,33.20968819676537,2023
12918588.011167284,53,8428883ffffffff,49.662720816865949,2023
11203.627136230469,53,8428addffffffff,25.059409378481536,2023
95514.224487304688,53,8426243ffffffff,36.751521790407608,2023
525579.04229736328,53,8428f09ffffffff,40.382987068635281,2023
5307.4880981445312,53,8428137ffffffff,46.12533292409308,2023
2201434.3133159564,53,84288abffffffff,53.665655098861947,2023
24220.105102539062,53,8428f47ffffffff,33.739017354679163,2023
153083.06872558594,53,8427937ffffffff,33.788771488596225,2023
89407024.4764354,53,8427809ffffffff,84.232926314281627,2023
6121.5740966796875,53,842608bffffffff,54.331801548757689,2023
8306.2882080078125,53,8427439ffffffff,37.835442480637809,2023
1268726.3903198242,53,842719bffffffff,50.983599883634668,2023
665.57080078125,53,8428a2bffffffff,23,2023
8017736.1077890433,53,84262c3ffffffff,66.243221509843281,2023
20603114.911060769,53,842794dffffffff,67.977338306057135,2023
3002.890869140625,53,8412d97ffffffff,35.601364399751183,2023
4478.6043701171875,53,8428807ffffffff,39.570204466347391,2023
7316.0418701171875,53,8428acdffffffff,40.827163100337934,2023
54306.00732421875,53,84288e5ffffffff,25.553172878890702,2023
346497.29602050781,53,84281b5ffffffff,71.826544380321266,2023
605.1568603515625,53,8428d57ffffffff,16,2023
5011.4451904296875,53,8427467ffffffff,24.000361087519416,2023
82012216.83978796,53,8427ae3ffffffff,74.9710554698533,2023
1851376.9337361651,53,8428887ffffffff,68.029981251719448,2023
2994035.0258513805,53,842783dffffffff,63.219910524016846,2023
1572894.7106933594,53,8426ac3ffffffff,72.461159618962611,2023
20999.172920496323,53,8428f5dffffffff,27.353164472523424,2023
2651348.706547277,53,8427437ffffffff,59.324733457373242,2023
658367.867980957,53,842619dffffffff,49.327960891291568,2023
1296.1163330078125,53,8428941ffffffff,23,2023
8989078.4812638834,53,84262edffffffff,72.09198421330575,2023
1087455.6860961914,53,842635bffffffff,59.430162680769719,2023
1872.4369506835938,53,8428f39ffffffff,19.333331203686079,2023
34141.1953125,53,8428d69ffffffff,31.086244872940338,2023
7079166.447246477,53,84275cdffffffff,70.418752747528075,2023
36807874.089947626,53,8427a81ffffffff,73.606825380551882,2023
53715433.823554069,53,8428885ffffffff,85.724491740931981,2023
358869.94873046875,53,842742bffffffff,33.939668675572328,2023
1981.4205322265625,53,8428ad9ffffffff,38.998348057211409,2023
634626.08595186123,53,84279d7ffffffff,49.027146150336954,2023
41628.09814453125,53,8426051ffffffff,24.704395504710053,2023
5274.9711303710938,53,8428a31ffffffff,36.989955293904281,2023
38772.262451171875,53,8427523ffffffff,29.672446274203594,2023
1939.9920654296875,53,842880dffffffff,40.999241556428018,2023
186923.94250464346,53,8426341ffffffff,25.688007173970949,2023
5939.0936889648438,53,8428aedffffffff,36.444842595754338,2023
554624.16683373542,53,84288ddffffffff,78.3145593884592,2023
21520.888061523438,53,8428907ffffffff,37.001440923285408,2023
50825.788595042512,53,84275abffffffff,28.889548498389882,2023
142034.14721679688,53,8428f0bffffffff,30.169339617190531,2023
149992.33987654143,53,842612bffffffff,29.503990596818671,2023
25355.493041992188,53,842635dffffffff,26.045877637644189,2023
1086753.6969257428,53,8428923ffffffff,50.225253483661717,2023
10123.442260742188,53,84260d1ffffffff,32.661282800803207,2023
63309.192260742188,53,8427187ffffffff,30.105525846483722,2023
80983.930969238281,53,8427827ffffffff,36.318113036513857,2023
11921.429870605469,53,8428f2dffffffff,23.89509752798509,2023
2833616.5432791915,53,8428895ffffffff,47.400373721712974,2023
438660.21528966568,53,842758bffffffff,34.316299294062048,2023
3387299.2512934669,53,84289d9ffffffff,71.417039229216613,2023
56884.794982910156,53,8426247ffffffff,33.333847554097993,2023
4522718.8944953475,53,84289bdffffffff,46.199688849866774,2023
10932.506713867188,53,8427191ffffffff,29.508272627140773,2023
227377.79034423828,53,8412da5ffffffff,29.433887285944088,2023
1525424.8040661381,53,84288b7ffffffff,77.573713532846725,2023
1336.7305297851562,53,8426acbffffffff,21.50260022456516,2023
5946.0113525390625,53,8428a3bffffffff,40.99878766509152,2023
66245.1478881836,53,8428981ffffffff,33.880838506060876,2023
119754.70880988627,53,8427837ffffffff,56.699580968316184,2023
1940.1686401367188,53,8428a87ffffffff,50.999105440801785,2023
314636.73229980469,53,8426265ffffffff,30.309242438100615,2023
109294.42541503906,53,8428ae1ffffffff,27.74034520473019,2023
4857.7008056640625,53,84289a1ffffffff,26.623688464310892,2023
54216.121706973805,53,8426157ffffffff,29.47139787879339,2023
5936.6419067382812,53,8428b25ffffffff,21.995981553296236,2023
11339887.881412761,53,8427963ffffffff,68.477430664230539,2023
10965.963012695312,53,842616dffffffff,29.294085673410898,2023
88749005.360765889,53,8427851ffffffff,79.885803796494883,2023
2163372.609811102,53,842628bffffffff,64.020872487799,2023
561006.966856474,53,84289b9ffffffff,49.896558251502476,2023
1268.8955688476562,53,8427883ffffffff,19.500020996090111,2023
6380792.6157200234,53,842885dffffffff,56.706036391520811,2023
656.22607421875,53,84262a5ffffffff,51,2023
417404.14123535156,53,8428d65ffffffff,65.8972268027746,2023
14395236.330080997,53,8427a89ffffffff,55.202561296152794,2023
3065.3096313476562,53,84270b3ffffffff,44.400079781716521,2023
5145304.0536111267,53,84288d7ffffffff,71.342220804272614,2023
17360.973815917969,53,84261cbffffffff,32.88473665097402,2023
12628.074768066406,53,84262b5ffffffff,42.535628996258389,2023
1373164.6060180664,53,84288c5ffffffff,55.427225538563412,2023
26034.02587890625,53,842619bffffffff,26.710527986633327,2023
40136.942016601562,53,8428a35ffffffff,27.099578495653684,2023
678042.56347536575,53,8428b03ffffffff,41.492451340157309,2023
948023.27480133646,53,84271a3ffffffff,34.377868874166467,2023
3413519.2296271827,53,84279c1ffffffff,68.145291427371134,2023
55268.585754394531,53,8426103ffffffff,30.598008924831543,2023
1214218.2578125,53,842894dffffffff,79.4875078459408,2023
11604838.639562989,53,8427841ffffffff,73.477942021811316,2023
62549.657775878906,53,84261ddffffffff,35.096279630436165,2023
441994.0166015625,53,8426251ffffffff,44.875992629426214,2023
920814.13439941406,53,8427823ffffffff,33.472220417565588,2023
50147.771789550781,53,84279e5ffffffff,34.176927912682011,2023
1965.3478393554688,53,8428845ffffffff,29.662033060044642,2023
3819009.6551513672,53,8426a8dffffffff,62.168171861861111,2023
8635.1163330078125,53,8428133ffffffff,43.846531043829323,2023
5347.2926635742188,53,8412d99ffffffff,28.667628424745779,2023
18868.012817382812,53,8426163ffffffff,29.860247650528176,2023
14438.886047363281,53,8428a37ffffffff,42.554610137472892,2023
17086.386047363281,53,842611dffffffff,27.425934520058913,2023
4250983.8481148509,53,8427989ffffffff,43.569818093812188,2023
164446.3030950808,53,8427525ffffffff,33.052444070433687,2023
1100885.3306274414,53,8428b13ffffffff,63.855635223676224,2023
283844.76947021484,53,84275c9ffffffff,34.06601313782069,2023
13889.58203125,53,84262a7ffffffff,28.653036483616738,2023
50520.959594726562,53,8427821ffffffff,46.893687060155486,2023
17585.423156738281,53,8428ae7ffffffff,27.447462463787559,2023
7727164.9425113462,53,84288a9ffffffff,75.133540942354671,2023
665.41375732421875,53,84261c9ffffffff,35,2023
5335.641357421875,53,8412cbdffffffff,43.205095959068373,2023
407859.11663818359,53,842621dffffffff,33.794465213075853,2023
83183.450988769531,53,8426ae9ffffffff,31.687505393780167,2023
12292778.506564511,53,8427ac3ffffffff,59.857181955029304,2023
126846.54498291016,53,842880bffffffff,35.237627060594519,2023
733284.28472900391,53,8412d9dffffffff,68.067093972906832,2023
605099.55480957031,53,8427181ffffffff,74.438164451443683,2023
2009.5375366210938,53,8426745ffffffff,23.663272007030194,2023
12194.102478027344,53,8428abdffffffff,32.68362237154426,2023
94266.840576171875,53,84271b1ffffffff,37.179278384569564,2023
18012.137939453125,53,84279c5ffffffff,34.593268916819426,2023
20262.704956054688,53,8428a8dffffffff,44.164271127660257,2023
1393699.393396714,53,8427537ffffffff,54.940581219979805,2023
66040.57568359375,53,8428a11ffffffff,32.285311896985029,2023
8112.9967651367188,53,84289e9ffffffff,30.926295035366213,2023
4649703.533355115,53,8428b1dffffffff,61.955483696404514,2023
978850.3740234375,53,8428b31ffffffff,92.642490606367247,2023
1579252.6023856369,53,8426345ffffffff,59.773016110333486,2023
82013.958129882812,53,8427805ffffffff,39.763002660181293,2023
3752.7467041015625,53,8426357ffffffff,26.831181008988175,2023
1272.7379150390625,53,8427991ffffffff,33,2023
18954.664360495175,53,8412d81ffffffff,30.608481120519805,2023
3604676.5812150543,53,84279cbffffffff,82.42834695710107,2023
9585.3339233398438,53,8426335ffffffff,26.065298726181126,2023
102968.01636795343,53,84278e1ffffffff,36.245830470372887,2023
160734.62089963426,53,84279d5ffffffff,50.277628885040762,2023
5415791.4699896127,53,84288a5ffffffff,66.4711345588461,2023
65943423.2787904,53,8427ae1ffffffff,74.7392563576423,2023
664.74591064453125,53,8426131ffffffff,32,2023
2161072.0419514976,53,8426363ffffffff,62.346378976482939,2023
91971.998962402344,53,8428d2dffffffff,28.04983145149906,2023
31760.173522949219,53,8412db9ffffffff,25.567906024544996,2023
2531379.087795841,53,8427967ffffffff,56.025484201587091,2023
89141062.402910531,53,842785dffffffff,79.008228649925712,2023
27001.796150716145,53,84289a5ffffffff,39.690422922112042,2023
27518.523803710938,53,842622dffffffff,30.022517717968089,2023
667266.0302734375,53,8426121ffffffff,55.5098189085004,2023
10056.720397949219,53,84288ebffffffff,33.933165647167527,2023
1316.905029296875,53,8428a33ffffffff,51,2023
1780374.0649414062,53,8426233ffffffff,63.951680350714462,2023
6405106.4611830767,53,84278edffffffff,77.8595142543417,2023
7244463.807800293,53,8427885ffffffff,83.474880864619848,2023
14008.861450195312,53,8428135ffffffff,45.473893852221558,2023
30132970.741983805,53,8427969ffffffff,60.424917526339208,2023
122101.45880126953,53,8428931ffffffff,33.682990328676141,2023
18090.965270996094,53,8427199ffffffff,31.330384781835839,2023
10104.274536132812,53,8412da9ffffffff,25.585836378252903,2023
3204.6710205078125,53,8426069ffffffff,24.400500292065587,2023
8463.1319256950828,53,8428983ffffffff,48.489699691735375,2023
25463.754334453508,53,8428b57ffffffff,31.8898371121406,2023
2503.5745849609375,53,84278d7ffffffff,22.750023391846511,2023
2232037.9736328125,53,8428817ffffffff,71.779662609062356,2023
598.7249755859375,53,84271d7ffffffff,18,2023
1899.4493408203125,53,8427887ffffffff,53.340066241700264,2023
3013777.7985806335,53,84279d9ffffffff,68.846870826682647,2023
1778.9899291992188,53,8412ca3ffffffff,43.330859319824349,2023
22137.467920639938,53,84289c7ffffffff,34.87611071489053,2023
584293.36242675781,53,84262d1ffffffff,42.840701513860907,2023
715294.84016520181,53,8428899ffffffff,33.191834271563366,2023
6638.091552734375,53,8427183ffffffff,35.910821326945211,2023
840063.48820633243,53,8427ab5ffffffff,42.158320594970924,2023
61500137.257388122,53,8427857ffffffff,84.351461189453758,2023
496604.02996826172,53,8427983ffffffff,43.834662361621064,2023
1923.7465209960938,53,8428ab9ffffffff,25.333810510934427,2023
9360.813720703125,53,842625bffffffff,32.531678684983028,2023
24164.121154785156,53,84278a7ffffffff,32.711399297166167,2023
121144.05145263672,53,8426339ffffffff,32.900546056891741,2023
14525.42333984375,53,8426115ffffffff,23.3635502644592,2023
985657.18255615234,53,8428903ffffffff,64.006217966545265,2023
143398.99092371325,53,8426365ffffffff,30.0192282275547,2023
39574.446838378906,53,8427923ffffffff,32.138245071405478,2023
4669480.7770491056,53,8427833ffffffff,72.528943522129168,2023
24738.210693359375,53,84289e1ffffffff,38.324397960099979,2023
45245356.925432995,53,8427943ffffffff,53.887246187969168,2023
244206.28491210938,53,8428945ffffffff,54.005576892883695,2023
122145.22583007812,53,8426143ffffffff,31.892727211237734,2023
146024.41082763672,53,8427999ffffffff,47.565721053684911,2023
14241.974365234375,53,842618bffffffff,29.001313359616066,2023
61958.510803222656,53,84275e3ffffffff,30.514307081522716,2023
71178.1235961914,53,842889bffffffff,28.607246421285957,2023
77682.2026977539,53,842758dffffffff,34.267534062271217,2023
2351203.8813598622,53,8428ab7ffffffff,88.7461111488743,2023
101231.07049560547,53,84262a1ffffffff,48.781482974604089,2023
76728.230773925781,53,8427829ffffffff,37.882487774890578,2023
41684.8671875,53,84262dbffffffff,34.119957127106325,2023
6084.8555297851562,53,8426adbffffffff,22.884265247613573,2023
10579946.895946309,53,8426217ffffffff,70.6262191416603,2023
51699.260437011719,53,8428a13ffffffff,29.474766651792567,2023
638786.95704489318,53,8427845ffffffff,66.524957638840348,2023
15149.362548828125,53,8426321ffffffff,24.665748956085697,2023
3492.607703594133,53,84275a1ffffffff,33.6217927012076,2023
22426.984069824219,53,8428aa3ffffffff,31.552316213705083,2023
186772.7900390625,53,842634bffffffff,27.610985185866998,2023
302385.41011986823,53,84271b5ffffffff,30.024744875159087,2023
87051.260009765625,53,8427407ffffffff,55.065438878938629,2023
4561778.7090332033,53,8427803ffffffff,70.0695178514515,2023
1350.2880249023438,53,842608dffffffff,34.021211972868741,2023
5472226.6149536138,53,84275cbffffffff,69.798623910932434,2023
549580.04730224609,53,8426acdffffffff,37.505523258645766,2023
35388.372161027495,53,84262adffffffff,39.287307675456411,2023
5632.9539794921875,53,8426353ffffffff,23.778445947060231,2023
1029016.0681626264,53,8426347ffffffff,41.460957666882166,2023
156499.5132664101,53,84288c1ffffffff,37.038845305101063,2023
55297.164916992188,53,84279abffffffff,39.5532327691707,2023
41568.707092285156,53,8428d5dffffffff,31.853588119197958,2023
31229.954650878906,53,842792bffffffff,37.390399363535487,2023
644.0550537109375,53,8428a93ffffffff,35,2023
37791854.96303089,53,84288b9ffffffff,76.387367453187167,2023
7644488.3982390761,53,8427583ffffffff,68.8114554949497,2023
49286.731262207031,53,8428955ffffffff,46.519814741743019,2023
138911.44219970703,53,8426065ffffffff,27.064374171626124,2023
1012508.4569285674,53,84262cdffffffff,35.186027349133433,2023
42504.402815276495,53,8426303ffffffff,31.9497215499099,2023
375968.34934584674,53,8427927ffffffff,32.722012012715005,2023
4449.5519409179688,53,8427895ffffffff,19.714285443861968,2023
2729.499755859375,53,8426199ffffffff,20.249614781926812,2023
45009189.19444029,53,8427a83ffffffff,76.79785363224,2023
8026.0220336914062,53,8426033ffffffff,39.087020258696029,2023
1251311.3609832164,53,8427a9bffffffff,51.331398036734718,2023
579913.952331543,53,842616bffffffff,57.384397968389877,2023
12092.069213867188,53,8428905ffffffff,36.844613311336033,2023
160100.36999511719,53,84279a9ffffffff,37.293319487094735,2023
6541.1019897460938,53,8428859ffffffff,28.401323222675053,2023
21780675.589875821,53,8427aa9ffffffff,67.3742527479761,2023
57449025.903335385,53,8427945ffffffff,64.967262442218413,2023
34936.906799316406,53,8426315ffffffff,29.687238283466705,2023
887390.6796875,53,8427915ffffffff,64.988960074503836,2023
582180.91472598782,53,84279e3ffffffff,72.571386196173307,2023
12013346.09095028,53,84271e3ffffffff,67.117137772071587,2023
32711.649108886719,53,8428f03ffffffff,33.193441158402372,2023
227213.90135976754,53,84279c9ffffffff,41.573385245001923,2023
17757.725463867188,53,842884dffffffff,35.9599838798429,2023
139508870.36173266,53,842785bffffffff,82.211874830870585,2023
16842.461242675781,53,8428aa9ffffffff,33.880746677028078,2023
307891.18439989281,53,8426725ffffffff,50.371896743981,2023
36935322.924769744,53,8427839ffffffff,81.020288721568221,2023
2011695.8056468291,53,84275c1ffffffff,55.2473701821731,2023
133044.26116943359,53,8428aebffffffff,29.197185667056385,2023
1628694.1514282227,53,8426147ffffffff,82.006890104439123,2023
3322.9931640625,53,842603bffffffff,27.799421386263148,2023
974662.90148925781,53,842791dffffffff,64.96602665949851,2023
39913.501708984375,53,84289c5ffffffff,38.12073684663423,2023
1257.197265625,53,8426205ffffffff,25,2023
11585980.728073537,53,84288d5ffffffff,59.315316614328381,2023
1211.230712890625,53,84270a3ffffffff,20,2023
5943870.9312267825,53,84275d5ffffffff,61.403768444940553,2023
3031257.2669778261,53,8426219ffffffff,44.149409352482785,2023
766810.44704302622,53,84262c5ffffffff,47.3299805035214,2023
37464.6708984375,53,8426287ffffffff,46.811983316938985,2023
29662.309326171875,53,8428921ffffffff,30.570029555670917,2023
2255318.1918945312,53,8427ab7ffffffff,53.896994445620095,2023
652.3409423828125,53,8426053ffffffff,19,2023
315073.10736083984,53,8426a9bffffffff,63.772347096973888,2023
1905.0548706054688,53,84278b9ffffffff,18.333187792974329,2023
1239327.7735595703,53,8426343ffffffff,58.762056693292543,2023
31056.275207519531,53,8426295ffffffff,35.744756426201029,2023
176444.37091064453,53,8428f6dffffffff,40.283152286220918,2023
17896.580261230469,53,842633bffffffff,27.180624953065994,2023
44652.012573242188,53,8426025ffffffff,27.910779597271258,2023
644576.92005232268,53,8427ab3ffffffff,55.73500208652537,2023
11582.838623046875,53,8426083ffffffff,57.05883474775483,2023
265526.49774169922,53,8427939ffffffff,34.771022611747064,2023
13342.154479980469,53,842753dffffffff,27.666627059691375,2023
1054397.225769043,53,8428f4bffffffff,39.25748201542914,2023
7029790.8573292438,53,8426a99ffffffff,77.5749818282908,2023
21675598.484280933,53,84275c5ffffffff,62.188609735625285,2023
1323.9737548828125,53,8426023ffffffff,17,2023
3638.4406127929688,53,8428993ffffffff,24.671587839612258,2023
35914.920349121094,53,8426259ffffffff,24.311800461993737,2023
1224365.0525512695,53,8428f55ffffffff,62.994307377419823,2023
7360166.8181310315,53,84289b5ffffffff,70.033294060360049,2023
10509556.9936758,53,84288adffffffff,68.7685806757578,2023
40801.224365234375,53,84262b3ffffffff,35.3732595218045,2023
56710.606872558594,53,842899bffffffff,25.529712882773417,2023
15056.985229492188,53,8428ad7ffffffff,41.477825711814241,2023
739008.513321222,53,8428853ffffffff,73.5003923563849,2023
3694.9346313476562,53,8427925ffffffff,42.814615457919857,2023
385862.28576660156,53,8426ac5ffffffff,58.633249293464836,2023
18108.886657714844,53,8426161ffffffff,26.35633602190908,2023
2012212.3487915038,53,8428b19ffffffff,62.09522311134176,2023
3855743.941922775,53,8427185ffffffff,65.4809235146663,2023
7740.0975341796875,53,842605dffffffff,23.166413899665365,2023
7264880.2340456489,53,8426a89ffffffff,61.861204073335337,2023
4427.6270751953125,53,842883bffffffff,33.7302049473464,2023
17118633.78320935,53,8427869ffffffff,76.273089597026939,2023
13425029.655629594,53,8427aa5ffffffff,68.679124398037075,2023
24173.060546875,53,842602dffffffff,29.378486645713966,2023
12471.326904296875,53,842620dffffffff,27.351770369551797,2023
38371.9501953125,53,84278a9ffffffff,33.037368983569209,2023
3381.6138305664062,53,84260e3ffffffff,25.399887005284658,2023
876554.24756864656,53,84279e9ffffffff,77.7517145853212,2023
9913.1068115234375,53,8426039ffffffff,28.064854108092153,2023
143768.08801269531,53,8428939ffffffff,30.187652404237173,2023
1357.2728881835938,53,8426081ffffffff,57.5000010118017,2023
5487295.4495471427,53,8428881ffffffff,34.417393620388872,2023
1894.7120971679688,53,8428911ffffffff,33.342944582963938,2023
2856557.7024536133,53,842782bffffffff,41.446378338018533,2023
857049.55725097656,53,8428813ffffffff,54.411839887354226,2023
222331.24438476562,53,8427431ffffffff,38.805702441470658,2023
12840.715515136719,53,8428819ffffffff,39.250593002643669,2023
4799.328125,53,8412da1ffffffff,32.127434702570675,2023
663.7818603515625,53,8428b05ffffffff,14,2023
1915.2902221679688,53,8426313ffffffff,25.669225622659447,2023
102561.38696289062,53,842630bffffffff,57.041608459597249,2023
1238535.875640989,53,8427813ffffffff,42.889724334472966,2023
16011.93017578125,53,84289e3ffffffff,33.842880261431041,2023
86339.066082165285,53,842889dffffffff,30.888416800139336,2023
7099.593505859375,53,8427533ffffffff,28.09181041842081,2023
19403324.054216687,53,8427801ffffffff,78.188225454876175,2023
3924.890625,53,8428187ffffffff,29.501762464519313,2023
8385101.0081729665,53,84262c1ffffffff,63.67168739645696,2023
12230.704772949219,53,84260d7ffffffff,39.615974713678646,2023
94049.230346679688,53,84262d3ffffffff,44.955560099357093,2023
231294.56809297448,53,84288c3ffffffff,41.944374439109112,2023
17306.228332519531,53,84262b1ffffffff,38.997894995558823,2023
71241.879150390625,53,842632bffffffff,30.468000631698917,2023
47627.404543648518,53,84289b1ffffffff,46.828973763237116,2023
1963044.5208663638,53,8412cb9ffffffff,64.825560486216773,2023
168213.1279019225,53,8428937ffffffff,33.854573196328978,2023
5803.8731079101562,53,842895dffffffff,54.661170465990153,2023
72489.784545898438,53,8428985ffffffff,39.08258425724604,2023
2842904.9228515625,53,8427957ffffffff,82.4121378550445,2023
7464.20703125,53,8426181ffffffff,23.909390050668897,2023
1785.9523315429688,53,84270e3ffffffff,17.333333333333332,2023
13853.391296386719,53,8428a27ffffffff,39.335015140040532,2023
10322081.278930664,53,8426257ffffffff,67.829520432096317,2023
1157395.3877266678,53,84262e7ffffffff,47.719968185053737,2023
12875.847595214844,53,8428a95ffffffff,25.251828015323266,2023
32652913.127624512,53,8427981ffffffff,88.397746428422309,2023
8355.4061279296875,53,842606dffffffff,26.684056362799705,2023
511030.30255126953,53,8427193ffffffff,48.207803801378475,2023
35534.60546875,53,84278a5ffffffff,40.377996767551856,2023
1987.573486328125,53,842818dffffffff,29.677421763960428,2023
124055.78442382812,53,84279d1ffffffff,46.126107314790438,2023
8239628.4010871444,53,84288a1ffffffff,57.338892473280474,2023
22387653.05990852,53,84278c1ffffffff,72.769737247889211,2023
96326.103881835938,53,8426addffffffff,28.624120708595107,2023
35014.42626953125,53,8428aadffffffff,24.555820082947118,2023
23962970.702239875,53,842790bffffffff,69.3791058582129,2023
11129.963256835938,53,8426129ffffffff,28.830821038309814,2023
67806.4306640625,53,84262abffffffff,39.841851465032477,2023
3004.6036987304688,53,8428d0bffffffff,23.800079090056851,2023
12920.459777832031,53,84289e7ffffffff,42.226720454991636,2023
96357.2933959961,53,84279cdffffffff,37.703211252318134,2023
1608766.3507266773,53,8426307ffffffff,58.530168554764096,2023
5780817.2814941406,53,84278ddffffffff,72.865130236964063,2023
5872.866455078125,53,84262d7ffffffff,38.777713355510876,2023
136960.74719238281,53,8427599ffffffff,30.702438867757646,2023
5019975.793467802,53,84275e9ffffffff,81.8145042906323,2023
3226.6116333007812,53,84275edffffffff,22.999921535698466,2023
64558.068054199219,53,8426ad3ffffffff,31.810162335617662,2023
1316.84814453125,53,8428ac7ffffffff,59,2023
43022872.89134115,53,8412c93ffffffff,69.34558440266693,2023
15214.1591796875,53,8428ac5ffffffff,24.343043226784467,2023
90363.998033710552,53,8428809ffffffff,49.319276720957852,2023
6510.5675659179688,53,8412d8bffffffff,31.276496485079907,2023
130549.40209960938,53,8426241ffffffff,36.523039487055414,2023
1186567.83984375,53,8426201ffffffff,45.827016383616517,2023
1173605.3208211265,53,842884bffffffff,46.467479602395343,2023
987260.5634765625,53,8426127ffffffff,71.321988566861435,2023
2024.6636962890625,53,84260e7ffffffff,20.340242294049002,2023
24598.719360351562,53,8426135ffffffff,26.272706144802015,2023
437325.78656005859,53,8427581ffffffff,67.860851157456722,2023
21780.218505859375,53,84262a3ffffffff,45.067056386334649,2023
10344490.645535817,53,84278cbffffffff,73.981086339096763,2023
3204.6990356445312,53,8428803ffffffff,41.0003548561093,2023
47623.573608398438,53,84271bbffffffff,39.313140024045431,2023
49655.705200195312,53,8426253ffffffff,29.214515378879543,2023
12548.341918945312,53,8426125ffffffff,27.474034344151679,2023
20262.558407054228,53,84278e7ffffffff,39.183633126371738,2023
1222.892822265625,53,8428d59ffffffff,18.5006403014273,2023
2377593.1881103516,53,8426ac9ffffffff,44.213780743076882,2023
162396.21160888672,53,8426ad1ffffffff,29.409741059934813,2023
839558.50533088238,53,8426281ffffffff,47.708259661453219,2023
8770.1700439453125,53,8428f07ffffffff,38.142498396518526,2023
6362.4342651367188,53,8427515ffffffff,27.400001389073783,2023
743710.92534299369,53,8427421ffffffff,47.072112876945781,2023
14913984.849412635,53,842781bffffffff,77.695326720389588,2023
1181061.2092895508,53,8427899ffffffff,66.475822576687321,2023
17834.026008875229,53,8426327ffffffff,28.232896184597649,2023
8337.1507568359375,53,8412d83ffffffff,27.350230861285581,2023
25108.774597167969,53,8412d95ffffffff,38.40372981363317,2023
20918542.004203528,53,84275c3ffffffff,71.2089485384146,2023
1920.0447387695312,53,8427531ffffffff,19.666125734006151,2023
17307240.899197448,53,84289dbffffffff,74.520952732205643,2023
562911.90247850609,53,8428f43ffffffff,38.913005752972317,2023
5340.0277709960938,53,84260edffffffff,28.499955075386882,2023
69232.767211914062,53,8428ab3ffffffff,53.50039311928348,2023
617.24981689453125,53,842756dffffffff,35,2023
14387.656677246094,53,8428869ffffffff,35.727789892125678,2023
1346299.2551085229,53,842615bffffffff,57.438467546340796,2023
2973521.4875488281,53,8426369ffffffff,62.113729818745391,2023
14876472.316609221,53,842893dffffffff,69.243208218908379,2023
7379419.7396649523,53,8427867ffffffff,73.669835859336445,2023
233800.36475662532,53,842636dffffffff,32.820755269209137,2023
4987517.6245787386,53,842798dffffffff,60.988541792416683,2023
83122.817199707031,53,8428f01ffffffff,24.356436327561372,2023
19799.35009765625,53,8426183ffffffff,26.550846429421103,2023
2264251.0916123334,53,8427ab1ffffffff,69.768699049511483,2023
909905.60882281128,53,84275d9ffffffff,43.347658702308969,2023
1849.303466796875,53,84289d7ffffffff,56.003138652683717,2023
45599.244445800781,53,84279adffffffff,28.57051301438262,2023
62013.755920410156,53,8426325ffffffff,25.623278771480752,2023
52051.847045898438,53,84278a1ffffffff,38.295504704381862,2023
209318.56463623047,53,84262bbffffffff,46.62539026002036,2023
4441.8800659179688,53,8426311ffffffff,25.276077874992531,2023
1336.5494995117188,53,84260c5ffffffff,24.499499201457738,2023
14474.281799316406,53,84288dbffffffff,29.873599099338676,2023
65179.764587402344,53,8428d6dffffffff,28.814459930234467,2023
58625.265319824219,53,842782dffffffff,32.608384593167159,2023
496635.15341820812,53,8427435ffffffff,37.866957474706723,2023
1206835.027482575,53,842615dffffffff,53.73795687599489,2023
133956.76763916016,53,842890bffffffff,35.445217377587014,2023
3353.6148071289062,53,84261d9ffffffff,32.401965179211267,2023
83076.643138212312,53,8426153ffffffff,29.863917192425845,2023
1303.2962646484375,42,8426b69ffffffff,21,2022
625.92816162109375,42,84278d3ffffffff,21,2022
620.5201416015625,42,84289d1ffffffff,21,2022
626.0032958984375,42,842788dffffffff,21,2022
645.9061279296875,42,842880dffffffff,21,2022
1290.42236328125,42,8426043ffffffff,21,2022
1192.104736328125,42,8428d39ffffffff,21,2022
598.97821044921875,42,8412d95ffffffff,21,2022
653.45458984375,42,8428869ffffffff,21,2022
1221.5787353515625,42,8427aa7ffffffff,21,2023
1318.2679443359375,42,8426107ffffffff,21,2023
1266.7369384765625,42,8428831ffffffff,21,2023
675.026611328125,42,8426941ffffffff,21,2023
637.97479248046875,42,84288c9ffffffff,21,2023
1194.8079833984375,42,8427ae3ffffffff,21,2023
1186.619873046875,42,8427ae1ffffffff,21,2023
648.09002685546875,51,8428851ffffffff,21,2022
1292.4222412109375,51,8426061ffffffff,21,2022
1277.2919921875,51,842890dffffffff,21,2022
665.61566162109375,51,8428a21ffffffff,21,2022
1242.2694091796875,51,842636bffffffff,21,2023
1251.6461181640625,51,84289cbffffffff,21,2023
632.759765625,51,84279a9ffffffff,21,2023
591.3284912109375,52,8412de7ffffffff,21,2023
618.07421875,52,8428887ffffffff,21,2023
620.62310791015625,52,842635dffffffff,21,2023
1894.7227783203125,53,8428f57ffffffff,21,2022
1346.0823974609375,53,8426ae5ffffffff,21,2022
661.246826171875,53,8428a3bffffffff,21,2022
640.0740966796875,53,8426313ffffffff,21,2022
1310.1673583984375,53,84275adffffffff,21,2023
676.79302978515625,53,8426189ffffffff,21,2023
1283.5623779296875,53,8428aa7ffffffff,21,2023
1281.9898681640625,53,8428abbffffffff,21,2023
645.487548828125,53,842606bffffffff,21,2023
1903.355224609375,53,8428825ffffffff,21,2023
1312.2181396484375,53,8428ad1ffffffff,21,2023
650.80462646484375,42,842600dffffffff,22,2022
611.3792724609375,42,8427919ffffffff,22,2022
662.427001953125,42,8426b29ffffffff,22,2022
641.5718994140625,42,8428805ffffffff,22,2022
655.2723388671875,42,8426b63ffffffff,22,2023
640.6256103515625,42,8428abbffffffff,22,2023
647.19195556640625,42,8428aa9ffffffff,22,2023
1261.597900390625,51,84289c9ffffffff,22,2022
613.70916748046875,51,8426341ffffffff,22,2022
631.32025146484375,51,842883bffffffff,22,2022
624.9453125,51,842888bffffffff,22,2023
652.9898681640625,51,8428845ffffffff,22,2023
1197.481201171875,51,8428d2dffffffff,22,2023
2526.5758056640625,51,842632bffffffff,22,2023
1308.290283203125,51,842884bffffffff,22,2023
619.9473876953125,52,84289e5ffffffff,22,2022
1206.6396484375,53,84289a3ffffffff,22,2022
641.6246337890625,53,842604bffffffff,22,2022
659.207763671875,53,84275a5ffffffff,22,2022
622.1385498046875,53,8426263ffffffff,22,2022
641.99627685546875,53,8428f45ffffffff,22,2023
598.77813720703125,53,8428d29ffffffff,22,2023
637.28814697265625,53,84288cdffffffff,22,2023
1339.9132080078125,53,84260e9ffffffff,22,2023
604.37542724609375,53,8427083ffffffff,22,2023
1315.1077880859375,53,8428183ffffffff,22,2023
615.906005859375,42,842783bffffffff,24,2022
1204.7181396484375,42,8412dbbffffffff,24,2022
1211.8560791015625,42,8427725ffffffff,24,2022
1275.5078125,42,84278bdffffffff,24,2022
616.8935546875,42,84288adffffffff,24,2022
1283.9632568359375,42,842606dffffffff,24,2022
1881.2581787109375,42,84278e7ffffffff,24,2022
1192.575439453125,42,8427081ffffffff,24,2022
1301.28076171875,42,8428a81ffffffff,24,2023
1229.0821533203125,42,84288a5ffffffff,24,2023
1309.772705078125,42,8426a0bffffffff,24,2023
640.70477294921875,42,8428805ffffffff,24,2023
1275.10693359375,51,8428839ffffffff,24,2022
628.3443603515625,51,8426301ffffffff,24,2022
1298.7650146484375,51,842610dffffffff,24,2022
1216.7322998046875,51,8428987ffffffff,24,2022
608.46173095703125,51,84289abffffffff,24,2023
1258.2376708984375,51,8428835ffffffff,24,2023
92.3098690257353,51,8428a8dffffffff,24,2023
641.79730224609375,51,84278b3ffffffff,24,2023
595.53424072265625,52,8427adbffffffff,24,2023
1214.0892333984375,53,8428995ffffffff,24,2022
1206.4158935546875,53,84270a1ffffffff,24,2022
619.1678466796875,53,8428f31ffffffff,24,2023
1208.9432373046875,53,8427087ffffffff,24,2023
667.6273193359375,53,8428a1bffffffff,24,2023
1312.183837890625,53,8426021ffffffff,24,2023
1349.4253540039062,53,8426747ffffffff,24,2023
2490.5595703125,42,84278e5ffffffff,26,2022
1238.0623779296875,42,84288a9ffffffff,26,2022
1286.4063720703125,42,8428a95ffffffff,26,2022
1324.972412109375,42,8428b2dffffffff,26,2023
661.85699462890625,42,8428b29ffffffff,26,2023
1292.770751953125,42,8428943ffffffff,26,2023
1261.3057861328125,42,8428f67ffffffff,26,2023
1349.6678466796875,42,8426747ffffffff,26,2023
1245.684326171875,42,84289c7ffffffff,26,2023
1296.591064453125,42,8426a5dffffffff,26,2023
612.82720947265625,51,84288bbffffffff,26,2022
1302.8128662109375,51,8428845ffffffff,26,2022
641.80902099609375,51,842606dffffffff,26,2023
648.6051025390625,51,8428aadffffffff,26,2023
1247.6113891601562,52,8426355ffffffff,26,2022
629.8355712890625,52,8428831ffffffff,26,2022
638.85479736328125,52,8428f6dffffffff,26,2022
625.21295166015625,52,8428917ffffffff,26,2023
663.2752685546875,53,8428137ffffffff,26,2022
1286.6165771484375,53,842604bffffffff,26,2023
1992.0852661132812,53,842629bffffffff,26,2023
602.49285888671875,53,84289a7ffffffff,26,2023
663.421630859375,53,8428a23ffffffff,26,2023
1224.4219970703125,53,8427197ffffffff,26,2023
635.74700927734375,53,842799bffffffff,26,2023
1194.4068603515625,53,8428d15ffffffff,26,2023
1979.4010009765625,42,842601bffffffff,27,2022
1244.1744384765625,42,84279edffffffff,27,2023
1918.1958618164062,42,8427995ffffffff,27,2023
648.90869140625,42,8426063ffffffff,27,2023
1189.9622802734375,42,8412d9dffffffff,27,2023
1334.4669189453125,42,84260e9ffffffff,27,2023
1276.6798095703125,42,8427991ffffffff,27,2023
644.53582763671875,42,842606bffffffff,27,2023
625.73895263671875,51,84278dbffffffff,27,2022
684.6649169921875,51,84261abffffffff,27,2022
1240.5252685546875,51,84289ebffffffff,27,2022
671.19769287109375,51,84261e5ffffffff,27,2023
649.74053955078125,51,8426067ffffffff,27,2023
1265.893798828125,51,8427883ffffffff,27,2023
636.10455322265625,52,84279a5ffffffff,27,2022
639.88916015625,52,842882bffffffff,27,2022
1246.921142578125,52,84289edffffffff,27,2022
1270.3819580078125,52,84278bdffffffff,27,2023
1217.268798828125,52,84289a1ffffffff,27,2023
1309.5267333984375,53,8426029ffffffff,27,2022
636.05438232421875,53,842892dffffffff,27,2022
1775.009033203125,53,8428d17ffffffff,27,2022
641.15020751953125,53,8428829ffffffff,27,2023
636.68927001953125,53,8428815ffffffff,27,2023
667.78369140625,53,8428a07ffffffff,27,2023
1229.11279296875,53,842898bffffffff,27,2023
1307.041015625,53,842886dffffffff,27,2023
667.699951171875,42,8428a2dffffffff,29,2022
1229.11279296875,42,842898bffffffff,29,2022
594.5,42,8428d3dffffffff,29,2022
592.42401123046875,42,8412d81ffffffff,29,2022
676.38153076171875,42,842670dffffffff,29,2023
1324.4591064453125,42,8426b07ffffffff,29,2023
645.39739990234375,42,8428867ffffffff,29,2023
1276.5767822265625,51,8428ab5ffffffff,29,2022
1335.293701171875,51,8426a17ffffffff,29,2022
1287.1302490234375,51,8426141ffffffff,29,2022
1183.8570556640625,51,8427addffffffff,29,2023
627.02947998046875,51,8428913ffffffff,29,2023
629.450439453125,51,8427881ffffffff,29,2023
622.87835693359375,51,84289c5ffffffff,29,2023
1248.1748046875,52,84278dbffffffff,29,2022
599.23455810546875,52,8412d91ffffffff,29,2022
597.78302001953125,52,8412dadffffffff,29,2022
619.01605224609375,52,84289ebffffffff,29,2022
654.205322265625,52,8428ae1ffffffff,29,2022
655.020751953125,52,8428a37ffffffff,29,2022
1832.9090576171875,52,84271b5ffffffff,29,2022
647.3687744140625,52,8428853ffffffff,29,2022
1267.8582763671875,52,842892dffffffff,29,2023
1346.3531494140625,53,84261e5ffffffff,29,2022
634.61663818359375,53,8428839ffffffff,29,2022
1239.446044921875,53,842635dffffffff,29,2022
673.1710205078125,53,84261ebffffffff,29,2022
653.64666748046875,53,8426a51ffffffff,29,2023
1323.6744384765625,53,8428a3dffffffff,29,2023
1283.4190673828125,53,842882dffffffff,29,2023
625.200927734375,53,84289c1ffffffff,29,2023
1301.8800048828125,53,8426167ffffffff,29,2023
